COMID,comb_0001,comb_0002,comb_0003,comb_0004,comb_0005,comb_0006,comb_0007,comb_0008,comb_0009,comb_0010,comb_0011,comb_0012,comb_0013,comb_0014,comb_0015
71022153,0.0,0.0,0.0,0.07281491164730788,0.0,0.0,0.480597676269704,0.0,0.4465874120829881,0.0,0.0,0.0,0.0,0.0,0.0
71022160,0.0,0.0,0.0,0.0,0.0,0.0,1.0,0.0,0.0,0.0,0.0,0.0,0.0,0.0,0.0
71022164,0.0,0.0,0.0,0.0,0.0,0.0,0.93737247456633,0.0,0.0,0.06262752543367006,0.0,0.0,0.0,0.0,0.0
71022165,0.10864300833296917,0.0,0.0,0.0,0.0,0.06815290431072366,0.7192361081605622,0.0,0.0,0.10396797919574503,0.0,0.0,0.0,0.0,0.0
71022168,0.0,0.0,0.0,0.0,0.0,0.0,1.0,0.0,0.0,0.0,0.0,0.0,0.0,0.0,0.0
71022170,0.0,0.0,0.0,0.0,0.06885037679796215,0.0,0.9311496232020379,0.0,0.0,0.0,0.0,0.0,0.0,0.0,0.0
71022198,0.0,0.0,0.0,0.06984276223357129,0.0,0.0,0.6302709506868198,0.0,0.0,0.299886287079609,0.0,0.0,0.0,0.0,0.0
71022209,0.15038674525014753,0.0,0.0,0.0,0.0,0.0,0.8496132547498525,0.0,0.0,0.0,0.0,0.0,0.0,0.0,0.0
71022220,0.10974353947083008,0.0,0.0,0.13674095985566734,0.0,0.10957291659496445,0.6439425840785381,0.0,0.0,0.0,0.0,0.0,0.0,0.0,0.0
71022225,0.2747929566225029,0.0,0.0,0.11537546427463537,0.0,0.22876268404251235,0.38106889506034924,0.0,0.0,0.0,0.0,0.0,0.0,0.0,0.0
71022242,0.10101504190951756,0.0,0.0,0.1453912217059642,0.0,0.08143019830694148,0.6721635380775768,0.0,0.0,0.0,0.0,0.0,0.0,0.0,0.0
71022248,0.0,0.0,0.0,0.12364099798288355,0.0,0.0,0.8763590020171165,0.0,0.0,0.0,0.0,0.0,0.0,0.0,0.0
71022253,0.1367521749495068,0.0,0.0,0.1603502083972416,0.0,0.0,0.6329541523647314,0.0,0.06994346428852018,0.0,0.0,0.0,0.0,0.0,0.0
71022302,0.0,0.0,0.0,0.0,0.0,0.0,1.0,0.0,0.0,0.0,0.0,0.0,0.0,0.0,0.0
71022305,0.0,0.0,0.0,0.0,0.0,0.0,1.0,0.0,0.0,0.0,0.0,0.0,0.0,0.0,0.0
71022365,0.08853175318704373,0.0,0.0,0.11449082355308592,0.0,0.09161178125757999,0.643516943907603,0.0,0.0,0.0618486980946873,0.0,0.0,0.0,0.0,0.0
71022407,0.0,0.0,0.0,0.10554179325542222,0.0,0.0,0.8944582067445778,0.0,0.0,0.0,0.0,0.0,0.0,0.0,0.0
71022409,0.40089964653999033,0.0,0.0,0.20172870118065422,0.10289412341841796,0.07475242998632632,0.21972509887461125,0.0,0.0,0.0,0.0,0.0,0.0,0.0,0.0
71022426,0.0,0.0,0.0,0.08907990911702555,0.06755141889354813,0.0,0.6503916006914566,0.0,0.1929770712979698,0.0,0.0,0.0,0.0,0.0,0.0
71022435,0.08794931860915679,0.0,0.0,0.16910639040518313,0.061024812430265266,0.0,0.5850839852079245,0.0,0.0,0.09683549334747027,0.0,0.0,0.0,0.0,0.0
71022444,0.0,0.0,0.0,0.0,0.0,0.0,0.9253389678063929,0.0,0.07466103219360716,0.0,0.0,0.0,0.0,0.0,0.0
71022454,0.10257835347283924,0.0,0.0,0.13759894021672786,0.08751975685997967,0.10365410495090166,0.5686488444995517,0.0,0.0,0.0,0.0,0.0,0.0,0.0,0.0
71022635,0.0,0.0,0.0,0.0,0.0,0.0,1.0,0.0,0.0,0.0,0.0,0.0,0.0,0.0,0.0
71022639,0.0,0.0,0.0,0.06398625382242719,0.07504112325033066,0.0,0.8053121319959752,0.0,0.0,0.05566049093126706,0.0,0.0,0.0,0.0,0.0
71022647,0.0,0.0,0.0,0.056605004876833794,0.0,0.0,0.9433949951231662,0.0,0.0,0.0,0.0,0.0,0.0,0.0,0.0
71022661,0.0,0.0,0.0,0.18102801159050638,0.0,0.0,0.8189719884094936,0.0,0.0,0.0,0.0,0.0,0.0,0.0,0.0
71022679,0.0,0.0,0.0,0.08343356390866469,0.0,0.0,0.859584317749163,0.0,0.0,0.056982118342172414,0.0,0.0,0.0,0.0,0.0
71022693,0.0,0.0,0.0,0.0,0.0,0.0,1.0,0.0,0.0,0.0,0.0,0.0,0.0,0.0,0.0
71022754,0.0,0.0,0.0,0.0,0.0,0.0,0.9236740061478835,0.0,0.07632599385211641,0.0,0.0,0.0,0.0,0.0,0.0
71022780,0.0,0.0,0.0,0.0,0.0,0.0,0.924970352132423,0.0,0.075029647867577,0.0,0.0,0.0,0.0,0.0,0.0
71022911,0.0,0.0,0.0,0.10018144741926475,0.0,0.0,0.829613111188352,0.0,0.07020544139238324,0.0,0.0,0.0,0.0,0.0,0.0
71022945,0.0,0.0,0.0,0.1301325703619606,0.0,0.08914996715751464,0.695190051051678,0.0,0.08552741142884682,0.0,0.0,0.0,0.0,0.0,0.0
71022992,0.0,0.0,0.0,0.10060650240581402,0.0,0.05961769656730217,0.7796797499930327,0.0,0.06009605103385121,0.0,0.0,0.0,0.0,0.0,0.0
71023020,0.0,0.0,0.0,0.09440370229336768,0.0,0.0,0.8288695245363411,0.0,0.07672677317029125,0.0,0.0,0.0,0.0,0.0,0.0
71023103,0.0,0.0,0.0,0.11648498479941403,0.0,0.0,0.883515015200586,0.0,0.0,0.0,0.0,0.0,0.0,0.0,0.0
71023104,0.0,0.0,0.0,0.08312290335580803,0.0,0.0,0.8570694524240736,0.0,0.05980764422011832,0.0,0.0,0.0,0.0,0.0,0.0
71023181,0.0,0.0,0.0,0.0,0.0,0.0,1.0,0.0,0.0,0.0,0.0,0.0,0.0,0.0,0.0
71023309,0.0,0.0,0.0,0.12060963784672309,0.0,0.0,0.8793903621532769,0.0,0.0,0.0,0.0,0.0,0.0,0.0,0.0
71023477,0.0,0.0,0.0,0.08372765416070803,0.0,0.06628393826403052,0.8499884075752614,0.0,0.0,0.0,0.0,0.0,0.0,0.0,0.0
71023591,0.0,0.0,0.0,0.11041500302459496,0.0,0.0,0.889584996975405,0.0,0.0,0.0,0.0,0.0,0.0,0.0,0.0
71023606,0.0,0.0,0.0,0.06211583300018071,0.0,0.0,0.6850290660485433,0.0,0.11700719129648653,0.13584790965478943,0.0,0.0,0.0,0.0,0.0
71023674,0.0,0.0,0.0,0.09715063787882687,0.0,0.0,0.9028493621211732,0.0,0.0,0.0,0.0,0.0,0.0,0.0,0.0
71023778,0.0,0.0,0.08951060696158358,0.13223468262363905,0.0,0.0,0.7225042051526578,0.0,0.05575050526211966,0.0,0.0,0.0,0.0,0.0,0.0
71023889,0.0,0.0,0.0,0.0,0.0,0.0,0.9397216525433134,0.0,0.06027834745668653,0.0,0.0,0.0,0.0,0.0,0.0
71023895,0.0,0.0,0.06251784545788439,0.16864828834327217,0.0,0.07109203383546897,0.6977418323633745,0.0,0.0,0.0,0.0,0.0,0.0,0.0,0.0
71023936,0.1351191261269818,0.0,0.12090840194890848,0.17522839321293524,0.0,0.11335333870640472,0.45539074000476976,0.0,0.0,0.0,0.0,0.0,0.0,0.0,0.0
71023982,0.0642931843575055,0.0,0.0,0.13499994377802618,0.0,0.06087400586485669,0.7398328659996116,0.0,0.0,0.0,0.0,0.0,0.0,0.0,0.0
71023994,0.0,0.0,0.0,0.05284124566292793,0.0,0.0,0.5921515474154935,0.0,0.15532329116405452,0.199683915757524,0.0,0.0,0.0,0.0,0.0
71024080,0.11455866789318885,0.0,0.0,0.2532792399021922,0.0,0.0,0.632162092204619,0.0,0.0,0.0,0.0,0.0,0.0,0.0,0.0
71024082,0.0,0.0,0.0,0.09881714205195372,0.0,0.0,0.8319720431858517,0.0,0.06921081476219458,0.0,0.0,0.0,0.0,0.0,0.0
71024128,0.0,0.0,0.0,0.17753920930570088,0.0,0.0,0.7572135115450677,0.0,0.0652472791492316,0.0,0.0,0.0,0.0,0.0,0.0
71024198,0.0,0.0,0.0,0.05215736615578698,0.0,0.0,0.8873403483146987,0.0,0.060502285529514255,0.0,0.0,0.0,0.0,0.0,0.0
71024229,0.0,0.0,0.0,0.0,0.0,0.0,0.9315138049223771,0.0,0.0684861950776229,0.0,0.0,0.0,0.0,0.0,0.0
71024292,0.0,0.0,0.0,0.10037053474638061,0.0,0.0,0.8398324704834864,0.0,0.059796994770133005,0.0,0.0,0.0,0.0,0.0,0.0
71024386,0.0,0.0,0.0,0.0,0.0,0.0,0.9454045709800393,0.0,0.05459542901996076,0.0,0.0,0.0,0.0,0.0,0.0
71024448,0.06729377733496665,0.0,0.09538421243256091,0.41361059579488435,0.0,0.0,0.4237114144375882,0.0,0.0,0.0,0.0,0.0,0.0,0.0,0.0
71024474,0.153849463642581,0.0,0.14519644664932022,0.40024405140944624,0.0,0.0896404689116765,0.21106956938697602,0.0,0.0,0.0,0.0,0.0,0.0,0.0,0.0
71024483,0.06749543440479149,0.0,0.0,0.24589227884676518,0.06195281046459461,0.06990407154733606,0.5547554047365127,0.0,0.0,0.0,0.0,0.0,0.0,0.0,0.0
71024488,0.11769450845827686,0.0,0.0,0.23982698122505774,0.0,0.0891317248178103,0.553346785498855,0.0,0.0,0.0,0.0,0.0,0.0,0.0,0.0
71024578,0.0,0.0,0.0,0.0,0.0,0.0,0.9427757645542939,0.0,0.057224235445706026,0.0,0.0,0.0,0.0,0.0,0.0
71024598,0.0,0.0,0.0,0.12079342569388336,0.0,0.0,0.8792065743061167,0.0,0.0,0.0,0.0,0.0,0.0,0.0,0.0
71024619,0.09562618909117582,0.0,0.0,0.08942958337446398,0.0,0.0,0.7504552044844229,0.0,0.06448902304993734,0.0,0.0,0.0,0.0,0.0,0.0
71024720,0.0,0.0,0.0,0.15215404516823458,0.0,0.056500028635806845,0.7913459261959586,0.0,0.0,0.0,0.0,0.0,0.0,0.0,0.0
71024795,0.06188715269403619,0.0,0.0,0.17613244087820967,0.0,0.09392612164318674,0.6680542847845674,0.0,0.0,0.0,0.0,0.0,0.0,0.0,0.0
71024843,0.0,0.0,0.0,0.0,0.0,0.0,1.0,0.0,0.0,0.0,0.0,0.0,0.0,0.0,0.0
71024862,0.0,0.0,0.0,0.19027891971098385,0.0,0.0,0.8097210802890162,0.0,0.0,0.0,0.0,0.0,0.0,0.0,0.0
71024996,0.0,0.0,0.0,0.07040905367135446,0.0,0.0,0.9295909463286456,0.0,0.0,0.0,0.0,0.0,0.0,0.0,0.0
71025043,0.0,0.0,0.0,0.05482532840824705,0.0,0.0,0.8782443777121219,0.0,0.06693029387963113,0.0,0.0,0.0,0.0,0.0,0.0
71025044,0.0,0.0,0.0,0.23840749927710667,0.0,0.0,0.7615925007228934,0.0,0.0,0.0,0.0,0.0,0.0,0.0,0.0
71025052,0.09289881259167418,0.0,0.0,0.16015627300694593,0.0,0.08630394755269792,0.660640966848682,0.0,0.0,0.0,0.0,0.0,0.0,0.0,0.0
71025086,0.0,0.0,0.0,0.0,0.0,0.0,1.0,0.0,0.0,0.0,0.0,0.0,0.0,0.0,0.0
71025125,0.10129333045452495,0.0,0.0,0.17988070333734102,0.0,0.14765067173002033,0.5138854366265259,0.0,0.0,0.05728985785158777,0.0,0.0,0.0,0.0,0.0
71025142,0.0,0.0,0.0,0.13375442451668226,0.0,0.0,0.8662455754833177,0.0,0.0,0.0,0.0,0.0,0.0,0.0,0.0
71025201,0.0,0.0,0.0,0.0,0.0,0.0,0.8093642283160989,0.0,0.0,0.1906357716839012,0.0,0.0,0.0,0.0,0.0
71025219,0.0,0.0,0.0,0.1594133209200346,0.0,0.0,0.8405866790799654,0.0,0.0,0.0,0.0,0.0,0.0,0.0,0.0
71025298,0.0,0.0,0.0,0.07231472390972979,0.0,0.0,0.8729867309473179,0.0,0.05469854514295222,0.0,0.0,0.0,0.0,0.0,0.0
71025323,0.0,0.0,0.0,0.0,0.0,0.0,0.6766799486491204,0.0,0.24181500462089817,0.08150504672998143,0.0,0.0,0.0,0.0,0.0
71025411,0.0,0.0,0.0,0.07743568001960473,0.0,0.0,0.9225643199803953,0.0,0.0,0.0,0.0,0.0,0.0,0.0,0.0
71025440,0.0,0.0,0.0,0.19345374735602083,0.0,0.11684637909226636,0.6896998735517128,0.0,0.0,0.0,0.0,0.0,0.0,0.0,0.0
71025547,0.0,0.0,0.0,0.06106073328611435,0.0,0.0,0.5359130684499993,0.0,0.0,0.40302619826388636,0.0,0.0,0.0,0.0,0.0
71025568,0.0,0.0,0.0,0.06784413940057044,0.0,0.0,0.9321558605994296,0.0,0.0,0.0,0.0,0.0,0.0,0.0,0.0
71025583,0.0884349122561762,0.0,0.0,0.16516767305354763,0.0,0.12335831357963167,0.6230391011106445,0.0,0.0,0.0,0.0,0.0,0.0,0.0,0.0
71025693,0.0,0.0,0.0720321933992634,0.11573253884761056,0.0,0.0,0.7294043461469174,0.0,0.0,0.08283092160620871,0.0,0.0,0.0,0.0,0.0
71025799,0.0693255251110079,0.0,0.0645244703125966,0.23006360491889927,0.0,0.0,0.6360863996574962,0.0,0.0,0.0,0.0,0.0,0.0,0.0,0.0
71025839,0.0,0.0,0.0850720664437016,0.28296318458473246,0.0,0.0,0.631964748971566,0.0,0.0,0.0,0.0,0.0,0.0,0.0,0.0
71025869,0.0,0.0,0.0,0.07170217525954273,0.0,0.0,0.8576783878201079,0.0,0.0706194369203493,0.0,0.0,0.0,0.0,0.0,0.0
71025911,0.08105421938473133,0.0,0.1012801444671778,0.2387513219237147,0.0,0.09591590982683454,0.48299840439754177,0.0,0.0,0.0,0.0,0.0,0.0,0.0,0.0
71026015,0.27490586461975003,0.0,0.08021307757256906,0.21645485269478285,0.0,0.11172684461884211,0.3166993604940558,0.0,0.0,0.0,0.0,0.0,0.0,0.0,0.0
71026036,0.07268898619752019,0.0,0.10045287147053922,0.22110803970378923,0.0,0.08211443515108613,0.5236356674770652,0.0,0.0,0.0,0.0,0.0,0.0,0.0,0.0
71026037,0.11508622006751848,0.0,0.07153675537977709,0.19301466143764184,0.0,0.08521930125029821,0.5351430618647643,0.0,0.0,0.0,0.0,0.0,0.0,0.0,0.0
71026134,0.0,0.0,0.0,0.0,0.0,0.0,1.0,0.0,0.0,0.0,0.0,0.0,0.0,0.0,0.0
71026193,0.0,0.0,0.0,0.06458963401101481,0.0,0.06331781329999987,0.8720925526889853,0.0,0.0,0.0,0.0,0.0,0.0,0.0,0.0
71026196,0.0651642211433938,0.08802731910380147,0.14849792424997904,0.25540775370135904,0.0,0.1040208876854657,0.338881894116001,0.0,0.0,0.0,0.0,0.0,0.0,0.0,0.0
71026344,0.1424427303029615,0.05409180392477596,0.18416808205992352,0.16870093785561682,0.0,0.16492349770677697,0.2856729481499452,0.0,0.0,0.0,0.0,0.0,0.0,0.0,0.0
71026572,0.2969772557649482,0.059046291925389974,0.1745968896938036,0.12485562302699325,0.0,0.14911325794464517,0.19541068164421976,0.0,0.0,0.0,0.0,0.0,0.0,0.0,0.0
71026700,0.4251306681830912,0.08740880880574996,0.24761073376541395,0.08550170626993123,0.0,0.15434808297581368,0.0,0.0,0.0,0.0,0.0,0.0,0.0,0.0,0.0
71026853,0.34684044361271127,0.0,0.30270005229036767,0.15357880882134145,0.0,0.13999396181986876,0.05688673345571083,0.0,0.0,0.0,0.0,0.0,0.0,0.0,0.0
71027942,0.0,0.0,0.0,0.13299121431664207,0.14324180817490104,0.0,0.05452181289370843,0.0,0.6692451646147485,0.0,0.0,0.0,0.0,0.0,0.0
71027957,0.0,0.0,0.0,0.23423469549385184,0.41038122874654687,0.0,0.223935670898826,0.0,0.13144840486077522,0.0,0.0,0.0,0.0,0.0,0.0
71027962,0.0,0.0,0.0,0.16713406848534398,0.2518826455529621,0.0,0.0,0.0,0.4862308525280099,0.09475243343368406,0.0,0.0,0.0,0.0,0.0
71027963,0.0,0.0,0.0,0.1525083520838399,0.3437920456835175,0.0,0.06301628614316925,0.0,0.4406833160894735,0.0,0.0,0.0,0.0,0.0,0.0
71027969,0.0,0.0,0.0,0.4446319200713299,0.34705785211593915,0.0,0.20831022781273104,0.0,0.0,0.0,0.0,0.0,0.0,0.0,0.0
71027979,0.0,0.0,0.0,0.44369969758766203,0.4013223718636109,0.0,0.15497793054872713,0.0,0.0,0.0,0.0,0.0,0.0,0.0,0.0
71027981,0.0,0.0,0.0,0.49609034462524765,0.3372999535314792,0.0,0.0,0.0,0.09945082129515483,0.0671588805481184,0.0,0.0,0.0,0.0,0.0
71027992,0.0,0.0,0.0,0.5539782262259766,0.36550372985267005,0.0,0.0,0.0,0.0,0.08051804392135341,0.0,0.0,0.0,0.0,0.0
71028007,0.10809787943467025,0.0,0.0,0.4301280971365457,0.27560936624536186,0.0,0.0,0.0,0.062016939617163425,0.12414771756625866,0.0,0.0,0.0,0.0,0.0
71028014,0.08798805860878095,0.0,0.0,0.32423720560643204,0.3598368532549172,0.0,0.0,0.0,0.22793788252986985,0.0,0.0,0.0,0.0,0.0,0.0
71028023,0.20024423688821094,0.0,0.0,0.3459530207722648,0.31539449246848716,0.0,0.0,0.0,0.13840824987103711,0.0,0.0,0.0,0.0,0.0,0.0
71028027,0.1486613068309947,0.0,0.0,0.1881048935722047,0.47041142904769095,0.0,0.0,0.0,0.19282237054910947,0.0,0.0,0.0,0.0,0.0,0.0
71028039,0.32390547675908377,0.0,0.0,0.44144982534058125,0.17382425789783684,0.0,0.0,0.0,0.0,0.060820440002498116,0.0,0.0,0.0,0.0,0.0
71028054,0.52602699245672,0.0,0.0,0.1051694890537941,0.13629153109209083,0.0,0.0,0.2325119873973951,0.0,0.0,0.0,0.0,0.0,0.0,0.0
71028062,0.0,0.0,0.0,0.457615475062038,0.3010141112942218,0.0,0.24137041364374032,0.0,0.0,0.0,0.0,0.0,0.0,0.0,0.0
71028073,0.4658927250290559,0.0,0.0,0.0,0.09099834109909631,0.0,0.0,0.3045118589122881,0.06675120323959256,0.07184587171996709,0.0,0.0,0.0,0.0,0.0
71028095,0.5808249393775439,0.0,0.0,0.0546672454183717,0.07731276667251101,0.0,0.0,0.21195749678457826,0.07523755174699519,0.0,0.0,0.0,0.0,0.0,0.0
71028097,0.0,0.0,0.0,0.4641006341356924,0.2682708995587985,0.0,0.20372687350794255,0.0,0.06390159279756646,0.0,0.0,0.0,0.0,0.0,0.0
71028132,0.2047835495847258,0.0,0.0,0.5354059972634626,0.19421875128242239,0.0,0.06559170186938933,0.0,0.0,0.0,0.0,0.0,0.0,0.0,0.0
71028140,0.586087892972067,0.0,0.0,0.0,0.12193028587240443,0.0,0.0,0.23573387571144902,0.056247945444079704,0.0,0.0,0.0,0.0,0.0,0.0
71028159,0.6373181503522876,0.0,0.0,0.0,0.05622443430976358,0.0,0.0,0.30645741533794874,0.0,0.0,0.0,0.0,0.0,0.0,0.0
71028189,0.6207128709270997,0.0,0.0,0.0,0.0,0.0,0.0,0.18697059007780734,0.0739196138110261,0.11839692518406687,0.0,0.0,0.0,0.0,0.0
71028215,0.44097726547419624,0.0,0.0,0.4842233424299936,0.07479939209581014,0.0,0.0,0.0,0.0,0.0,0.0,0.0,0.0,0.0,0.0
71028221,0.692761370997511,0.0,0.0,0.0,0.0,0.0,0.0,0.30723862900248894,0.0,0.0,0.0,0.0,0.0,0.0,0.0
71028249,0.5693500412456128,0.0,0.0,0.2142146606215067,0.13513310176728205,0.0,0.0,0.0,0.08130219636559849,0.0,0.0,0.0,0.0,0.0,0.0
71028304,0.5712364875385358,0.0,0.0,0.1320698411334473,0.10769998927113293,0.0,0.0,0.12235239856710307,0.0,0.06664128348978085,0.0,0.0,0.0,0.0,0.0
71028311,0.5450148148424332,0.0,0.0,0.0,0.1593491705694221,0.0,0.0,0.29563601458814476,0.0,0.0,0.0,0.0,0.0,0.0,0.0
71028377,0.6916877024952636,0.0,0.0,0.17537759651167964,0.1329347009930568,0.0,0.0,0.0,0.0,0.0,0.0,0.0,0.0,0.0,0.0
71028380,0.7682900103721684,0.0,0.0,0.1297112498301619,0.10199873979766967,0.0,0.0,0.0,0.0,0.0,0.0,0.0,0.0,0.0,0.0
71028490,0.13476446390541968,0.0,0.0,0.19008507061032534,0.098840136471623,0.07009605256112714,0.5062142764515049,0.0,0.0,0.0,0.0,0.0,0.0,0.0,0.0
71028494,0.08977906999470442,0.0,0.0,0.2656188240298504,0.0654948020029163,0.08407886144686141,0.4950284425256674,0.0,0.0,0.0,0.0,0.0,0.0,0.0,0.0
71028498,0.12051762110021928,0.0,0.0,0.21659027867652525,0.07556245589037207,0.0,0.5873296443328834,0.0,0.0,0.0,0.0,0.0,0.0,0.0,0.0
71028505,0.1095964795278312,0.0,0.0,0.23673025515608784,0.07304713957443967,0.0,0.471298348512591,0.0,0.10932777722905022,0.0,0.0,0.0,0.0,0.0,0.0
71028510,0.28553506609913437,0.0,0.0,0.13916702544794018,0.1447934851398944,0.0,0.36678036082725585,0.0,0.06372406248577508,0.0,0.0,0.0,0.0,0.0,0.0
71028524,0.06905285440230813,0.0,0.0,0.3256375829405954,0.120310975002413,0.055694550104800324,0.3135530876859832,0.0,0.05826868821181975,0.05748226165208016,0.0,0.0,0.0,0.0,0.0
71028526,0.21179340608423694,0.0,0.0,0.22279583438877204,0.12175259754640273,0.0,0.3570163962346754,0.0,0.0,0.0866417657459128,0.0,0.0,0.0,0.0,0.0
71028531,0.21440808426775385,0.0,0.0,0.1805893583214158,0.0,0.0861752610514834,0.40951405456101764,0.0,0.0,0.10931324179832932,0.0,0.0,0.0,0.0,0.0
71028546,0.0,0.0,0.0,0.11438560718411275,0.0,0.0,0.8856143928158873,0.0,0.0,0.0,0.0,0.0,0.0,0.0,0.0
71028558,0.5200045153611373,0.0,0.08202052344166644,0.3979749611971962,0.0,0.0,0.0,0.0,0.0,0.0,0.0,0.0,0.0,0.0,0.0
71028580,0.0,0.0,0.0,0.1083704046467092,0.0,0.0,0.8916295953532908,0.0,0.0,0.0,0.0,0.0,0.0,0.0,0.0
71028585,0.5579467904722497,0.0,0.0,0.0,0.0,0.0,0.0,0.0,0.44205320952775035,0.0,0.0,0.0,0.0,0.0,0.0
71028597,0.4513259437602649,0.0,0.0,0.10410005413547625,0.1104323750701758,0.0,0.0,0.22213724432703325,0.0,0.11200438270704977,0.0,0.0,0.0,0.0,0.0
71028598,0.6473668359353898,0.0,0.0,0.35263316406461026,0.0,0.0,0.0,0.0,0.0,0.0,0.0,0.0,0.0,0.0,0.0
71028609,0.6505842213998018,0.0,0.0,0.0,0.07279020221991356,0.0,0.0,0.2766255763802847,0.0,0.0,0.0,0.0,0.0,0.0,0.0
71028657,0.5943700207868808,0.0,0.0,0.25145495461028483,0.15417502460283422,0.0,0.0,0.0,0.0,0.0,0.0,0.0,0.0,0.0,0.0
71028663,0.4920121122879506,0.0,0.0,0.10860002675919886,0.39938786095285056,0.0,0.0,0.0,0.0,0.0,0.0,0.0,0.0,0.0,0.0
71028675,0.0,0.0,0.0,0.06951598418609034,0.0,0.0,0.9304840158139097,0.0,0.0,0.0,0.0,0.0,0.0,0.0,0.0
71028676,0.5848448795008943,0.0,0.0,0.0,0.1294952496612219,0.0,0.0,0.28565987083788386,0.0,0.0,0.0,0.0,0.0,0.0,0.0
71028681,1.0,0.0,0.0,0.0,0.0,0.0,0.0,0.0,0.0,0.0,0.0,0.0,0.0,0.0,0.0
71028685,0.5633189429008824,0.0,0.0,0.07553013141679642,0.26263878521920536,0.0,0.0,0.0,0.0985121404631158,0.0,0.0,0.0,0.0,0.0,0.0
71028699,1.0,0.0,0.0,0.0,0.0,0.0,0.0,0.0,0.0,0.0,0.0,0.0,0.0,0.0,0.0
71028700,0.9111253960575346,0.0,0.0,0.0,0.0,0.0,0.0,0.0888746039424654,0.0,0.0,0.0,0.0,0.0,0.0,0.0
71028722,0.0819900938650677,0.0,0.0,0.2167061381557914,0.0,0.0,0.7013037679791408,0.0,0.0,0.0,0.0,0.0,0.0,0.0,0.0
71028727,0.11089504226392817,0.0,0.0,0.2827050362955041,0.0,0.056259987451418456,0.4946405161419112,0.0,0.055499417847238094,0.0,0.0,0.0,0.0,0.0,0.0
71028734,0.16310154628985818,0.0,0.0,0.23457342429810943,0.09408617761567113,0.0,0.5082388517963613,0.0,0.0,0.0,0.0,0.0,0.0,0.0,0.0
71028740,0.8120904983874276,0.0,0.0,0.0,0.0,0.0,0.0,0.18790950161257244,0.0,0.0,0.0,0.0,0.0,0.0,0.0
71028757,0.1516052979665674,0.0,0.0,0.4044084844261322,0.35472359410214993,0.0,0.0,0.0,0.0,0.08926262350515049,0.0,0.0,0.0,0.0,0.0
71028795,0.0,0.0,0.0,0.09361930639325602,0.0,0.0,0.906380693606744,0.0,0.0,0.0,0.0,0.0,0.0,0.0,0.0
71028833,0.5205231353049494,0.0,0.0,0.3484940898454825,0.1309827748495681,0.0,0.0,0.0,0.0,0.0,0.0,0.0,0.0,0.0,0.0
71028835,0.0,0.0,0.0,0.0,0.0,0.0,0.9370252395306782,0.0,0.06297476046932188,0.0,0.0,0.0,0.0,0.0,0.0
71028847,0.6372399626544326,0.0,0.0,0.06363736693087434,0.15293288163154578,0.0,0.0,0.14618978878314723,0.0,0.0,0.0,0.0,0.0,0.0,0.0
71028852,0.8130300425300228,0.0,0.0,0.0,0.0,0.0,0.0,0.1869699574699773,0.0,0.0,0.0,0.0,0.0,0.0,0.0
71028865,0.5839978645599976,0.0,0.0,0.19548287134489278,0.22051926409510966,0.0,0.0,0.0,0.0,0.0,0.0,0.0,0.0,0.0,0.0
71028867,0.09864155215225563,0.0,0.0,0.22523253274399038,0.0553399842908204,0.0,0.6207859308129335,0.0,0.0,0.0,0.0,0.0,0.0,0.0,0.0
71028893,0.0,0.0,0.0,0.0915829100963089,0.0,0.0,0.9084170899036911,0.0,0.0,0.0,0.0,0.0,0.0,0.0,0.0
71028904,0.9019475912519073,0.0,0.0,0.0,0.0,0.0,0.0,0.09805240874809273,0.0,0.0,0.0,0.0,0.0,0.0,0.0
71028945,0.0,0.0,0.0,0.1261042061490847,0.0,0.0,0.8738957938509152,0.0,0.0,0.0,0.0,0.0,0.0,0.0,0.0
71028957,0.9327560511485458,0.0,0.0,0.0,0.0,0.0,0.0,0.06724394885145424,0.0,0.0,0.0,0.0,0.0,0.0,0.0
71028961,0.61470972478377,0.0,0.0,0.0,0.19958024030637775,0.0,0.0,0.18571003490985233,0.0,0.0,0.0,0.0,0.0,0.0,0.0
71028963,0.09596723901351607,0.0,0.0,0.2891310002022946,0.0928565292279373,0.0,0.5220452315562519,0.0,0.0,0.0,0.0,0.0,0.0,0.0,0.0
71028968,0.5098777478089352,0.0,0.0,0.34105951398422707,0.14906273820683763,0.0,0.0,0.0,0.0,0.0,0.0,0.0,0.0,0.0,0.0
71028974,0.8161389434586779,0.0,0.0,0.0,0.11092716639277016,0.0,0.0,0.07293389014855195,0.0,0.0,0.0,0.0,0.0,0.0,0.0
71028975,0.0,0.0,0.0,0.0,0.0,0.0,1.0,0.0,0.0,0.0,0.0,0.0,0.0,0.0,0.0
71029016,0.8564114643428499,0.0,0.0,0.0,0.0,0.0,0.0,0.0,0.14358853565715018,0.0,0.0,0.0,0.0,0.0,0.0
71029022,0.37781158393590003,0.0,0.0,0.0,0.0,0.0,0.0,0.0,0.6221884160641,0.0,0.0,0.0,0.0,0.0,0.0
71029028,0.39952743433236587,0.0,0.0,0.22131482995320959,0.08780346556119964,0.0,0.29135427015322496,0.0,0.0,0.0,0.0,0.0,0.0,0.0,0.0
71029042,0.5764054869511096,0.0,0.0,0.1374014193105514,0.1411989801688196,0.0,0.0,0.06704727197733194,0.0,0.07794684159218744,0.0,0.0,0.0,0.0,0.0
71029057,0.30890267018629713,0.0,0.06899276822726075,0.40914560597590616,0.052421374134707974,0.07913957248438562,0.08139800899144232,0.0,0.0,0.0,0.0,0.0,0.0,0.0,0.0
71029064,0.8961958255685621,0.0,0.0,0.0,0.10380417443143786,0.0,0.0,0.0,0.0,0.0,0.0,0.0,0.0,0.0,0.0
71029071,0.865957276528973,0.0,0.0,0.0,0.0,0.0,0.0,0.0,0.134042723471027,0.0,0.0,0.0,0.0,0.0,0.0
71029118,0.6207468540818935,0.0,0.0,0.0,0.1290611868481305,0.0,0.0,0.25019195906997593,0.0,0.0,0.0,0.0,0.0,0.0,0.0
71029134,0.40705532211874373,0.0,0.08996467710204806,0.3515129318234619,0.0,0.0,0.15146706895574638,0.0,0.0,0.0,0.0,0.0,0.0,0.0,0.0
71029150,0.467543351225205,0.0,0.06351196697911675,0.46894468179567816,0.0,0.0,0.0,0.0,0.0,0.0,0.0,0.0,0.0,0.0,0.0
71029158,0.7846803081651669,0.0,0.0,0.0,0.0,0.0,0.0,0.21531969183483304,0.0,0.0,0.0,0.0,0.0,0.0,0.0
71029189,0.4519040523206545,0.0,0.0,0.11224687460628034,0.060242058609568654,0.0,0.0,0.3756070144634964,0.0,0.0,0.0,0.0,0.0,0.0,0.0
71029203,0.43126170123687574,0.0,0.0,0.0,0.10382873635210164,0.0,0.0,0.4649095624110227,0.0,0.0,0.0,0.0,0.0,0.0,0.0
71029212,0.43926737020999823,0.0,0.05986317202436949,0.3626452656406834,0.0,0.0,0.138224192124949,0.0,0.0,0.0,0.0,0.0,0.0,0.0,0.0
71029225,0.5238331737831043,0.0,0.0,0.3444551403815822,0.0,0.13171168583531348,0.0,0.0,0.0,0.0,0.0,0.0,0.0,0.0,0.0
71029334,0.0,0.0,0.0,0.0,0.0,0.0,1.0,0.0,0.0,0.0,0.0,0.0,0.0,0.0,0.0
71029335,0.5503516060332921,0.0,0.0,0.0,0.19161040282627112,0.0,0.0,0.25803799114043663,0.0,0.0,0.0,0.0,0.0,0.0,0.0
71029380,0.11267659117884636,0.0,0.0,0.07238643632441556,0.2901399219851641,0.06776315388361494,0.21404320138500868,0.0,0.24299069524295028,0.0,0.0,0.0,0.0,0.0,0.0
71029391,0.4890710021234487,0.0,0.0,0.3985167389005468,0.11241225897600444,0.0,0.0,0.0,0.0,0.0,0.0,0.0,0.0,0.0,0.0
71029414,0.6133821601147426,0.0,0.0,0.2037187546320594,0.182899085253198,0.0,0.0,0.0,0.0,0.0,0.0,0.0,0.0,0.0,0.0
71029434,0.49504385793431827,0.0,0.0,0.4292966483894454,0.0756594936762364,0.0,0.0,0.0,0.0,0.0,0.0,0.0,0.0,0.0,0.0
71029448,0.5346320281480197,0.0,0.0,0.0,0.07086759669707171,0.0,0.0,0.39450037515490854,0.0,0.0,0.0,0.0,0.0,0.0,0.0
71029450,0.0,0.0,0.0,0.0,0.8819419890593883,0.0,0.0,0.11805801094061177,0.0,0.0,0.0,0.0,0.0,0.0,0.0
71029451,0.40193806900170215,0.0,0.0,0.40137406377332147,0.12447013628529838,0.07221773093967805,0.0,0.0,0.0,0.0,0.0,0.0,0.0,0.0,0.0
71029490,0.5453015871138968,0.0,0.0,0.0,0.0640311245116413,0.0,0.0,0.39066728837446196,0.0,0.0,0.0,0.0,0.0,0.0,0.0
71029520,0.5313418851406309,0.0,0.0,0.07513883076165734,0.17820676498154378,0.0,0.0,0.21531251911616803,0.0,0.0,0.0,0.0,0.0,0.0,0.0
71029528,0.8047208118434217,0.0,0.0,0.0,0.0554386046207339,0.0,0.0,0.13984058353584436,0.0,0.0,0.0,0.0,0.0,0.0,0.0
71029602,0.18652772269207676,0.0,0.0,0.3575933196691429,0.17233169312257365,0.0,0.28354726451620665,0.0,0.0,0.0,0.0,0.0,0.0,0.0,0.0
71029639,0.9363519739170801,0.0,0.0,0.0,0.0,0.0,0.0,0.0,0.0,0.06364802608291982,0.0,0.0,0.0,0.0,0.0
71029646,0.4065425864710727,0.0,0.0,0.0,0.0580172690423941,0.0,0.0,0.5354401444865332,0.0,0.0,0.0,0.0,0.0,0.0,0.0
71029715,0.3066945491934692,0.0,0.0,0.6933054508065307,0.0,0.0,0.0,0.0,0.0,0.0,0.0,0.0,0.0,0.0,0.0
71029721,0.9299403000098049,0.0,0.0,0.07005969999019511,0.0,0.0,0.0,0.0,0.0,0.0,0.0,0.0,0.0,0.0,0.0
71029759,0.0,0.0,0.0,0.0,0.05669683004152441,0.0,0.9433031699584756,0.0,0.0,0.0,0.0,0.0,0.0,0.0,0.0
71029766,0.7921590798763509,0.0,0.0,0.0,0.0,0.0,0.0,0.20784092012364905,0.0,0.0,0.0,0.0,0.0,0.0,0.0
71029770,0.4041658646596864,0.0,0.0,0.45367899321837113,0.14215514212194258,0.0,0.0,0.0,0.0,0.0,0.0,0.0,0.0,0.0,0.0
71029778,0.5399643618331835,0.0,0.0,0.0,0.0,0.0,0.0,0.4600356381668164,0.0,0.0,0.0,0.0,0.0,0.0,0.0
71029798,0.9041850294242368,0.0,0.0,0.0,0.0,0.0,0.0,0.09581497057576314,0.0,0.0,0.0,0.0,0.0,0.0,0.0
71029800,0.6226841038209374,0.0,0.0,0.0,0.14667810737848172,0.0,0.0,0.23063778880058086,0.0,0.0,0.0,0.0,0.0,0.0,0.0
71029803,0.46733748320011304,0.0,0.0,0.5326625167998871,0.0,0.0,0.0,0.0,0.0,0.0,0.0,0.0,0.0,0.0,0.0
71029857,0.586018571426828,0.0,0.0,0.0,0.09634645728017889,0.0,0.0,0.20416172735473817,0.11347324393825489,0.0,0.0,0.0,0.0,0.0,0.0
71029863,0.5659814561964595,0.0,0.0,0.43401854380354055,0.0,0.0,0.0,0.0,0.0,0.0,0.0,0.0,0.0,0.0,0.0
71029879,0.0768740791708439,0.0,0.0,0.4782888758175246,0.1781179416399489,0.0,0.2667191033716826,0.0,0.0,0.0,0.0,0.0,0.0,0.0,0.0
71029924,0.8453125643305799,0.0,0.0,0.0,0.15468743566942017,0.0,0.0,0.0,0.0,0.0,0.0,0.0,0.0,0.0,0.0
71029930,0.17341409303771912,0.0,0.0,0.7474381233681585,0.07914778359412233,0.0,0.0,0.0,0.0,0.0,0.0,0.0,0.0,0.0,0.0
71029963,0.6926535511112702,0.0,0.0,0.0,0.07029030887650788,0.0,0.0,0.2370561400122219,0.0,0.0,0.0,0.0,0.0,0.0,0.0
71029992,0.6743055390126059,0.0,0.0,0.0,0.09365319756450616,0.0,0.0,0.23204126342288794,0.0,0.0,0.0,0.0,0.0,0.0,0.0
71030026,1.0,0.0,0.0,0.0,0.0,0.0,0.0,0.0,0.0,0.0,0.0,0.0,0.0,0.0,0.0
71030034,0.46352298787306334,0.0,0.0,0.0,0.09117417359244495,0.0,0.0,0.4453028385344918,0.0,0.0,0.0,0.0,0.0,0.0,0.0
71030035,0.4628682691193698,0.0,0.0,0.0,0.24908621701861372,0.0,0.0,0.2880455138620165,0.0,0.0,0.0,0.0,0.0,0.0,0.0
71030057,0.6925349038561561,0.0,0.0,0.0,0.307465096143844,0.0,0.0,0.0,0.0,0.0,0.0,0.0,0.0,0.0,0.0
71030071,0.653921738289865,0.0,0.0,0.0,0.06243976737170759,0.0,0.0,0.28363849433842747,0.0,0.0,0.0,0.0,0.0,0.0,0.0
71030100,0.5789099365751189,0.0,0.0,0.0,0.09687658792838506,0.0,0.0,0.3242134754964961,0.0,0.0,0.0,0.0,0.0,0.0,0.0
71030156,0.6719003070736348,0.0,0.058503197580931705,0.26959649534543356,0.0,0.0,0.0,0.0,0.0,0.0,0.0,0.0,0.0,0.0,0.0
71030177,0.5500901259236809,0.0,0.0,0.07887681590496055,0.07283225644577379,0.0,0.0,0.29820080172558483,0.0,0.0,0.0,0.0,0.0,0.0,0.0
71030189,0.0,0.0,0.0,0.30924737984121137,0.38507216787729726,0.0,0.14587628422730875,0.0,0.1598041680541827,0.0,0.0,0.0,0.0,0.0,0.0
71030191,0.9231369823208344,0.0,0.0,0.0,0.0768630176791656,0.0,0.0,0.0,0.0,0.0,0.0,0.0,0.0,0.0,0.0
71030202,0.12277782904371988,0.0,0.0,0.48053889232779284,0.10295683114045885,0.0,0.29372644748802845,0.0,0.0,0.0,0.0,0.0,0.0,0.0,0.0
71030231,0.5797702721387317,0.0,0.0,0.0,0.07286502414660102,0.0,0.0,0.34736470371466727,0.0,0.0,0.0,0.0,0.0,0.0,0.0
71030243,0.7032918141920409,0.0,0.0,0.0,0.1676334300144445,0.0,0.0,0.12907475579351455,0.0,0.0,0.0,0.0,0.0,0.0,0.0
71030265,0.0,0.0,0.0,0.8220343795569273,0.17796562044307274,0.0,0.0,0.0,0.0,0.0,0.0,0.0,0.0,0.0,0.0
71030270,0.4872269528522015,0.0,0.0,0.0,0.09172943012750147,0.0,0.0,0.421043617020297,0.0,0.0,0.0,0.0,0.0,0.0,0.0
71030287,0.7142675924037276,0.0,0.0,0.0,0.06524517648922197,0.0,0.0,0.22048723110705049,0.0,0.0,0.0,0.0,0.0,0.0,0.0
71030292,0.6544037690619053,0.0,0.0,0.25378402421004764,0.09181220672804703,0.0,0.0,0.0,0.0,0.0,0.0,0.0,0.0,0.0,0.0
71030302,0.7115843130755588,0.0,0.0,0.0,0.0648145416469909,0.0,0.0,0.22360114527745034,0.0,0.0,0.0,0.0,0.0,0.0,0.0
71030308,0.43685113112644786,0.0,0.0,0.0,0.12219641500756757,0.0,0.0,0.44095245386598453,0.0,0.0,0.0,0.0,0.0,0.0,0.0
71030313,0.0,0.0,0.0,0.3125256125229052,0.44149784562001576,0.0,0.24597654185707893,0.0,0.0,0.0,0.0,0.0,0.0,0.0,0.0
71030314,0.0,0.0,0.0,0.43718032485004604,0.4888804945290763,0.0,0.07393918062087758,0.0,0.0,0.0,0.0,0.0,0.0,0.0,0.0
71030390,0.539493737276576,0.0,0.0,0.0,0.08337569409367879,0.0,0.0,0.3771305686297452,0.0,0.0,0.0,0.0,0.0,0.0,0.0
71030418,0.3683496724505608,0.0,0.0,0.0,0.0930117058652061,0.0,0.0,0.538638621684233,0.0,0.0,0.0,0.0,0.0,0.0,0.0
71030428,0.21798168598065595,0.0,0.0,0.7820183140193441,0.0,0.0,0.0,0.0,0.0,0.0,0.0,0.0,0.0,0.0,0.0
71030431,0.6382275357035299,0.0,0.0,0.0696482227891755,0.116706832668895,0.0,0.0,0.1754174088383996,0.0,0.0,0.0,0.0,0.0,0.0,0.0
71030460,0.8312230052637397,0.0,0.0,0.08426037012707892,0.08451662460918132,0.0,0.0,0.0,0.0,0.0,0.0,0.0,0.0,0.0,0.0
71030474,0.6057442553593185,0.0,0.0,0.0,0.07891512708805254,0.0,0.0,0.315340617552629,0.0,0.0,0.0,0.0,0.0,0.0,0.0
71030527,0.4478429134717099,0.0,0.0,0.0,0.07684990987250578,0.0,0.0,0.4753071766557844,0.0,0.0,0.0,0.0,0.0,0.0,0.0
71030563,0.4163553279483822,0.0,0.0,0.0,0.23041647161111545,0.0,0.0,0.3532282004405023,0.0,0.0,0.0,0.0,0.0,0.0,0.0
71030588,0.3603018341013792,0.0,0.0,0.6396981658986208,0.0,0.0,0.0,0.0,0.0,0.0,0.0,0.0,0.0,0.0,0.0
71030626,0.4749366915318581,0.0,0.0,0.0,0.12821985497185803,0.0,0.0,0.39684345349628397,0.0,0.0,0.0,0.0,0.0,0.0,0.0
71030660,0.3861847943607419,0.0,0.0,0.5395054052896067,0.07430980034965144,0.0,0.0,0.0,0.0,0.0,0.0,0.0,0.0,0.0,0.0
71030690,0.48429145022774667,0.0,0.0,0.05803628752802158,0.21260591344363125,0.0,0.0,0.24506634880060046,0.0,0.0,0.0,0.0,0.0,0.0,0.0
71030703,0.17772561777319393,0.0,0.0,0.6604892948187201,0.16178508740808595,0.0,0.0,0.0,0.0,0.0,0.0,0.0,0.0,0.0,0.0
71030716,0.0,0.0,0.0,0.5863399435504214,0.25960494709310983,0.0,0.15405510935646868,0.0,0.0,0.0,0.0,0.0,0.0,0.0,0.0
71030717,0.281638991037891,0.0,0.0,0.0,0.10364054151598573,0.0,0.0,0.5143059785124939,0.10041448893362931,0.0,0.0,0.0,0.0,0.0,0.0
71030749,0.0,0.0,0.0,0.10474360986561851,0.3762779556888392,0.0,0.39851774938874757,0.0,0.12046068505679466,0.0,0.0,0.0,0.0,0.0,0.0
71030774,0.7881090530818838,0.0,0.0,0.0,0.0,0.0,0.0,0.21189094691811614,0.0,0.0,0.0,0.0,0.0,0.0,0.0
71030784,0.6964453284576163,0.0,0.0,0.05265794748826931,0.07184626636907446,0.0,0.0,0.17905045768503988,0.0,0.0,0.0,0.0,0.0,0.0,0.0
71030831,0.3065499635641185,0.0,0.0,0.6934500364358814,0.0,0.0,0.0,0.0,0.0,0.0,0.0,0.0,0.0,0.0,0.0
71030835,0.373634654374113,0.0,0.0,0.16701872614826457,0.08441978633893997,0.0,0.0,0.37492683313868247,0.0,0.0,0.0,0.0,0.0,0.0,0.0
71030838,0.49722343917862577,0.0,0.0,0.0,0.0,0.0,0.0,0.4304734176056138,0.0,0.0,0.07230314321576044,0.0,0.0,0.0,0.0
71030896,0.47098410492520393,0.0,0.0,0.08959056456846679,0.16487414023284128,0.0,0.0,0.27455119027348807,0.0,0.0,0.0,0.0,0.0,0.0,0.0
71030906,0.42181743727401444,0.0,0.0,0.4351324753877217,0.14305008733826383,0.0,0.0,0.0,0.0,0.0,0.0,0.0,0.0,0.0,0.0
71030944,0.3430672920673942,0.0,0.0,0.0,0.1010641858263318,0.0,0.0,0.555868522106274,0.0,0.0,0.0,0.0,0.0,0.0,0.0
71030950,0.4815417959511512,0.0,0.0,0.0,0.20452302815747944,0.0,0.0,0.3139351758913694,0.0,0.0,0.0,0.0,0.0,0.0,0.0
71031068,0.16842798521412125,0.0,0.0,0.4333111865010931,0.3186175100577492,0.0,0.07964331822703631,0.0,0.0,0.0,0.0,0.0,0.0,0.0,0.0
71031077,0.721407792622291,0.0,0.0,0.27859220737770896,0.0,0.0,0.0,0.0,0.0,0.0,0.0,0.0,0.0,0.0,0.0
71031094,0.5638603257879912,0.0,0.0,0.0,0.0,0.0,0.0,0.43613967421200883,0.0,0.0,0.0,0.0,0.0,0.0,0.0
71031120,0.7583393982183616,0.0,0.0,0.0,0.0,0.0,0.0,0.24166060178163848,0.0,0.0,0.0,0.0,0.0,0.0,0.0
71031130,0.17657626745358226,0.0,0.0,0.6738372216749794,0.14958651087143834,0.0,0.0,0.0,0.0,0.0,0.0,0.0,0.0,0.0,0.0
71031155,0.0,0.0,0.0,0.3794615355264593,0.2289570267560644,0.0,0.39158143771747633,0.0,0.0,0.0,0.0,0.0,0.0,0.0,0.0
71031177,0.35897219504056954,0.0,0.0,0.0,0.09308982664971609,0.0,0.0,0.4014140991876245,0.0,0.14652387912208986,0.0,0.0,0.0,0.0,0.0
71031181,0.45488515935619234,0.0,0.0,0.3337412291809507,0.21137361146285702,0.0,0.0,0.0,0.0,0.0,0.0,0.0,0.0,0.0,0.0
71031215,0.0,0.0,0.0,0.20353726055790852,0.38383639025554356,0.0,0.262682218590394,0.0,0.08688924892801637,0.06305488166813754,0.0,0.0,0.0,0.0,0.0
71031267,0.0,0.0,0.0,0.3639659035839992,0.21810461386288818,0.0,0.4179294825531126,0.0,0.0,0.0,0.0,0.0,0.0,0.0,0.0
71031276,0.0,0.0,0.0,0.2744141931250318,0.2679038206125953,0.0,0.397684118462184,0.0,0.0,0.05999786780018888,0.0,0.0,0.0,0.0,0.0
71031279,0.5076902968780057,0.0,0.0,0.3790620501863081,0.1132476529356862,0.0,0.0,0.0,0.0,0.0,0.0,0.0,0.0,0.0,0.0
71031296,0.4618201783867172,0.0,0.0,0.0,0.08685938063777053,0.0,0.0,0.45132044097551216,0.0,0.0,0.0,0.0,0.0,0.0,0.0
71031303,0.0,0.0,0.0,0.5287454830995836,0.30195894687984687,0.0,0.16929557002056952,0.0,0.0,0.0,0.0,0.0,0.0,0.0,0.0
71031359,0.40398104563770787,0.0,0.0,0.0,0.0,0.0,0.0,0.5250048683813373,0.0,0.0,0.07101408598095481,0.0,0.0,0.0,0.0
71031397,0.6206767359679085,0.0,0.0,0.0,0.06704343131080301,0.0,0.0,0.3122798327212884,0.0,0.0,0.0,0.0,0.0,0.0,0.0
71031414,0.0,0.0,0.0,0.36130755052600644,0.31746009175369905,0.0,0.32123235772029446,0.0,0.0,0.0,0.0,0.0,0.0,0.0,0.0
71031429,0.26822470936484,0.0,0.0,0.0,0.08832415549611207,0.0,0.0,0.643451135139048,0.0,0.0,0.0,0.0,0.0,0.0,0.0
71031431,0.15862634272050644,0.0,0.0,0.4739521626143025,0.2892786924231761,0.0,0.07814280224201493,0.0,0.0,0.0,0.0,0.0,0.0,0.0,0.0
71031478,0.8057319310185634,0.0,0.0,0.11759907426230197,0.0766689947191345,0.0,0.0,0.0,0.0,0.0,0.0,0.0,0.0,0.0,0.0
71031489,0.680568976641933,0.0,0.0,0.0,0.0686674769514085,0.0,0.0,0.2507635464066584,0.0,0.0,0.0,0.0,0.0,0.0,0.0
71031502,0.24275823687984813,0.0,0.0,0.0,0.08046793420726128,0.0,0.0,0.6767738289128906,0.0,0.0,0.0,0.0,0.0,0.0,0.0
71031503,0.41158090479311477,0.0,0.0,0.0,0.0,0.0,0.0,0.5884190952068853,0.0,0.0,0.0,0.0,0.0,0.0,0.0
71031506,0.4307795354252803,0.0,0.0,0.0,0.08774307631425823,0.0,0.0,0.48147738826046155,0.0,0.0,0.0,0.0,0.0,0.0,0.0
71031524,0.4425731545310314,0.0,0.05641772483998712,0.5010091206289815,0.0,0.0,0.0,0.0,0.0,0.0,0.0,0.0,0.0,0.0,0.0
71031528,0.16548773184137142,0.0,0.0,0.31877100124551555,0.12046425236244537,0.0,0.3952770145506676,0.0,0.0,0.0,0.0,0.0,0.0,0.0,0.0
71031529,0.2710937732814297,0.0,0.0,0.0,0.0,0.0,0.0,0.7289062267185703,0.0,0.0,0.0,0.0,0.0,0.0,0.0
71031561,0.24815389220566203,0.0,0.0,0.0,0.0974883073203597,0.0,0.0,0.6543578004739783,0.0,0.0,0.0,0.0,0.0,0.0,0.0
71031569,0.43183211241119784,0.0,0.0,0.05763010772699217,0.0872320494084937,0.0,0.0,0.4233057304533162,0.0,0.0,0.0,0.0,0.0,0.0,0.0
71031594,0.4482681403960666,0.0,0.0,0.0,0.0,0.0,0.0,0.5517318596039333,0.0,0.0,0.0,0.0,0.0,0.0,0.0
71031611,0.7145442402320442,0.0,0.0,0.2854557597679558,0.0,0.0,0.0,0.0,0.0,0.0,0.0,0.0,0.0,0.0,0.0
71031640,0.0,0.0,0.0,0.2453939049820423,0.3761237243653604,0.0,0.3784823706525974,0.0,0.0,0.0,0.0,0.0,0.0,0.0,0.0
71031642,0.17253046032179373,0.0,0.0,0.0,0.1296918912990622,0.0,0.0,0.697777648379144,0.0,0.0,0.0,0.0,0.0,0.0,0.0
71031643,0.28146412500720835,0.0,0.0,0.0,0.0556885358202268,0.0,0.0,0.540049080081356,0.0,0.0,0.12279825909120887,0.0,0.0,0.0,0.0
71031654,0.46222318082025726,0.0,0.0,0.0886333104135326,0.13553741065702352,0.0,0.0,0.3136060981091866,0.0,0.0,0.0,0.0,0.0,0.0,0.0
71031687,0.1547281704621099,0.0,0.0,0.0,0.0789443264305669,0.0,0.0,0.7663275031073231,0.0,0.0,0.0,0.0,0.0,0.0,0.0
71031719,0.24905019366639364,0.0,0.0,0.0,0.10254629653763932,0.0,0.0,0.6484035097959671,0.0,0.0,0.0,0.0,0.0,0.0,0.0
71031739,0.7397128744595781,0.0,0.0,0.200150763926992,0.06013636161342993,0.0,0.0,0.0,0.0,0.0,0.0,0.0,0.0,0.0,0.0
71031769,0.5412452467971905,0.0,0.0,0.08648594290130306,0.14189392093978292,0.0,0.0,0.2303748893617234,0.0,0.0,0.0,0.0,0.0,0.0,0.0
71031785,0.9156348453496694,0.0,0.0,0.08436515465033048,0.0,0.0,0.0,0.0,0.0,0.0,0.0,0.0,0.0,0.0,0.0
71031838,0.22789335110705977,0.0,0.0,0.07255330717849698,0.155213605435076,0.0,0.0,0.5443397362793673,0.0,0.0,0.0,0.0,0.0,0.0,0.0
71031849,0.2066889167260748,0.0,0.0,0.0,0.09679923811819019,0.0,0.0,0.6965118451557349,0.0,0.0,0.0,0.0,0.0,0.0,0.0
71031850,0.0,0.0,0.0,0.0,0.0,0.0,0.0,0.0,0.0,0.0,0.0,0.28865569788602335,0.07540154004464045,0.5135175811629731,0.1224251809063631
71031855,0.7954838699214761,0.0,0.0,0.0,0.20451613007852387,0.0,0.0,0.0,0.0,0.0,0.0,0.0,0.0,0.0,0.0
71031856,0.7858683215384475,0.0,0.0,0.0,0.10162431072189808,0.0,0.0,0.11250736773965436,0.0,0.0,0.0,0.0,0.0,0.0,0.0
71031863,0.6260481753569931,0.0,0.0,0.37395182464300697,0.0,0.0,0.0,0.0,0.0,0.0,0.0,0.0,0.0,0.0,0.0
71031870,0.5452092927940756,0.0,0.0,0.0,0.10779346593355173,0.0,0.0,0.34699724127237264,0.0,0.0,0.0,0.0,0.0,0.0,0.0
71031893,0.4795848533158926,0.0,0.0,0.0,0.0,0.0,0.0,0.4149038932222759,0.0,0.0,0.10551125346183156,0.0,0.0,0.0,0.0
71031911,1.0,0.0,0.0,0.0,0.0,0.0,0.0,0.0,0.0,0.0,0.0,0.0,0.0,0.0,0.0
71031922,0.2928130646899526,0.0,0.0,0.0,0.11885372899619431,0.0,0.0,0.5883332063138531,0.0,0.0,0.0,0.0,0.0,0.0,0.0
71031931,0.0,0.0,0.0,0.0,0.0,0.0,1.0,0.0,0.0,0.0,0.0,0.0,0.0,0.0,0.0
71031965,0.2378918307478807,0.0,0.0,0.4678669609834509,0.09381256217103426,0.0,0.2004286460976341,0.0,0.0,0.0,0.0,0.0,0.0,0.0,0.0
71031968,0.3673617599345022,0.0,0.0,0.05941239064363791,0.19573653612707254,0.0,0.0,0.37748931329478747,0.0,0.0,0.0,0.0,0.0,0.0,0.0
71031975,0.516986933256653,0.0,0.0,0.40707585176597244,0.07593721497737463,0.0,0.0,0.0,0.0,0.0,0.0,0.0,0.0,0.0,0.0
71031986,0.5466003879413129,0.0,0.0,0.08048374157351952,0.11501360559282907,0.0,0.0,0.2579022648923385,0.0,0.0,0.0,0.0,0.0,0.0,0.0
71032024,0.48237982752106473,0.0,0.08673433514782558,0.43088583733110963,0.0,0.0,0.0,0.0,0.0,0.0,0.0,0.0,0.0,0.0,0.0
71032048,0.49951528772277604,0.0,0.0,0.5004847122772239,0.0,0.0,0.0,0.0,0.0,0.0,0.0,0.0,0.0,0.0,0.0
71032073,0.38871689107372737,0.0,0.0,0.0,0.07740097626048058,0.0,0.0,0.5338821326657921,0.0,0.0,0.0,0.0,0.0,0.0,0.0
71032089,0.0,0.0,0.0,0.17147760005866353,0.11757248057524432,0.0,0.7109499193660921,0.0,0.0,0.0,0.0,0.0,0.0,0.0,0.0
71032090,0.5691273960664325,0.0,0.0,0.0,0.07871389933012199,0.0,0.0,0.3521587046034455,0.0,0.0,0.0,0.0,0.0,0.0,0.0
71032095,0.0,0.0,0.0,0.07870972988109409,0.0,0.0,0.921290270118906,0.0,0.0,0.0,0.0,0.0,0.0,0.0,0.0
71032102,0.4676318867538573,0.0,0.0,0.0,0.07298554352540107,0.0,0.0,0.45938256972074165,0.0,0.0,0.0,0.0,0.0,0.0,0.0
71032106,0.13175686930580283,0.0,0.0,0.0,0.0,0.0,0.0,0.6152570141559497,0.0,0.0,0.2529861165382475,0.0,0.0,0.0,0.0
71032109,0.31957704869710185,0.0,0.11902898853907629,0.43664188525299247,0.0,0.0,0.12475207751082937,0.0,0.0,0.0,0.0,0.0,0.0,0.0,0.0
71032117,0.3339764008936616,0.0,0.0,0.16086565814574172,0.19333183093600118,0.0,0.0,0.31182611002459554,0.0,0.0,0.0,0.0,0.0,0.0,0.0
71032185,0.16052438111683973,0.0,0.0,0.0,0.0,0.0,0.0,0.47449622300631983,0.0,0.10312003679581185,0.26185935908102853,0.0,0.0,0.0,0.0
71032200,0.0,0.0,0.0,0.05584309828483843,0.05345355325503315,0.0,0.8320452570433378,0.0,0.0,0.05865809141679064,0.0,0.0,0.0,0.0,0.0
71032217,0.3081344580655266,0.0,0.0,0.0,0.157443651586458,0.0,0.0,0.47396015908435873,0.0,0.0,0.06046173126365672,0.0,0.0,0.0,0.0
71032233,0.28193879378717346,0.0,0.0,0.0,0.07336132324232726,0.0,0.0,0.6446998829704993,0.0,0.0,0.0,0.0,0.0,0.0,0.0
71032259,0.7202470786290792,0.0,0.0,0.0,0.2797529213709208,0.0,0.0,0.0,0.0,0.0,0.0,0.0,0.0,0.0,0.0
71032265,0.6058364813329562,0.0,0.0,0.3941635186670438,0.0,0.0,0.0,0.0,0.0,0.0,0.0,0.0,0.0,0.0,0.0
71032269,0.18381942769766257,0.0,0.0,0.0,0.0761253230243314,0.0,0.0,0.740055249278006,0.0,0.0,0.0,0.0,0.0,0.0,0.0
71032287,0.3377424267842089,0.0,0.0,0.0,0.15912504275156514,0.0,0.0,0.503132530464226,0.0,0.0,0.0,0.0,0.0,0.0,0.0
71032292,0.10471626923747118,0.0,0.0,0.0,0.0705097499233997,0.0,0.0,0.7423456952795314,0.0,0.0,0.08242828555959766,0.0,0.0,0.0,0.0
71032377,0.0,0.0,0.0,0.09551942663125754,0.0,0.0,0.9044805733687425,0.0,0.0,0.0,0.0,0.0,0.0,0.0,0.0
71032379,0.0,0.0,0.0,0.0,0.0,0.0,1.0,0.0,0.0,0.0,0.0,0.0,0.0,0.0,0.0
71032380,0.5001559047243073,0.0,0.0,0.1276349659200153,0.30258638894456413,0.0,0.0,0.06962274041111334,0.0,0.0,0.0,0.0,0.0,0.0,0.0
71032409,0.22659439416921692,0.0,0.0,0.06327762675514345,0.11588378954206863,0.0,0.0,0.5942441895335709,0.0,0.0,0.0,0.0,0.0,0.0,0.0
71032422,0.22505028633101185,0.0,0.0,0.0,0.11198748607718993,0.0,0.0,0.6629622275917982,0.0,0.0,0.0,0.0,0.0,0.0,0.0
71032440,0.35255906951511295,0.0,0.0,0.0,0.06632403698146225,0.0,0.0,0.4778606984402744,0.0,0.0,0.10325619506315041,0.0,0.0,0.0,0.0
71032455,0.6789519074534849,0.0,0.0,0.08767786371855522,0.23337022882795994,0.0,0.0,0.0,0.0,0.0,0.0,0.0,0.0,0.0,0.0
71032479,0.14738149814530851,0.0,0.10888238014560533,0.43335313579364626,0.0,0.0,0.3103829859154399,0.0,0.0,0.0,0.0,0.0,0.0,0.0,0.0
71032486,0.26339145278705783,0.0,0.0,0.3776100204759343,0.05543705754300066,0.0,0.30356146919400717,0.0,0.0,0.0,0.0,0.0,0.0,0.0,0.0
71032492,0.41414793343022116,0.0,0.18437704869792806,0.40147501787185075,0.0,0.0,0.0,0.0,0.0,0.0,0.0,0.0,0.0,0.0,0.0
71032531,0.5264021903525953,0.0,0.0,0.3695146892954223,0.10408312035198239,0.0,0.0,0.0,0.0,0.0,0.0,0.0,0.0,0.0,0.0
71032535,0.46636040322012573,0.0,0.0,0.27310088192397525,0.26053871485589897,0.0,0.0,0.0,0.0,0.0,0.0,0.0,0.0,0.0,0.0
71032574,0.21395724843809816,0.0,0.0,0.0,0.08864212388101066,0.0,0.0,0.6974006276808912,0.0,0.0,0.0,0.0,0.0,0.0,0.0
71032580,0.2155010239881464,0.0,0.0,0.08724209389193374,0.1478730535660335,0.0,0.0,0.5493838285538863,0.0,0.0,0.0,0.0,0.0,0.0,0.0
71032602,0.21827736106897824,0.0,0.0,0.10140274776806835,0.23776964748456633,0.0,0.0,0.442550243678387,0.0,0.0,0.0,0.0,0.0,0.0,0.0
71032618,0.5272624454622964,0.0,0.0,0.2820064875060831,0.13814437344819042,0.052586693583430225,0.0,0.0,0.0,0.0,0.0,0.0,0.0,0.0,0.0
71032632,0.5889822869099269,0.0,0.0,0.23010643278721724,0.1809112803028558,0.0,0.0,0.0,0.0,0.0,0.0,0.0,0.0,0.0,0.0
71032649,0.0,0.0,0.0,0.09954904867101008,0.0,0.0,0.843808124036205,0.0,0.056642827292784914,0.0,0.0,0.0,0.0,0.0,0.0
71032673,0.11023388880400135,0.0,0.0,0.3182406393148006,0.07147857394087408,0.0,0.5000468979403239,0.0,0.0,0.0,0.0,0.0,0.0,0.0,0.0
71032682,0.6256965921233751,0.0,0.0,0.18765784725130621,0.12334146109719865,0.0,0.0,0.06330409952812,0.0,0.0,0.0,0.0,0.0,0.0,0.0
71032683,0.25325161069646124,0.0,0.0,0.07366216083624778,0.2821994506083274,0.0,0.0,0.3908867778589635,0.0,0.0,0.0,0.0,0.0,0.0,0.0
71032795,0.2693024517952262,0.0,0.0798686601214877,0.5888344116713923,0.061994476411893824,0.0,0.0,0.0,0.0,0.0,0.0,0.0,0.0,0.0,0.0
71032802,0.4205852206013159,0.0,0.0,0.07249962618965455,0.2391805362754551,0.0,0.0,0.26773461693357437,0.0,0.0,0.0,0.0,0.0,0.0,0.0
71032804,0.0,0.0,0.0,0.07026820265543154,0.0,0.0,0.9297317973445685,0.0,0.0,0.0,0.0,0.0,0.0,0.0,0.0
71032823,0.227779115164671,0.0,0.0,0.2711747737976213,0.18294352338800532,0.0,0.3181025876497024,0.0,0.0,0.0,0.0,0.0,0.0,0.0,0.0
71032838,0.5224904465566091,0.0,0.0,0.05343828141925864,0.15847622882664697,0.0,0.0,0.26559504319748534,0.0,0.0,0.0,0.0,0.0,0.0,0.0
71032842,0.0,0.0,0.0,0.0,0.0,0.0,0.893392754128947,0.0,0.10660724587105298,0.0,0.0,0.0,0.0,0.0,0.0
71032859,0.360261912598444,0.0,0.0,0.30412475897849794,0.27486966250059797,0.06074366592246014,0.0,0.0,0.0,0.0,0.0,0.0,0.0,0.0,0.0
71032896,0.18228458745628381,0.0,0.09122630910700469,0.6457735012946856,0.08071560214202586,0.0,0.0,0.0,0.0,0.0,0.0,0.0,0.0,0.0,0.0
71032903,0.06816327923671793,0.0,0.0,0.15508540633313592,0.0,0.0,0.7767513144301462,0.0,0.0,0.0,0.0,0.0,0.0,0.0,0.0
71032914,0.5501566854554765,0.0,0.0,0.33902856236047507,0.11081475218404854,0.0,0.0,0.0,0.0,0.0,0.0,0.0,0.0,0.0,0.0
71032972,0.1935256182762814,0.0,0.09045690200656327,0.5512407790263535,0.11035515478993244,0.05442154590086949,0.0,0.0,0.0,0.0,0.0,0.0,0.0,0.0,0.0
71032973,0.7883991912609704,0.0,0.0,0.06907479483604853,0.08627108246089871,0.0,0.0,0.05625493144208233,0.0,0.0,0.0,0.0,0.0,0.0,0.0
71033026,0.44003331827526415,0.0,0.0,0.36599622936066417,0.19397045236407173,0.0,0.0,0.0,0.0,0.0,0.0,0.0,0.0,0.0,0.0
71033035,0.0,0.0,0.0,0.45295499224251823,0.0,0.0,0.5470450077574818,0.0,0.0,0.0,0.0,0.0,0.0,0.0,0.0
71033120,0.7810327188826824,0.0,0.0,0.12820246386225673,0.09076481725506096,0.0,0.0,0.0,0.0,0.0,0.0,0.0,0.0,0.0,0.0
71033126,0.0,0.0,0.0,0.0,0.0,0.0,0.9251049798927888,0.0,0.07489502010721118,0.0,0.0,0.0,0.0,0.0,0.0
71033183,0.0,0.0,0.0,0.0,0.0,0.0,0.8377615170180026,0.0,0.09454685885039454,0.06769162413160279,0.0,0.0,0.0,0.0,0.0
71033247,0.0,0.0,0.0,0.11555662946210836,0.0,0.0,0.8270204963238786,0.0,0.057422874214012945,0.0,0.0,0.0,0.0,0.0,0.0
71033313,0.0,0.0,0.0,0.12162112415403954,0.0,0.0,0.8783788758459605,0.0,0.0,0.0,0.0,0.0,0.0,0.0,0.0
71033318,0.0,0.0,0.0,0.07688398502393025,0.0,0.0,0.9231160149760697,0.0,0.0,0.0,0.0,0.0,0.0,0.0,0.0
71033334,0.47246332195368645,0.0,0.0,0.3300971054604365,0.0800377061738975,0.11740186641197936,0.0,0.0,0.0,0.0,0.0,0.0,0.0,0.0,0.0
71033362,0.13207932027398314,0.0,0.0,0.3814048275970231,0.0,0.08048454612082748,0.4060313060081663,0.0,0.0,0.0,0.0,0.0,0.0,0.0,0.0
71033367,0.0,0.0,0.0,0.0,0.0,0.0,1.0,0.0,0.0,0.0,0.0,0.0,0.0,0.0,0.0
71034975,0.0,0.0,0.0,0.08762644958976251,0.23968824230271432,0.0,0.5908323103144699,0.0,0.08185299779305326,0.0,0.0,0.0,0.0,0.0,0.0
71035002,0.0,0.0,0.0,0.19529907324770857,0.4257665328674509,0.0,0.3789343938848405,0.0,0.0,0.0,0.0,0.0,0.0,0.0,0.0
71035044,0.0,0.0,0.0,0.25742786315819066,0.4880722759402255,0.0,0.25449986090158394,0.0,0.0,0.0,0.0,0.0,0.0,0.0,0.0
71035105,0.0,0.0,0.0,0.6236394050768002,0.3763605949231998,0.0,0.0,0.0,0.0,0.0,0.0,0.0,0.0,0.0,0.0
71035129,0.10378733174683878,0.0,0.0,0.6641924824658564,0.2320201857873049,0.0,0.0,0.0,0.0,0.0,0.0,0.0,0.0,0.0,0.0
71035166,0.09878283802945458,0.0,0.0,0.7010021003000562,0.20021506167048925,0.0,0.0,0.0,0.0,0.0,0.0,0.0,0.0,0.0,0.0
71035238,0.5696155409854735,0.0,0.0,0.06261649507417409,0.10784123134750831,0.0,0.0,0.25992673259284405,0.0,0.0,0.0,0.0,0.0,0.0,0.0
71035289,0.5780277517414164,0.0,0.0,0.23609669015780918,0.10944105665404277,0.0,0.0,0.0764345014467317,0.0,0.0,0.0,0.0,0.0,0.0,0.0
71035337,0.6448069541647793,0.0,0.0,0.07909880584837521,0.07159712426431196,0.0,0.0,0.20449711572253357,0.0,0.0,0.0,0.0,0.0,0.0,0.0
71035349,0.0,0.0,0.0,0.1113796435056003,0.42820749568569455,0.0,0.46041286080870514,0.0,0.0,0.0,0.0,0.0,0.0,0.0,0.0
71035360,0.7255515024506636,0.0,0.0,0.05486012308137528,0.13211431174866667,0.0,0.0,0.08747406271929449,0.0,0.0,0.0,0.0,0.0,0.0,0.0
71035362,0.3390378117196109,0.0,0.0,0.4927505927489844,0.16821159553140475,0.0,0.0,0.0,0.0,0.0,0.0,0.0,0.0,0.0,0.0
71035480,0.5074436617045079,0.0,0.0,0.09935159672746442,0.21585463510642264,0.0,0.0,0.17735010646160493,0.0,0.0,0.0,0.0,0.0,0.0,0.0
71035677,0.7311152582521842,0.0,0.0,0.08777343691854335,0.11838143559422275,0.0,0.0,0.06272986923504974,0.0,0.0,0.0,0.0,0.0,0.0,0.0
71035692,0.5232161111245678,0.0,0.0,0.07943851242070284,0.13355160339277297,0.0,0.0,0.2637937730619564,0.0,0.0,0.0,0.0,0.0,0.0,0.0
71035771,0.6588743251035841,0.0,0.0,0.0695877566359368,0.1071180131586599,0.0,0.0,0.16441990510181906,0.0,0.0,0.0,0.0,0.0,0.0,0.0
71035810,0.0,0.0,0.0,0.44049421159074936,0.42828498983429975,0.0,0.1312207985749508,0.0,0.0,0.0,0.0,0.0,0.0,0.0,0.0
71035831,0.12194706885051235,0.0,0.0,0.0,0.0,0.0,0.0,0.0,0.0,0.8780529311494877,0.0,0.0,0.0,0.0,0.0
71035895,0.6674051252933981,0.0,0.0,0.05799845441509219,0.0981059138673087,0.0,0.0,0.17649050642420103,0.0,0.0,0.0,0.0,0.0,0.0,0.0
71035930,0.0,0.0,0.0,0.36261402657882347,0.3525702440320685,0.0,0.28481572938910815,0.0,0.0,0.0,0.0,0.0,0.0,0.0,0.0
71035946,0.600938371469921,0.0,0.0,0.0,0.0732551213669105,0.0,0.0,0.10754811313829636,0.0,0.21825839402487215,0.0,0.0,0.0,0.0,0.0
71035979,0.6084523682286134,0.0,0.0,0.0,0.06299941629570856,0.0,0.0,0.16797306662018863,0.0,0.1605751488554894,0.0,0.0,0.0,0.0,0.0
71036085,0.1446322072419205,0.0,0.0,0.7969539283594337,0.05841386439864571,0.0,0.0,0.0,0.0,0.0,0.0,0.0,0.0,0.0,0.0
71036096,0.571659010584566,0.0,0.0,0.0,0.16239807343462054,0.0,0.0,0.11824077517581667,0.0,0.14770214080499686,0.0,0.0,0.0,0.0,0.0
71036098,0.7650342297338593,0.0,0.0,0.06097690220496702,0.07212270270948719,0.0,0.0,0.10186616535168658,0.0,0.0,0.0,0.0,0.0,0.0,0.0
71036132,0.8922935329880325,0.0,0.0,0.0,0.1077064670119675,0.0,0.0,0.0,0.0,0.0,0.0,0.0,0.0,0.0,0.0
71036170,0.6995941891654605,0.0,0.0,0.06016143358936903,0.0918319887395538,0.0,0.0,0.14841238850561678,0.0,0.0,0.0,0.0,0.0,0.0,0.0
71036194,0.0,0.0,0.0,0.6651241437357615,0.3348758562642386,0.0,0.0,0.0,0.0,0.0,0.0,0.0,0.0,0.0,0.0
71036211,0.3920153035193746,0.0,0.0,0.0,0.09055022106259991,0.0,0.0,0.2763817522681716,0.0,0.24105272314985401,0.0,0.0,0.0,0.0,0.0
71036250,0.9399332698004017,0.0,0.0,0.06006673019959826,0.0,0.0,0.0,0.0,0.0,0.0,0.0,0.0,0.0,0.0,0.0
71036324,0.877029991639496,0.0,0.0,0.0,0.0,0.0,0.0,0.12297000836050402,0.0,0.0,0.0,0.0,0.0,0.0,0.0
71036389,0.4311040162802563,0.0,0.0,0.0,0.16294611177505844,0.0,0.0,0.4059498719446852,0.0,0.0,0.0,0.0,0.0,0.0,0.0
71036422,0.263551974808345,0.0,0.0,0.6180055693652827,0.11844245582637229,0.0,0.0,0.0,0.0,0.0,0.0,0.0,0.0,0.0,0.0
71036466,0.83657114899418,0.0,0.0,0.07464786774583565,0.08878098325998438,0.0,0.0,0.0,0.0,0.0,0.0,0.0,0.0,0.0,0.0
71037058,0.8667487370443268,0.0,0.0,0.0,0.1332512629556732,0.0,0.0,0.0,0.0,0.0,0.0,0.0,0.0,0.0,0.0
71037075,0.813554715967982,0.0,0.0,0.05792061095497558,0.06335076523812258,0.0,0.0,0.06517390783891973,0.0,0.0,0.0,0.0,0.0,0.0,0.0
71037191,0.6930216558394765,0.0,0.0,0.07813135657946885,0.07251078031119018,0.0,0.0,0.15633620726986447,0.0,0.0,0.0,0.0,0.0,0.0,0.0
71037229,0.11102352353990697,0.0,0.0,0.778087649059757,0.11088882740033605,0.0,0.0,0.0,0.0,0.0,0.0,0.0,0.0,0.0,0.0
71037254,0.6053874166610465,0.0,0.0,0.0,0.2252072678166197,0.0,0.0,0.16940531552233382,0.0,0.0,0.0,0.0,0.0,0.0,0.0
71037321,0.4970020121075009,0.0,0.0,0.3524148582836172,0.15058312960888193,0.0,0.0,0.0,0.0,0.0,0.0,0.0,0.0,0.0,0.0
71037334,0.9322881645325282,0.0,0.0,0.06771183546747178,0.0,0.0,0.0,0.0,0.0,0.0,0.0,0.0,0.0,0.0,0.0
71037400,0.1767096432695651,0.0,0.0,0.5321162955017849,0.29117406122865014,0.0,0.0,0.0,0.0,0.0,0.0,0.0,0.0,0.0,0.0
71037433,0.6269130155479218,0.0,0.0,0.0,0.11317997072440847,0.0,0.0,0.25990701372766967,0.0,0.0,0.0,0.0,0.0,0.0,0.0
71037546,0.0,0.0,0.0,0.5011042774264646,0.4988957225735354,0.0,0.0,0.0,0.0,0.0,0.0,0.0,0.0,0.0,0.0
71037612,0.07026780719234285,0.0,0.0,0.630244497891327,0.29948769491633015,0.0,0.0,0.0,0.0,0.0,0.0,0.0,0.0,0.0,0.0
71037682,0.520096260255156,0.0,0.0,0.22002247089064478,0.09775100510262467,0.0,0.0,0.16213026375157466,0.0,0.0,0.0,0.0,0.0,0.0,0.0
71037762,0.7252330742808633,0.0,0.0,0.07993908609375608,0.0,0.0,0.0,0.19482783962538067,0.0,0.0,0.0,0.0,0.0,0.0,0.0
71037815,0.0,0.0,0.0,0.6682270900387648,0.33177290996123526,0.0,0.0,0.0,0.0,0.0,0.0,0.0,0.0,0.0,0.0
71037856,0.41873722880197894,0.0,0.0,0.22562656230098518,0.13175655167268943,0.0,0.0,0.22387965722434647,0.0,0.0,0.0,0.0,0.0,0.0,0.0
71037879,0.6168495216955103,0.0,0.0,0.30063741968731705,0.08251305861717251,0.0,0.0,0.0,0.0,0.0,0.0,0.0,0.0,0.0,0.0
71037949,0.6155133820623713,0.0,0.0,0.3844866179376286,0.0,0.0,0.0,0.0,0.0,0.0,0.0,0.0,0.0,0.0,0.0
71037968,0.0,0.0,0.0,0.14775068226468774,0.30946967704387757,0.0,0.5427796406914347,0.0,0.0,0.0,0.0,0.0,0.0,0.0,0.0
71037977,0.48871798315641996,0.0,0.0,0.10076723048120784,0.1357278835604943,0.0,0.0,0.2747869028018779,0.0,0.0,0.0,0.0,0.0,0.0,0.0
71037990,0.7254182455219633,0.0,0.0,0.18272418200059518,0.09185757247744147,0.0,0.0,0.0,0.0,0.0,0.0,0.0,0.0,0.0,0.0
71038014,0.5699469836896934,0.0,0.0,0.061338312980595354,0.14949849175365956,0.0,0.0,0.2192162115760516,0.0,0.0,0.0,0.0,0.0,0.0,0.0
71038064,0.2881291521671068,0.0,0.0,0.5110896337504857,0.2007812140824076,0.0,0.0,0.0,0.0,0.0,0.0,0.0,0.0,0.0,0.0
71038127,0.0,0.0,0.0,0.0,0.0,0.0,0.0,0.0,0.0,0.0,0.0,0.10832333313524492,0.07907970418652983,0.6420254264793569,0.17057153619886836
71038233,0.853905999002387,0.0,0.0,0.0,0.0,0.0,0.0,0.14609400099761308,0.0,0.0,0.0,0.0,0.0,0.0,0.0
71038278,0.5747698404624347,0.0,0.0,0.05818595021038129,0.10194219252069958,0.0,0.0,0.2651020168064844,0.0,0.0,0.0,0.0,0.0,0.0,0.0
71038383,0.25862096520922023,0.0,0.0,0.0,0.0945538936204283,0.0,0.0,0.5606237439283404,0.0,0.0,0.08620139724201113,0.0,0.0,0.0,0.0
71038637,0.48720950007883157,0.0,0.0,0.1272202003326677,0.10349400625765127,0.0,0.0,0.2820762933308494,0.0,0.0,0.0,0.0,0.0,0.0,0.0
71038722,0.49292129594533973,0.0,0.0,0.0,0.08178484605442714,0.0,0.0,0.42529385800023317,0.0,0.0,0.0,0.0,0.0,0.0,0.0
71038826,0.36894575667277973,0.0,0.0,0.05255026041482837,0.12150784520471958,0.0,0.0,0.45699613770767245,0.0,0.0,0.0,0.0,0.0,0.0,0.0
71038844,0.5259362325852546,0.0,0.0,0.06076575032890317,0.07921885843102112,0.0,0.0,0.33407915865482113,0.0,0.0,0.0,0.0,0.0,0.0,0.0
71038890,0.41946164212509957,0.0,0.0,0.0,0.1936784501262857,0.0,0.0,0.3868599077486148,0.0,0.0,0.0,0.0,0.0,0.0,0.0
71038901,0.44656080480195176,0.0,0.0,0.0,0.10814173825301487,0.0,0.0,0.44529745694503337,0.0,0.0,0.0,0.0,0.0,0.0,0.0
71038946,0.3731623865875129,0.0,0.0,0.09680917386350038,0.13027247270254316,0.0,0.0,0.3997559668464436,0.0,0.0,0.0,0.0,0.0,0.0,0.0
71038961,0.30777003719054413,0.0,0.0,0.0,0.11356318070300254,0.0,0.0,0.355756350883025,0.0,0.08038243039498759,0.14252800082844067,0.0,0.0,0.0,0.0
71039048,0.31462219546256914,0.0,0.0,0.0,0.17327945460664618,0.0,0.0,0.5120983499307847,0.0,0.0,0.0,0.0,0.0,0.0,0.0
71039109,0.26426516068892575,0.0,0.0,0.08464023409961008,0.16007980959618273,0.0,0.0,0.49101479561528155,0.0,0.0,0.0,0.0,0.0,0.0,0.0
71039121,0.31870752992899853,0.0,0.0,0.08705714810353665,0.10529849084933945,0.0,0.0,0.48893683111812536,0.0,0.0,0.0,0.0,0.0,0.0,0.0
71039250,0.5071477867278773,0.0,0.0,0.0,0.09586887775364314,0.0,0.0,0.3969833355184795,0.0,0.0,0.0,0.0,0.0,0.0,0.0
71039266,0.3287914664186736,0.0,0.0,0.0,0.09389929033586998,0.0,0.0,0.46216659183192244,0.0,0.11514265141353394,0.0,0.0,0.0,0.0,0.0
