COMID,lat,lon,frac_1,frac_2,frac_5,frac_6,frac_8,frac_10,frac_14,frac_15,frac_16,frac_17,frac_18,frac_19
71022153,52.2760630423685,-113.868966202995,0.00620632246136665,0,0.000327857356751338,0.0073325396515429,0.0624923966825008,0.0498435236513615,0.0228715650737286,0.41246634721756,0.00782473664730787,0.383277505636215,0.0473571754992008,0
71022160,52.1532749432004,-113.963718240831,0.0201597865670919,0,0.000401079683797434,0.00974823720753193,0.0480525344610214,0.03474111109972,0.01371811889112,0.773965120315552,0.00311512220650911,0.0463118590414524,0.0497871078550816,0
71022164,52.071024715134,-114.040900337024,0.0289562977850437,0,0,0.00158104370348155,0.0355055630207062,0.0232262834906578,0.0282727144658566,0.794069528579712,0.00269885896705091,0.0326365157961845,0.0530532002449036,0
71022165,52.0627667865707,-114.069721223022,0.100057870149612,0,0,0.00101897702552378,0.0173092596232891,0.0494640655815601,0.06276735663414,0.662400960922241,0,0.0112292328849435,0.0957522690296173,0
71022168,52.054056710348,-114.096758924537,0.0324441716074944,0,0,0,0.0184571091085672,0.0208572298288345,0.0190948974341154,0.849063396453857,0.00222513102926314,0.0149094965308905,0.0429485291242599,0
71022170,52.0511743309951,-114.128797739673,0.0316288396716118,0,0,0,0.0129252495244145,0.0577548556029797,0.0386346690356731,0.781091034412384,0.00918758567422628,0.0335493423044682,0.0352284461259842,0
71022198,52.0324160891425,-114.258253385877,0.032381184399128,0,0.000149908257299103,0.0120259076356888,0.0584788173437119,0.031779021024704,0.0339162573218346,0.527721107006073,0.00728240609169006,0.0451728999614716,0.251092523336411,0
71022209,52.0488923419276,-114.394109883364,0.127819582819939,0,0.000859809573739767,0.00680062500759959,0.0428845174610615,0.0408105850219727,0.0233003105968237,0.722119569778442,0,0.0343888103961945,0.00101618538610637,0
71022220,52.0633082899248,-114.463013334224,0.0972857549786568,0,0,0.00409440277144313,0.121218502521515,0.0412227436900139,0.0971345007419586,0.570843994617462,0.000587105110753328,0.042048092931509,0.0255649108439684,0
71022225,52.0764151098,-114.512911340544,0.255300402641296,0,0,0.00774374790489674,0.107191257178783,0.0308713149279356,0.212535306811333,0.35403761267662,0,0.0320845767855644,0.000235755433095619,0
71022242,52.0864620555616,-114.603889126636,0.091716356575489,0,0.00233539287000895,0.0196781195700169,0.132007598876953,0.0289377309381962,0.0739343464374542,0.610289216041565,0.00311515992507339,0.0344685800373554,0.0035174828954041,0
71022248,52.0764039278132,-114.649867303609,0.0394483730196953,0,0,0.0016231017652899,0.110890306532383,0.016501534730196,0.0206358209252357,0.785982966423035,0,0.0249178931117058,0,0
71022253,52.0623536895674,-114.670761541258,0.12630333006382,0,0.00129642616957426,0.0345292128622532,0.148098304867744,0.0135663067921996,0.0270152166485786,0.584591925144196,0,0.0645992830395699,0,0
71022302,52.03888879514,-114.157642310721,0.0137576535344124,0,0,0.0056903138756752,0.0343735367059708,0.00535744009539485,0.00366641441360116,0.878049910068512,0,0.0352747663855553,0.0238299500197172,0
71022305,52.01553514377,-114.140841320554,0.0315964482724667,0,0,0.0162609424442053,0.0425522103905678,0.0195879619568586,0.00431311270222068,0.848042070865631,0,0.0162309743463993,0.0214162897318602,0
71022365,51.9941919716238,-114.218392486374,0.0807992815971375,0,0,0.00426172092556953,0.104491055011749,0.040884755551815,0.0836102962493896,0.587311387062073,0.00426276726648211,0.0379319190979004,0.0564467571675777,0
71022407,51.9642635658915,-114.122429073763,0.00341762276366353,0,0,0.00233579170890152,0.0950487405061722,0.0397260673344135,0.00707759661599994,0.805530428886414,0.000243774135014974,0.0360970385372639,0.0105229169130325,0
71022409,52.0138651489036,-114.949957467522,0.382532358169556,0,0.000115381037176121,0.0122765777632594,0.192486464977264,0.0981800109148026,0.0713276341557503,0.209658354520798,0.0010225772857666,0.030775610357523,0.00162506115157157,0
71022426,52.0221529524937,-114.001256844753,0.0192081984132528,0,0,0.00249832798726857,0.0830680802464485,0.0629925057291985,0.0222517289221287,0.606497943401337,0.00125559174921364,0.179953426122665,0.0222741980105639,0
71022435,51.9502228631926,-114.166660725089,0.0805191099643707,0,0.000721681688446552,0.0114964507520199,0.154819801449776,0.0558692626655102,0.0387011021375656,0.535654425621033,0,0.0335635580122471,0.0886545553803444,0
71022444,51.9884542047764,-114.060659362297,0.0027224977966398,0,0,0.000555747712496668,0.0338913537561893,0.017443573102355,0.00568955717608333,0.863913476467133,0.000413546978961676,0.0697049126029015,0.00566527945920825,0
71022454,51.9913160954922,-114.39231274369,0.0921532586216927,0,0,0.00703869620338082,0.123614683747292,0.0786250755190849,0.0931196808815002,0.510856747627258,0.0228198226541281,0.0286215357482433,0.0431505031883717,0
71022635,52.0930188826467,-114.122009987516,0.0346443615853786,0,0,0,0.0247982759028673,0.0314854606986046,0.024538803845644,0.82258278131485,0,0.032109621912241,0.0298407413065434,0
71022639,52.1119527777778,-114.161358333333,0.00906766392290592,0,0,0,0.0616376139223576,0.0722867101430893,0.00451546534895897,0.7757528424263,0,0.023122264072299,0.0536174513399601,0
71022647,52.1128268248629,-114.205378986049,0.00300432229414582,0,0,0.000504999014083296,0.0504600703716278,0.0374301113188267,0.010810331441462,0.840981781482697,0,0.0495763383805752,0.00723205925896764,0
71022661,52.1752489379339,-114.218167547404,0.0132048707455397,0,0,0.00395683664828539,0.149937808513641,0.0434122569859028,0.0330604016780853,0.678319692611694,0,0.0441498421132565,0.0339583158493042,0
71022679,52.2002336448598,-114.257133248372,0.0224880743771791,0,0,0,0.0765963196754456,0.0171952154487371,0.01467823702842,0.789142787456512,0,0.0275868568569422,0.0523125268518925,0
71022693,52.2414008251597,-114.255272069127,0.00434182211756706,0,0,0,0.0306043718010187,0.00603858940303326,0.00851266831159592,0.863550961017609,0,0.0472000427544117,0.0397516451776028,0
71022754,52.2950536491744,-114.272073318392,0.00331623735837638,0,0.000145130965393037,0.00368916266597807,0.0304562505334616,0.0193961840122938,0.00518047716468573,0.839814603328705,0.000323733955156058,0.069396436214447,0.0282817054539919,0
71022780,52.321369979134,-114.353849113198,0.00717077497392893,0,0,0.00204035546630621,0.0370430797338486,0.025411419570446,0.00455780932679772,0.824757814407349,0.00120291684288532,0.066900834441185,0.03091493062675,0
71022911,52.4046048038178,-114.344068482721,0.00480700843036175,0,0.00263067660853267,0.0223552286624908,0.090737096965313,0.0347295962274075,0.0128631833940744,0.751403450965881,0.000457600341178477,0.0635870024561882,0.016429178416729,0
71022945,52.4645833333334,-114.40521815376,0.0415566079318523,0,0,0.0223693512380123,0.114691473543644,0.0499706640839577,0.078571729362011,0.612701117992401,0.00173094705678523,0.0753790140151978,0.00302915740758181,0
71022992,52.4974764948593,-114.429866578734,0.0108998483046889,0,0.000182742704055272,0.0202816259115934,0.091256819665432,0.0308781024068594,0.0540772341191769,0.707221627235413,3.96778486901894e-05,0.0545111335813999,0.0306511744856834,0
71023020,52.3613856589147,-114.434454304365,0.00578277232125401,0,0.00928396638482809,0.0134601145982742,0.0869896486401558,0.028114402666688,0.0114299515262246,0.763773739337921,0.000614707765635103,0.0707009881734848,0.00984969735145569,0
71023103,52.3644801425255,-114.534536992553,0.0355786085128784,0,5.73254437767901e-05,0.00907380692660809,0.0999054983258247,0.0260970667004585,0.0307338666170835,0.757762968540192,0.0013553467579186,0.0355747751891613,0.00386068457737565,0
71023104,52.5231468668406,-114.463050696257,0.0369753837585449,0,1.15111242848798e-05,0.0171602945774794,0.0716697052121162,0.0330634191632271,0.0423462837934494,0.738977015018463,0.000831910117994994,0.0515669696033001,0.00739746913313866,0
71023181,52.5661192940552,-114.492742170913,0.0021196031011641,0,0.000632665818557143,0.00294979033060372,0.024621557444334,0.0102791236713529,0.0306237395852804,0.879772841930389,0.000576477672439069,0.0453507602214813,0.00307345786131918,0
71023309,52.3341990804461,-114.599817236152,0.0238699950277805,0,0.000907329318579286,0.0123912170529366,0.100456796586514,0.031007831916213,0.0384416580200195,0.732451736927032,0.00154391350224614,0.0496741235256195,0.00925540179014206,0
71023477,52.6243131656745,-114.50267383469,0.0141564542427659,0,0.00164644198957831,0.0336277559399605,0.0736413300037384,0.0238845739513636,0.0582989864051342,0.747593820095062,0,0.0435358844697475,0.00361473998054862,0
71023591,52.1025685871057,-114.515596707819,0.0253963712602854,0,0,0.000874398043379188,0.0955088585615158,0.022683272138238,0.0487029664218426,0.76949006319046,0.00068283115979284,0.0345335155725479,0.00212774006649852,0
71023606,52.2746601172011,-113.948625818683,0.0083288662135601,0,0.00735701713711023,0.00910829659551382,0.0583969913423061,0.0212562754750252,0.0135014308616519,0.644016742706299,0.000317626254400238,0.110002033412457,0.127714768052101,0
71023674,52.3306272660516,-114.669847973748,0.0217216145247221,0,0,0.00952314026653767,0.0858518332242966,0.0225947592407465,0.0172511376440525,0.797846257686615,0.00136516324710101,0.0426984019577503,0.00114770594518632,0
71023778,52.6550419835235,-114.548236692015,0.0136296786367893,0,0,0.0823531597852707,0.121660932898521,0.0244865156710148,0.0367743596434593,0.664731323719025,0,0.0512925833463669,0.00507144723087549,0
71023889,52.2104283031683,-114.313792600583,0.00224656169302762,0,0.000432299479143694,0.00230213114991784,0.0282910708338022,0.0094581488519907,0.00705892825499177,0.880229771137238,0.000102116442576516,0.0564622469246387,0.0134166674688458,0
71023895,52.5470733603786,-114.538287807077,0.0353958271443844,0,0.00761790061369538,0.0554649941623211,0.14962249994278,0.029722923412919,0.0630718991160393,0.619027197360992,0,0.0366860628128052,0.00339068658649921,0
71023936,52.7073123936472,-114.53470897145,0.120041109621525,0,0.0388317406177521,0.107416167855263,0.155674561858177,0.022608844563365,0.100704178214073,0.404573440551758,0.000727119215298444,0.0362579114735126,0.0131649589166045,0
71023982,52.2924143899451,-114.709422165415,0.0588957704603672,0,0.00057273922720924,0.021934736520052,0.123666696250439,0.0153078027069569,0.0557636320590973,0.67772388458252,0.00143182300962508,0.0441574677824974,0.000545465911272913,0
71023994,52.31255093011,-114.035910811116,0.00017363578081131,0,0.0089133707806468,0.0233868602663279,0.0500231832265854,0.0134173110127449,0.00579962227493525,0.560571670532227,0.0016398933948949,0.147039785981178,0.189034625887871,0
71024080,52.1364479955143,-114.586449397253,0.0966391637921333,0,0.00339081976562738,0.0325749553740025,0.213660776615143,0.0253299195319414,0.0476888529956341,0.533277988433838,0.00137678487226367,0.0363457500934601,0.00971497036516666,0
71024082,52.3969933506793,-114.514449985545,0.00163238635286689,0,0.00496762385591865,0.00801353342831135,0.0945568606257439,0.0182530488818884,0.0102461893111467,0.796103417873383,0,0.0662269443273544,0,0
71024128,52.4423161339707,-114.677730105914,0.0265143886208534,0,0.00201741978526115,0.0124329226091504,0.154794052243233,0.0392990075051785,0.0439873263239861,0.660204291343689,0.000681473000440747,0.0568882264196873,0.00318086403422058,0
71024198,52.0629667975723,-114.283990142409,0.00609797006472945,0,0.000181900162715465,0.002141616307199,0.0500424243509769,0.0222627688199282,0.00707764085382223,0.851359367370605,0.00171614100690931,0.0580489635467529,0.00107118987943977,0
71024229,52.2440776347079,-114.392939794675,0.00939543731510639,0,0.00120097037870437,0.00640709651634097,0.0361307747662067,0.0209860298782587,0.00720684323459864,0.853462398052216,0.000237368250964209,0.0627477467060089,0.00222532730549574,0
71024292,52.4753853411836,-114.482369036836,0.0147993993014097,0,0.000601088278926909,0.0186309013515711,0.089976966381073,0.0288620311766863,0.0318973623216152,0.752866148948669,0.00107592646963894,0.0536048971116543,0.00768529577180743,0
71024386,52.5622536820721,-114.447282884713,0,0,0,0,0.00932183209806681,0.00857256911695004,0.00315872393548489,0.924758672714233,0,0.053403165191412,0.000785003183409572,0
71024448,52.0079377519954,-114.695480745495,0.0588420815765858,0,0.00607408676296473,0.0834045261144638,0.361663579940796,0.0114752072840929,0.0391956120729446,0.370495796203613,0.000691678083967417,0.0405155867338181,0.0276418421417475,0
71024474,52.0174922945205,-114.772487157534,0.141034513711929,0,0.00825344305485487,0.133102253079414,0.366905570030212,0.0158127509057522,0.0821738317608833,0.193488448858261,0.000480467802844942,0.0358113311231136,0.022937374189496,0
71024483,52.0173012626262,-114.474552777778,0.0625475496053696,0,0.00118249596562237,0.0251215174794197,0.227866664528847,0.0574112385511398,0.0647796168923378,0.514087975025177,0.00447595631703734,0.0398020669817924,0.00272488221526146,0
71024488,52.0392737520129,-114.572193773484,0.105340957641602,0,0.00351375504396856,0.036439660936594,0.214654058218002,0.0259179342538118,0.0797762051224709,0.495265930891037,0.0014578205300495,0.0318005420267582,0.0058331242762506,0
71024578,52.1103994863251,-114.073127516313,0.00113457755651325,0,0.000177023001015186,0,0.0121910981833935,0.00872971583157778,0.0184032376855612,0.903739154338837,0.000543128524441272,0.0548548065125942,0.000227278200327419,0
71024598,52.0895960020372,-114.399542780749,0.0203140880912542,0,0.000103869155282155,0.00678307004272938,0.105873376131058,0.0168718378990889,0.0352674275636673,0.770609557628632,0,0.0349336117506027,0.00924318563193083,0
71024619,52.0967814381499,-114.716823515326,0.0878122746944427,0,0,0.0031608291901648,0.0821220129728317,0.0252743773162365,0.0453307554125786,0.689133167266846,0.00387227605096996,0.0592194236814976,0.00407487712800503,0
71024720,52.1266179538656,-114.384743052275,0.0240252893418074,0,0.00147926493082196,0.00940897967666388,0.13635116815567,0.0185744725167751,0.0506318770349026,0.709155917167664,0.000803373230155557,0.0454925447702408,0.00407711928710341,0
71024795,52.1555326660169,-114.504386106321,0.056672390550375,0,0.00114586914423853,0.0256067365407944,0.161291092634201,0.0104208625853062,0.086011677980423,0.611762404441833,0.000229684490477666,0.0342477560043335,0.0126114943996072,0
71024843,52.1377483487451,-114.288499559665,0.00122480362188071,0,0.000290265132207423,0.000813843158539385,0.0242297947406769,0.0095495693385601,0.00864921603351831,0.907317101955414,0.000134834495838732,0.0448724552989006,0.00291816075332463,0
71024862,52.1542185660395,-114.697707957904,0.0441786386072636,0,0.00329523719847202,0.015423976816237,0.157647401094437,0.0276089962571859,0.0393005795776844,0.670859515666962,0.000775197346229106,0.0394076332449913,0.00150286313146353,0
71024996,52.2034869594768,-114.185334437743,0.00373451691120863,0,7.2366492531728e-05,0.0025902665220201,0.0633228793740273,0.0358636491000652,0.0152660813182592,0.836034178733826,0,0.0395410694181919,0.00357490475289524,0
71025043,52.190003961042,-114.396993802134,0,0,0.00545088015496731,0.00975905358791351,0.0532793588936329,0.00874101463705301,0.00358044868335128,0.853479564189911,0.000452392938314006,0.0650429874658585,0.000214291387237608,0
71025044,52.2139480595933,-114.490808653716,0.0183074586093426,0,0.00423279125243425,0.0323156006634235,0.196487948298454,0.0174704920500517,0.0469104647636414,0.627680540084839,0,0.0463100709021091,0.0102846538648009,0
71025052,52.2055969286068,-114.617630614278,0.083319678902626,0,0.000207025863346644,0.0144968284294009,0.143641978502274,0.0273171365261078,0.0774048343300819,0.592519879341125,0.00120057968888432,0.0373512245714664,0.0225408095866442,0
71025086,52.1962077681653,-114.081118854356,0.00172829977236688,0,0.000227331824135035,0.00179561914410442,0.0268185026943684,0.00854385085403919,0.00942378118634224,0.905957281589508,0.000773728475905955,0.0402538441121578,0.00447775982320309,0
71025125,52.2460997766344,-114.724145377129,0.0937466397881508,0,0.00202644104138017,0.0213199444115162,0.166478991508484,0.0206186305731535,0.136650204658508,0.475599259138107,0.0013824685011059,0.0291558802127838,0.0530215725302696,0
71025142,52.2576065384281,-114.489821272791,0.00467198248952627,0,0.00457463646307588,0.0155634488910437,0.118490971624851,0.0195918641984463,0.0148760173469782,0.767393529415131,0.000357123091816902,0.045931801199913,0.00854858197271824,0
71025201,52.2646503445999,-114.047536626635,0.00173195649404079,0,0.00252666231244802,0.00524891028180718,0.0316753126680851,0.0109902611002326,0.00442547630518675,0.723626852035522,0.000549156917259097,0.0487839616835117,0.170441389083862,0
71025219,52.2652051532363,-114.594393858715,0.025972031056881,0,0.00107481435406953,0.0199361424893141,0.133637577295303,0.0137732792645693,0.0499040260910988,0.704671144485474,0.000514767016284168,0.0326174981892109,0.0178987327963114,0
71025298,52.2929284553946,-114.411941812193,0.0119340708479285,0,0.000879174331203103,0.00991133041679859,0.0672979205846786,0.0220015645027161,0.0103731444105506,0.812423646450043,0.00123012240510434,0.050903856754303,0.0130452094599605,0
71025323,52.298376176875,-114.141836454036,0.00522852642461658,0,0.000245046860072762,0.00360307772643864,0.0471948385238647,0.0128600792959332,0.0073406589217484,0.623631179332733,0.0019234474748373,0.222857758402824,0.075115405023098,0
71025411,52.3435585174366,-114.282864098351,0.00714549748227,0,0.00021842130809091,0.00156015227548778,0.0675448998808861,0.0284241661429405,0.0203941464424133,0.804726123809814,0.000530451769009233,0.0476764440536499,0.0217797253280878,0
71025440,52.3501704046806,-114.778159678206,0.0228700768202543,0,0.000616694160271436,0.0142610091716051,0.171195536851883,0.0375364311039448,0.103402383625507,0.610345065593719,0.00211676117032766,0.0376560427248478,0,0
71025547,52.3691923806311,-114.189692878839,0.00164888065773994,0,0.0136980880051851,0.0477421395480633,0.0534384734928608,0.012257088907063,0.00725033786147833,0.46901461482048,0.00038748694350943,0.0418467782437801,0.352716118097305,0
71025568,52.4203828528579,-114.596627923124,0.015393435023725,0,0.00113133457489312,0.00570719689130783,0.059148833155632,0.0155760431662202,0.0402371883392334,0.812685251235962,0.000798770401161164,0.0434453152120113,0.00587666779756546,0
71025583,52.4214526722849,-114.809051487404,0.0781081989407539,0,0.000943914463277906,0.0132071217522025,0.145880728960037,0.0436673387885094,0.108953528106213,0.550285637378693,0.00391356693580747,0.0454453714191914,0.00959461368620396,0
71025693,52.4314303868646,-114.458101664418,0.0135826217010617,0,0.0248659607023001,0.0638083294034004,0.102519437670708,0.0152377178892493,0.019907096400857,0.64612877368927,0.00145585346035659,0.0391200557351112,0.0733741745352745,0
71025799,52.4629239062859,-114.608635352246,0.0599652379751205,0,0.00932786799967289,0.0558124184608459,0.1990005671978,0.0346683599054813,0.0369022861123085,0.550202429294586,0.00101853371597826,0.0459196753799915,0.00718264374881983,0
71025839,52.4679610071749,-114.537693120096,0.0367221236228943,0,0.0235855467617512,0.0700888484716415,0.233126625418663,0.0306941661983728,0.0412868857383728,0.520660698413849,0.000651655602268875,0.0317376628518105,0.0114458007737994,0
71025869,52.4920616921973,-114.363368537578,0.00637991679832339,0,0.0110272597521544,0.024278499186039,0.0650108456611633,0.0215496718883514,0.0288063082844019,0.777638852596283,0,0.064029149711132,0.0012795019429177,0
71025911,52.5074905811435,-114.569544362815,0.0745292007923126,0,0.00852110609412193,0.0931269004940987,0.219531387090683,0.0288551598787308,0.0881944969296455,0.444116115570068,0.00210634176619351,0.0390563271939754,0.00196296581998467,0
71026015,52.5347376723372,-114.833581832333,0.259224534034729,0,0.00565105816349387,0.0756375193595886,0.204107716679573,0.0229257568717003,0.105353660881519,0.298634022474289,0.00284239882603288,0.0233047492802143,0.00231861392967403,0
71026036,52.5511486649997,-114.658084886129,0.0661849156022072,0,0.0135967088863254,0.0914645418524742,0.201323717832565,0.0286593809723854,0.074766993522644,0.476781755685806,0.00122131372336298,0.0449618734419346,0.00103874842170626,0
71026037,52.5493678997961,-114.763339240056,0.106464579701424,0,0.00458594691008329,0.0661776065826416,0.17855504155159,0.0258044898509979,0.078835129737854,0.495053023099899,0.0011273876298219,0.0421965345740318,0.00120028876699507,0
71026134,52.560557832762,-114.388945819049,0.00618268549442291,0,0.00469419406726956,0.0268588680773973,0.0425776168704033,0.00608180509880185,0.035945001989603,0.831469655036926,0,0.0429648719727993,0.00322530465200543,0
71026193,52.6107656195156,-114.422992716743,0.0308403018862009,0,0.00143111555371433,0.0371572114527225,0.0558063648641109,0.0169035028666258,0.0547074936330318,0.753500401973724,0,0.0426532700657845,0.00700028892606497,0
71026196,52.6013480940311,-114.667913995328,0.0613279156386852,0,0.0828450322151184,0.13975565135479,0.240371555089951,0.0152999386191368,0.0978970378637314,0.318931460380554,0.000486948789330199,0.0401919260621071,0.00289247767068446,0
71026344,52.6473381342847,-114.663314165025,0.132104963064194,0,0.0501660965383053,0.170802101492882,0.156457483768463,0.0148748829960823,0.152954190969467,0.26494026184082,0.000797095650341362,0.039345920085907,0.017556993290782,0
71026572,52.71784923544,-114.685149950016,0.280489683151245,0,0.0557681620121002,0.164903625845909,0.117923893034458,0.010292174294591,0.140834793448448,0.184561878442764,0.000124431462609209,0.0257489886134863,0.0193523559719324,0
71026700,52.7858294767965,-114.689014269186,0.395341157913208,0,0.0812839493155479,0.230260297656059,0.0795104801654816,0.00407231971621513,0.143532693386078,0.000746067031286657,0.00113167439121753,0.0251230634748936,0.0389982871711254,0
71026853,52.8199212999473,-114.61109216176,0.314994812011719,0,0.0472044572234154,0.274907231330872,0.139477759599686,0.00679270969703794,0.12714022397995,0.0516635999083519,0.000358785502612591,0.0167411435395479,0.0207192804664373,0
71027942,51.0975344152936,-114.209554457488,0.0137518895789981,0,2.94004366878653e-05,0.00272248056717217,0.12675316631794,0.136522948741913,0.000411606102716178,0.0519644282758236,0.00392392883077264,0.637853741645813,0.026066429913044,0
71027957,51.1561597073624,-114.40650772078,0.00983298290520906,0,5.83377659495454e-05,0.000645199266728014,0.223329871892929,0.391275882720947,0.000780017056968063,0.213510319590569,0.000838758482132107,0.125328809022903,0.0343997702002525,0
71027962,51.1846480472298,-114.491796094459,0.0298730880022049,0,0,0,0.161311194300652,0.243107169866562,0,0.00496644154191017,0,0.469290792942047,0.0914513021707535,0
71027963,51.200961728395,-114.506737037037,0.00876559503376484,0,0,0,0.14784038066864,0.333269268274307,0.00111113174352795,0.0610874854028225,0.000246347975917161,0.427194893360138,0.0204848870635033,0
71027969,51.1940971205465,-114.572981179844,0.0022775074467063,0,0.00854653865098953,0.0079846503213048,0.412921488285065,0.322306245565414,0.000304987508570775,0.193453878164291,0.000396483781514689,0.0262513533234596,0.0255568716675043,0
71027979,51.2136778573052,-114.593959611452,0.0145732909440994,0,0.00447596376761794,0.00661364383995533,0.408068507909775,0.369094282388687,0.00715955393388867,0.142532467842102,0.000568218587432057,0.0214282814413309,0.0254857651889324,0
71027981,51.2140071368598,-114.641518891688,0.0293631590902805,0,0.00804906338453293,0.0251908097416162,0.439282089471817,0.298675090074539,0.00201571453362703,0.0498931668698788,0,0.0880625173449516,0.0594683885574341,0
71027992,51.20581509299,-114.683994277539,0.0365479812026024,0,0.0170610975474119,0.0199252348393202,0.484930902719498,0.319947689771652,0,0.0069265621714294,0.0033135823905468,0.0408646203577518,0.0704823508858681,0
71028007,51.1860929967014,-114.782376511884,0.105486385524273,0,0.00118377665057778,0.00533764529973269,0.419736802577972,0.268951028585434,0,0.0174422319978476,0.000194905122043565,0.0605186969041824,0.121148481965065,0
71028014,51.1664030131827,-114.863915402914,0.0822438076138496,0,0,0,0.303069561719894,0.336345106363297,0,0.0228531565517187,0.00252567860297859,0.213057085871696,0.0399056151509285,0
71028023,51.1365109509589,-114.937076678354,0.190894961357117,0,0,0.000324190623359755,0.329800695180893,0.300668925046921,0,0.0180122964084148,0.00652587506920099,0.131946057081223,0.0218270011246204,0
71028027,51.1199646163263,-114.994558947288,0.144269093871117,0,0,0,0.182547315955162,0.456513077020645,0,0.00709870690479875,0.00313338334672153,0.187125414609909,0.019313020631671,0
71028039,51.123275208612,-115.057756226511,0.305098831653595,0,0,0.000286170485196635,0.415818303823471,0.163731649518013,0.000413357367506251,0.0010305872419849,0.0103294234722853,0.0460025928914547,0.0572890751063824,0
71028054,51.0735166705954,-115.129856735025,0.486050337553024,0,7.83602590672672e-05,0,0.0971768870949745,0.125933736562729,0.000705242389813066,0.00100562337320298,0.214841693639755,0.0479256212711334,0.0262825153768063,0
71028062,51.1442543913026,-114.528298851973,0.0110045652836561,0,0.00348848826251924,0.00895094964653254,0.426101177930832,0.280284374952316,0.000162070893566124,0.224748119711876,0,0.0349316522479057,0.010328589938581,0
71028073,51.0564601051123,-115.217810001593,0.447293102741241,0,0,0,0.0395414754748344,0.0873654559254646,0.000381052203010768,0,0.292354971170425,0.0640863254666328,0.0689776018261909,0
71028095,51.0467122973386,-115.315660837497,0.568805932998657,0,0,0,0.0535360164940357,0.0757129341363907,0,0,0.207571461796761,0.0736806616187096,0.0206929408013821,0
71028097,51.1015287642045,-114.565284288195,0.0310753919184208,0,0.000236242631217465,0.000669354107230902,0.445502191781998,0.257520169019699,0.000236242631217465,0.195562690496445,0,0.0613407902419567,0.00785692967474461,0
71028132,51.0395826271187,-114.578240112994,0.199654191732407,0,0.00099289056379348,0.00190776609815657,0.521995306015015,0.1893540173769,0.000200472029973753,0.063948780298233,0.00351895554922521,0.0150141892954707,0.00341338687576354,0
71028140,51.1114188309201,-115.395322212008,0.55363941192627,0,0,0,0.0317808873951435,0.115179672837257,0,0,0.22268258035183,0.0531338043510914,0.0235836431384087,0
71028159,51.1491671240395,-115.467816959385,0.595286190509796,0,0,0,0.0111723905429244,0.0525163598358631,0,0,0.28624615073204,0.0151983266696334,0.039580550044775,0
71028189,51.1714664760089,-115.518351869505,0.579436361789703,0.00610600737854838,0,0,0.0326603166759014,0.0264619570225477,0,0.000793919316492975,0.174537315964699,0.0690040662884712,0.110523700714111,0.000476351589895785
71028215,51.0216108617225,-114.759655280203,0.412010699510574,0,0.000145188445458189,0.00620458787307143,0.452416062355042,0.0698860287666321,0,0.0022377073764801,0.0377717949450016,0.0184090323746204,0.000918878067750484,0
71028221,51.1322412795504,-115.524601449276,0.646836698055267,0.00747342174872756,0,0,0.00032819266198203,0.0214658509939909,0,0,0.28687110543251,0.0112804882228374,0.0257442407310009,0
71028249,51.0644108993648,-115.041244567034,0.540491938591003,0,0,0,0.203356966376305,0.128283739089966,0.000166682904819027,0.00332347769290209,0.00338774011470377,0.0771813094615936,0.0438080802559853,0
71028304,51.0144154423571,-115.068604788857,0.559096097946167,0,0,0,0.129262983798981,0.105411060154438,0,0,0.119752064347267,0.0212528444826603,0.0652249678969383,0
71028311,51.0022606360281,-115.48497002283,0.527123391628265,0.000254951126407832,0,0,0.0265422686934471,0.154118150472641,0,0,0.285931050777435,0.000132219473016448,0.00517011154443026,0.00072790973354131
71028377,51.0153830406432,-114.919835309618,0.646394491195679,0,7.47526282793842e-05,0.000465179909951985,0.163893491029739,0.124229848384857,5.81409294682089e-05,0.000340539729222655,0.0445649996399879,0.0182342622429132,0.00174422794952989,0
71028380,50.9890313563441,-114.860769526819,0.740139186382294,0,0,0.000100823825050611,0.124958515167236,0.0982614159584045,0.000100823825050611,0,0.0212715175002813,0.0148854423314333,0.00028230671887286,0
71028490,51.9735180440772,-114.456635812672,0.116396978497505,0,0.00062193744815886,0.0249745324254036,0.164177760481834,0.0853688940405846,0.0605424344539642,0.437220692634583,0.034590270370245,0.0455919057130814,0.0305146351456642,0
71028494,51.9035984672551,-114.542919376064,0.0802739039063454,0,0.000943262770306319,0.0164140742272139,0.237497001886368,0.0585606805980206,0.0751771926879883,0.442618370056152,0.0128355696797371,0.0454199016094208,0.030260032042861,0
71028498,51.8798252521496,-114.636274388228,0.103148646652699,0,0.000439667957834899,0.012560648843646,0.185375332832336,0.0646724104881287,0.044463936239481,0.502683818340302,0.00827311351895332,0.0438844747841358,0.0344979763031006,0
71028505,51.823069755327,-114.652211383343,0.0973873883485794,0,0.000493969186209142,0.0257942732423544,0.210358411073685,0.0649096593260765,0.0349062494933605,0.418795526027679,0.00978388451039791,0.0971486195921898,0.0404220297932625,0
71028510,51.7624634525661,-114.640487817522,0.252933710813522,0,0,0.00151064689271152,0.123277440667152,0.128261491656303,0.0469115488231182,0.324902713298798,0.0198533907532692,0.0564482808113098,0.0459007993340492,0
71028524,51.9577309236948,-114.248548479633,0.0667354092001915,0,0.00247888709418476,0.0310816131532192,0.314709037542343,0.116273283958435,0.0538254156708717,0.303030103445053,0,0.0563131645321846,0.0555531308054924,0
71028526,51.7485848851138,-114.749833523903,0.189285576343536,0,0.000688751984853297,0.0344090312719345,0.199118748307228,0.108813636004925,0.0215566512197256,0.319075345993042,0.0228104405105114,0.0268076658248901,0.0774341225624084,0
71028531,51.9315958121827,-114.248299492386,0.201706081628799,0,0,0.0132709955796599,0.169890850782394,0.0231129322201014,0.0810700505971909,0.385253548622131,0,0.0228582825511694,0.102837286889553,0
71028546,51.9012530394744,-114.289386026178,0.019228370860219,0,0.00089302530977875,0.00339172477833927,0.0980665162205696,0.0323405563831329,0.0193523205816746,0.759266138076782,0.000210123602300882,0.0355378314852715,0.0317134335637093,0
71028558,51.6953666391032,-114.88851368982,0.470305860042572,0,0.000167165082530119,0.0741815343499184,0.359939098358154,0.0192616190761328,0.0168985463678837,0.0238336510956287,0.00512639572843909,0.0111544895917177,0.0191316250711679,0
71028580,51.8572318688066,-114.373348753252,0.0473484024405479,0,0.00163305166643113,0.00693657994270325,0.091380849480629,0.0261248759925365,0.0185294039547443,0.751846134662628,0.000459615519503132,0.0433624796569347,0.012378690764308,0
71028585,51.1675923520923,-115.573618326118,0.502606511116028,0,0,0,0.0398912690579891,0.0107839023694396,0,0,0.0164547879248857,0.398207902908325,0.0320556648075581,0
71028597,51.1770042774213,-115.613003360831,0.429949551820755,0.000916135963052511,0,0,0.0991695076227188,0.105201907455921,0,0,0.211616039276123,0.0464473553001881,0.106699459254742,0
71028598,51.6339369718754,-115.0285995239,0.571413397789001,0,9.5482035249006e-05,0.0173250641673803,0.311259865760803,0.0458197630941868,0.0102738803252578,0.00608619209378958,0.0049945549108088,0.0108044240623713,0.0219273753464222,0
71028609,51.1726656568571,-115.649825687632,0.616913974285126,0,0,0,0.0152279986068606,0.0690230280160904,0.00024028931511566,0,0.2623091340065,0.00708584534004331,0.0291997510939837,0
71028657,51.6565985710122,-115.189360746574,0.564628183841705,0,0,0.005235206335783,0.238872334361076,0.146460220217705,0.0062185125425458,0.00746676977723837,0.0036288034170866,0.0178585946559906,0.00963130593299866,0
71028663,51.6391228893058,-115.265137585991,0.450591593980789,0,0,0,0.0994574278593063,0.365765005350113,0,0,0.0318934880197048,0.0196346398442984,0.0326578430831432,0
71028675,51.7824778014562,-114.349161930977,0.00326804863288999,0,0.000179847600520588,0.000900975603144616,0.0626824125647545,0.0353411510586739,0.00912262499332428,0.839015424251556,0.000209822203032672,0.0441501513123512,0.00512952776625752,0
71028676,51.1948847202864,-115.754929153741,0.545925974845886,4.49529434263241e-05,0,0,0.0293809827417135,0.120877899229527,0.000149843137478456,0,0.266650438308716,0.0169154033064842,0.0200544521212578,0
71028681,51.7494956140351,-114.655197368421,0.956910789012909,0,0,0,0.000702654768247157,0,0.0324368141591549,0.00994976237416267,0,0,0,0
71028685,51.6582976756471,-115.306896900863,0.533315002918243,0,0,0,0.0715071856975555,0.248649910092354,0,0,0.0356371887028217,0.0932651087641716,0.0176255665719509,0
71028699,51.6536694386694,-115.334251559252,0.863584339618683,0,0,0,0.00874801725149155,0.0416761860251427,0,0,0.0208404678851366,0.0271557159721851,0.0379952564835548,0
71028700,51.2315339360023,-115.839235184388,0.797610521316528,0,0,0,0.0154892019927502,0.0403416007757187,0,0,0.0778019353747368,0.0476537197828293,0.0211030356585979,0
71028722,51.7613142588412,-114.495579345372,0.0709496885538101,0,0.000190416118130088,0.00475078402087092,0.187525495886803,0.0413420833647251,0.0248471964150667,0.606869459152222,0.00185846129897982,0.0469542667269707,0.0147121520712972,0
71028727,51.9351879650599,-114.685712660412,0.102648764848709,0,0.00116187648382038,0.0174446105957031,0.261682778596878,0.0307687502354383,0.0520764328539371,0.457858502864838,0.00214415625669062,0.0513724200427532,0.0228417403995991,0
71028734,51.7116554503158,-114.643307992689,0.150558233261108,0,0,0.00950789637863636,0.216533571481705,0.0868504866957664,0.0185817088931799,0.46915277838707,0.00157346669584513,0.0450856015086174,0.00215627276338637,0
71028740,51.2677974498147,-115.895695485483,0.734719157218933,0,0,0,0.0171925611793995,0.0461223386228085,0,0,0.170006558299065,0.0174501482397318,0.0145092271268368,0
71028757,51.2390418170879,-114.733857927196,0.143718406558037,0,0,0.00815354287624359,0.383370131254196,0.336269974708557,0,0.00160842761397362,0.000903282896615565,0.041357260197401,0.0846189558506012,0
71028795,51.7054319561474,-114.349448446136,0.000854954414535314,0,0.000503812450915575,0.000366409047273919,0.0843525603413582,0.0476660281419754,0.00719469971954823,0.816664159297943,0.00047987827565521,0.0391999036073685,0.00271760416217148,0
71028833,51.2746661083477,-114.818822708355,0.493223875761032,0,0,0.00673777284100652,0.330217033624649,0.124113276600838,0.000389756023650989,0.0101844938471913,0.00118621392175555,0.0275714639574289,0.00637608440592885,0
71028835,51.6569749428156,-114.345836972344,0,0,0,0.00105005560908467,0.0470835901796818,0.00999278575181961,0.000525027804542333,0.862753331661224,0.00073503894964233,0.0579831600189209,0.0198770295828581,0
71028847,51.6924672359016,-115.458266895022,0.622716784477234,0,0,0.00061046372866258,0.062187023460865,0.149447426199913,0.000142162796691991,0.000459938455605879,0.142858013510704,0.00749650737270713,0.0140816541388631,0
71028852,51.3087116671424,-116.018158397552,0.754442512989044,0,0,0,0.00910229329019785,0.0277530681341887,0,0,0.173496767878532,0.0219159368425608,0.0130907483398914,0.000198668974917382
71028865,51.7360535320088,-115.558276490066,0.547179043292999,0,0,0.0321597494184971,0.183158427476883,0.206616371870041,0,0,0.0115648144856095,0.0087104169651866,0.0106112444773316,0
71028867,51.6291225577595,-114.522718315876,0.090108148753643,0,4.68636317236815e-05,0.00617762235924602,0.205747842788696,0.0505525656044483,0.0118976440280676,0.567082226276398,0.00101225450634956,0.0469477251172066,0.0204271003603935,0
71028893,51.6205336141828,-114.361307486396,0.000487122655613348,0,0,0.0004428387619555,0.0815750062465668,0.0481144264340401,0.0026558511890471,0.809148013591766,0.000619974278379232,0.0376066192984581,0.0193501301109791,0
71028904,51.3510146966855,-116.10112398374,0.85115247964859,0,0,0,0.0118903107941151,0.015643909573555,0,0,0.0925303772091866,0.0197803862392902,0.00900252535939217,0
71028945,51.5925633753501,-114.350459383753,0,0,0,0,0.110686182975769,0.0456691272556782,0.00632930640131235,0.767049670219421,0.00042375031625852,0.0322608612477779,0.0375811122357845,0
71028957,51.3917951569064,-116.124330985915,0.858220040798187,0,0,0,0.00644567096605897,0.0324557088315487,0,0,0.0618705227971077,0.025811456143856,0.015196654945612,0
71028961,51.7126262738558,-115.612095608672,0.596095860004425,0,0,0.000281037588138133,0.0173232890665531,0.193536803126335,0,0,0.180086597800255,0,0.0126764373853803,0
71028963,51.5581215064758,-114.562718132243,0.0905540660023689,0,0,0.00316779292188585,0.272822141647339,0.0876188203692436,0.00817481894046068,0.492598503828049,0.000219348730752245,0.0328392200171947,0.0120052546262741,0
71028968,51.2637809196346,-114.928805467173,0.485771298408508,0,0.000239816319663078,0.00465641543269157,0.324934601783752,0.142015218734741,0.000633800285868347,0.000188427104149014,0.00822971016168594,0.0250782836228609,0.00825237948447466,0
71028974,51.4379526828019,-116.15269816878,0.768919289112091,0,0,0,0.0228499341756105,0.104509212076664,0,0,0.0687141269445419,0.0293592102825642,0.00564824230968952,0
71028975,51.5640840365682,-114.340560829817,0,0,0,0,0.0431514345109463,0.00885988678783178,0.00212637288495898,0.909043729305267,0,0.0190987903624773,0.0177197735756636,0
71029016,51.4097199014567,-116.177020672665,0.832720279693604,0,0,0,0.0035388667602092,0.00333558768033981,0,0,0.00384417036548257,0.139616400003433,0.0169447027146816,0
71029022,51.4227884615385,-116.180256410256,0.368740439414978,0,0,0,0,0.023846996948123,0,0,0,0.607249855995178,0.000162703203386627,0
71029028,51.5405036429873,-114.596480874317,0.373785197734833,0,0,0.00110096600838006,0.207055136561394,0.0821461379528046,0.0134879220277071,0.272581815719604,0,0.0217770617455244,0.0280657764524221,0
71029042,51.2675927230047,-114.996454225352,0.557284712791443,0,0,0,0.132843479514122,0.136515066027641,0.00141049490775913,0,0.0648231506347656,0.0317619293928146,0.0753611549735069,0
71029057,51.8960130555207,-114.90644122232,0.295307040214539,0,0.00375944375991821,0.065956212580204,0.391138017177582,0.050114169716835,0.0756564289331436,0.0778154656291008,0.00102175376378,0.0252650137990713,0.0139664094895124,0
71029064,51.5979873680241,-115.359952205882,0.844718873500824,0,0,0,0.0100882556289434,0.0978417247533798,0.000190166902029887,0,0.0175950769335032,0.0167149659246206,0.012850915081799,0
71029071,51.4421162528217,-116.200753386004,0.83906102180481,0,0,0,0.00368737359531224,0.0114386100322008,0,0,0.000755075423512608,0.129879415035248,0.015178426168859,0
71029118,51.2192052321883,-115.48006480598,0.584015190601349,0,0,0,0.0102485893294215,0.121424205601215,0.000132582004880533,0.000609877228271216,0.23538726568222,0.0345004573464394,0.01358905993402,9.28074077819474e-05
71029134,51.5283929150454,-114.649458495461,0.372946083545685,0,0.00085722649237141,0.0824260786175728,0.322057873010635,0.0287056267261505,0.00410294206812978,0.138774871826172,0.0017552733188495,0.0368851236999035,0.0114889275282621,0
71029150,51.8846745205744,-115.092069962417,0.412349462509155,0,0,0.0560143254697323,0.413585364818573,0.0329983830451965,0.0486659742891788,0.0166799128055573,0.000244530907366425,0.0187830477952957,0.0006789670442231,0
71029158,51.6047300865801,-115.44226991342,0.716399431228638,0,0,0,0.0358337908983231,0.0446200743317604,0.000349365785950795,0.000829743745271116,0.196583122014999,0,0.00538446940481663,0
71029189,51.6011039633245,-115.483125184857,0.447063267230988,0,0,0.000344416184816509,0.111044488847256,0.0595967471599579,0,0,0.371583521366119,0,0.0103675834834576,0
71029203,51.6803880314763,-115.720089221696,0.42037358880043,0,0,0.000181125098606572,0.014569103717804,0.101207360625267,4.52812746516429e-05,0,0.453171938657761,0.000498094013892114,0.00995353236794472,0
71029212,51.6204270932418,-114.72102695666,0.395639955997467,0,0.000433857436291873,0.0539176464080811,0.326627850532532,0.0420926138758659,0.0300924815237522,0.124495960772038,0.000155127912876196,0.0212807115167379,0.00526375230401754,0
71029225,51.8494211576846,-115.118154357951,0.456666320562363,0,0,0.0398090295493603,0.300288468599319,0.0472215823829174,0.114823371171951,0.00943220406770706,0.00099811761174351,0.0307608935981989,0,0
71029334,51.5454308604592,-114.322366262932,0,0,0,0,0.0119627956300974,0.0153708988800645,0,0.934550225734711,0,0.0339213311672211,0.00419470714405179,0
71029335,51.6705753809142,-115.812363895572,0.533996045589447,0,0,0,0.0181461442261934,0.185916051268578,0,0,0.250369518995285,0,0.0115722455084324,0
71029380,51.7855232800266,-114.69759057971,0.10974195599556,0,0,0.000210892365430482,0.0705011487007141,0.282583296298981,0.0659982785582542,0.208468496799469,0.0157110709697008,0.236662060022354,0.0101228328421712,0
71029391,51.3389050540881,-114.949130794305,0.472884744405746,0,0.000689144304487854,0.011953167617321,0.385327458381653,0.108691871166229,0.000328545545926318,4.80798371427227e-05,0.00187456060666591,0.0117189744487405,0.00648340955376625,0
71029414,51.5948100772316,-115.169858903906,0.597764551639557,0,0,0.00255901203490794,0.198531776666641,0.178242206573486,0.000798911089077592,0.00170221459120512,0.00123765005264431,0.0165907740592957,0.00257293973118067,0
71029434,51.4804853565629,-114.709630167354,0.446782350540161,0,0.000204179552383721,0.0448343493044376,0.387444794178009,0.0682834982872009,0.0045817312784493,0.0214510597288609,0.000314122386043891,0.0235020387917757,0.00260189105756581,0
71029448,51.3041755054204,-115.539586727219,0.521248936653137,0.000215346502955072,0,0,0.0114525072276592,0.0690936148166656,0,0.000303442793665454,0.384625107049942,0,0.0127771776169538,0.000283865840174258
71029450,51.3429166666667,-115.605,0.00950540322810411,0,0,0,0,0.873558700084686,0,0,0.116935811936855,0,0,0
71029451,51.8312384303283,-115.171879041461,0.384525060653687,0,0,0.00289412052370608,0.383985489606857,0.119077764451504,0.0690890699625015,0.00668415753170848,0.00683459639549255,0.0269097406417131,0,0
71029490,51.6299015775513,-115.563658616036,0.526727974414825,0.000117426032375079,0,0.000783991417847574,0.0310461334884167,0.0618501491844654,0,0,0.377360701560974,0,0.00211366848088801,0
71029520,51.6456302183686,-115.861428127007,0.524784088134766,0,0,0.0041543678380549,0.0742114707827568,0.176007345318794,0,0,0.212655141949654,0,0.0081875491887331,0
71029528,51.5233515605415,-116.281869150581,0.772709310054779,0,0,0,0.0137960407882929,0.0532332770526409,0,0,0.134277775883675,0.00682484311982989,0.0184641350060701,0.000694621237926185
71029602,51.6941666666667,-114.967457482993,0.178773269057274,0,0,0,0.342727214097977,0.165167406201363,0,0.271759450435638,0,0.0415726192295551,0,0
71029639,51.2525703171753,-115.028191202872,0.837352633476257,0,0,0,0.0378487296402454,0.037589818239212,0,0,0.0302902776747942,0,0.0569185987114906,0
71029646,51.6442373218693,-115.936099036701,0.395164847373962,0,0,0,0.018859738484025,0.056393563747406,0,0,0.520455002784729,0,0.00912677310407162,0
71029715,51.7055147771318,-114.984837693798,0.289592951536179,0,0,0,0.654646039009094,0.0305914282798767,0.0173891000449657,0.00778045086190104,0,0,0,0
71029721,51.4101647317783,-115.08932713814,0.87116014957428,0,0,0,0.0656313300132751,0.0319809503853321,0,0.000249645905569196,0.00211864244192839,0.0211198981851339,0.00773935625329614,0
71029759,51.4563988589106,-114.283481808125,0,0,0,5.1499911933206e-05,0.0356286652386189,0.051840502768755,0.00160451058764011,0.862505197525024,0.000421268778154626,0.042564295232296,0.00538403820246458,0
71029766,51.6162424911119,-115.936370295452,0.745657563209534,0,0,0,0.00380394048988819,0.0198476109653711,0,0,0.195640191435814,0,0.0350506976246834,0
71029770,51.4652900217971,-114.780473682086,0.38203752040863,0,0,0.00278772949241102,0.428839772939682,0.134372055530548,0.00525951897725463,0.0360017195343971,0.000202983123017475,0.0104986829683185,0,0
71029778,51.6116902882912,-116.311351935363,0.514145791530609,0,0,0,0.00371696962974966,0.0169296599924564,0,0,0.438038885593414,0.00596044212579727,0.00747959734871984,0.0137286148965359
71029798,51.1452889825406,-115.673966987758,0.868513524532318,0,0,0,0.00584131153300405,0.00456341309472919,0,0,0.0920349210500717,0.0168764088302851,0.0121704610064626,0
71029800,51.3797421394941,-115.65553627005,0.584868788719177,0.000120167402201332,0,0.000260362692642957,0.0480934232473373,0.137770414352417,0.000520725385285914,0.00819904170930386,0.216631263494492,0,0.00353575241751969,0
71029803,51.413016655811,-114.783434912069,0.428446769714355,0,7.78977919253521e-05,0.0253526270389557,0.488335609436035,0.0297284107655287,0.00440268823876977,0.00479240762069821,0.000389488966902718,0.0183962062001228,7.78977919253521e-05,0
71029857,51.2047592518236,-115.577004282942,0.561763405799866,0,0,0.00026771062402986,0.0308147054165602,0.0923587009310722,0,0.000468493584776297,0.195711523294449,0.108776614069939,0.00983882322907448,0
71029863,51.4206439393939,-114.840223063973,0.549984395503998,0,0,0,0.421751320362091,0.0282642971724272,0,0,0,0,0,0
71029879,51.0691490659908,-114.604451093589,0.0733809396624565,0,0,0.00547485426068306,0.456555545330048,0.170024305582047,0,0.254599452018738,0,0.0241921152919531,0.0157728176563978,0
71029924,51.5440145042516,-115.258513568493,0.819314360618591,0,0,0,0.0234571620821953,0.149929910898209,0.00147559202741832,0,0.00209000613540411,0.00363048282451928,0.000102471662103198,0
71029930,51.4775055788005,-114.829377963738,0.163808837532997,0,0,0.00434953905642033,0.706038177013397,0.0747638568282127,0.00224591861478984,0.0382488071918488,0,0.00984335038810968,0.00070153851993382,0
71029963,51.1132636048097,-115.677521073509,0.690339624881744,0,0,0,0.00334074441343546,0.0700554922223091,0,0,0.23626421391964,0,0,0
71029992,51.5128003437569,-116.179190563318,0.635645031929016,0,0,0,0.0455652438104153,0.0882837027311325,0,0,0.218737453222275,0.00516157830134034,0.00657564774155617,3.13236923830118e-05
71030026,51.5654467353952,-116.153341924399,0.997290074825287,0,0,0,0.00075868732528761,0.00195118947885931,0,0,0,0,0,0
71030034,51.5604451821587,-115.920782017608,0.452931463718414,0,0,0,0.0194367878139019,0.0890908390283585,0,0,0.435127645730972,0,0.00299659487791359,0.000416677678003907
71030035,51.5767619604606,-115.68053162699,0.440132141113281,0,0,0.000208100755116902,0.0480703599750996,0.236851081252098,0,0,0.27389669418335,3.22962441714481e-05,0.000809280725661665,0
71030057,51.5388611111111,-115.733333333333,0.689890801906586,0,0,0,0,0.306291192770004,0,0,0.00381804606877267,0,0,0
71030071,51.0959514170041,-115.6539788574,0.653481483459473,0,0,0,0.000673258618917316,0.0623977296054363,0,0,0.283447533845901,0,0,0
71030100,51.1958433900165,-115.845500091425,0.55403071641922,0,0,0,0.039133295416832,0.0927132219076157,0,0,0.310280084609985,0.000734540517441928,0.00310814427211881,0
71030156,51.8425714285714,-115.105857142857,0.636576592922211,0,0,0.0554275177419186,0.255423039197922,0,0.0472109019756317,0,0.00536203291267157,0,0,0
71030177,51.4186138103651,-115.726080499117,0.549683272838593,0,0,0.000739637122023851,0.0788184776902199,0.0727783888578415,0,0,0.29798024892807,0,0,0
71030189,51.2201603533826,-114.434546976481,0.0377829894423485,0,0,0.00399264087900519,0.293132811784744,0.365006446838379,0.00115019909571856,0.138274818658829,0.00605299416929483,0.151476934552193,0.0031301046255976,0
71030191,51.4040256410257,-115.763243589744,0.896417140960693,0,0,0,0,0.0746382474899292,0,0,0.0289446990936995,0,0,0
71030202,51.8244957638532,-114.814414530228,0.110322669148445,0,0.00211707735434175,0.0202431213110685,0.431790769100189,0.0925124064087868,0.0394357554614544,0.263929456472397,0.000198566311155446,0.034485999494791,0.00496415793895721,0
71030231,51.5708272569445,-115.55954333044,0.566968441009521,7.29201856302097e-05,0,0.000218760571442544,0.0210308916866779,0.0712561011314392,7.29201856302097e-05,0.000350016896845773,0.33969458937645,0,0.000335432850988582,0
71030243,51.353302605703,-115.587276302851,0.676502466201782,0,0,0,0.0145084951072931,0.161248043179512,0,0.00582523783668876,0.124158121645451,0,0.0177576169371605,0
71030265,51.8285109649123,-114.884861842105,0.00213881954550743,0,0.0128906583413482,0.0467692725360394,0.736409187316895,0.159428268671036,0.00616446835920215,0.00555629841983318,1.63230617999943e-06,0.0306414142251015,0,0
71030270,51.600547629188,-116.143072118115,0.461362063884735,0,0,0,0.0474959127604961,0.0868598893284798,0,0,0.39869213104248,0,0.00302652083337307,0.00256349425762892
71030287,51.4018479414558,-116.05402952349,0.698328256607056,0,0,0,0.0204327628016472,0.0637891888618469,0,0,0.215566918253899,0.0014332477003336,0.000449597049737349,0
71030292,51.5509844314343,-115.029418860927,0.635664403438568,0,7.92142891441472e-05,0.0099685424938798,0.246516719460487,0.0891830921173096,0.0027034510858357,0.00322117703035474,0.000151637053932063,0.0121351405978203,0.000376646872609854,0
71030302,51.1899449710374,-115.909394944708,0.684321403503418,0,0,0,0.0380497165024281,0.0623313039541245,0,0,0.215034320950508,0,0.000263239111518487,0
71030308,51.3092514579381,-115.253305379064,0.420329868793488,4.31474461493053e-07,0,3.52136667061131e-05,0.0204448960721493,0.117575071752071,3.01831441902323e-05,0,0.424276083707809,0.00682161003351212,0.0104866782203317,0
71030313,51.2652791899677,-114.358305371971,0.00560011249035597,0,0,0.00074719573603943,0.291056215763092,0.41116851568222,0,0.229078829288483,0.00110305240377784,0.0346748568117619,0.026571212336421,0
71030314,51.2453410637884,-114.530782040062,0.00126532942522317,0,0.000291999109322205,0.00204637600108981,0.418363243341446,0.467838138341904,0.00350398942828178,0.070756696164608,0.000165196048328653,0.0354282855987549,0.000340703205438331,0
71030390,51.548298245614,-115.976746646027,0.530686676502228,0,0,0,0.00155968219041824,0.0820146128535271,0,0,0.370974034070969,0,0.0147649915888906,0
71030418,51.0164215186804,-115.598883551674,0.357767939567566,0.00478136260062456,0,0,0.00809523183852434,0.090339720249176,0,0,0.523164927959442,0,0.0122985150665045,0.00355223589576781
71030428,50.9947617342524,-114.678346537165,0.204989150166512,0,0.000795648025814444,0.008466936647892,0.735407054424286,0.039677232503891,0,0.00737477466464043,0,0.000600594095885754,0.00268860463984311,0
71030431,50.9967502492523,-115.242501994018,0.632879614830017,0,0,0,0.0690646171569824,0.115728907287121,0,0,0.173947528004646,0.00684071891009808,0.00153865374159068,0
71030460,51.011675170068,-114.998628968254,0.800121665000916,0,0,0,0.0811076536774635,0.0813543200492859,0,0,0.0255082305520773,0.0118791200220585,2.9031982194283e-05,0
71030474,51.0483375398343,-115.432945315487,0.585047006607056,0.000101644851383753,0,0,0.00387924211099744,0.0762187317013741,0,0,0.304565966129303,0.00990262627601624,0.0202848128974438,0
71030527,51.0358597362562,-115.667375549466,0.430120259523392,0.0048146746121347,0,0,0.0115480544045568,0.0738086998462677,0,0,0.456497669219971,0.0112920626997948,0.00939178559929132,0.00252678408287466
71030563,51.0596442240779,-115.723370240581,0.401115745306015,0.000842475390527397,0,0,0.0289256162941456,0.221982687711716,0,0,0.340299218893051,0,0.00683428393676877,0
71030588,51.0842638929475,-114.751588252484,0.326615184545517,0,0.000610763672739267,0.00521759269759059,0.579889178276062,0.0472601391375065,0,0.0126668596640229,0.000279356259852648,0.0142704760655761,0.0131904734298587,0
71030626,51.1142673406346,-115.202934428531,0.454512029886246,0,0,0,0.0324791930615902,0.12270575761795,0,0,0.379777193069458,0.0105226384475827,3.18001661980816e-06,0
71030660,51.105703114485,-114.895191526017,0.351020157337189,0,0.000117054230940994,0.00570608535781503,0.490379929542542,0.0675434097647667,0,0.00798038672655821,6.71605012030341e-05,0.0428055748343468,0.0343803055584431,0
71030690,51.1065732994313,-115.777315384405,0.479362696409225,0.000245570001425222,0,0,0.0574456378817558,0.210442170500755,6.82138925185427e-05,0,0.242572247982025,0.00470385514199734,0.00502313720062375,0.000136427785037085
71030703,51.1168975475134,-114.718048679868,0.15873546898365,0,0,0.0018112831749022,0.58991539478302,0.144498199224472,0,0.0295646097511053,0.00122121733147651,0.0316248573362827,0.0426290035247803,0
71030716,51.1429364132478,-114.64739764919,0.00863186083734035,0,0.00303893373347819,0.00207868032157421,0.545694172382355,0.241608828306198,0.000364105449989438,0.14337582886219,0,0.0336392968893051,0.0215682853013277,0
71030717,51.122122519716,-115.3023279588,0.271521657705307,0,0,0,0.0355394631624222,0.0999174565076828,0,0,0.495830535888672,0.0968072935938835,0.000383577891625464,0
71030749,51.1184109698755,-114.381550793159,0.00475381826981902,0,0,0,0.101130202412605,0.363297253847122,0.00177954894024879,0.384769827127457,0.00716623570770025,0.116305075585842,0.0207979865372181,0
71030774,51.1223035189129,-115.599616798499,0.739340424537659,0,0,0,0.0190760623663664,0.0356929153203964,0,0,0.19877901673317,0,0.00711155496537685,0
71030784,51.1245460549713,-115.901304552152,0.675830721855164,0,0,0,0.0510992854833603,0.069719634950161,0,0,0.17375060915947,0,0.0263505987823009,0.00324914627708495
71030831,51.1727096315732,-115.004406909369,0.283485651016235,0,0,0.000355098920408636,0.641276001930237,0.045658640563488,0,0.000891800096724182,0,0.0262556914240122,0.00207707565277815,0
71030835,51.1529608579275,-115.119472051309,0.370503753423691,0,0,0,0.165619179606438,0.0837123841047287,0,0,0.37178510427475,0.00417761318385601,0.00420195609331131,0
71030838,51.1534663574323,-115.968905505794,0.459447473287582,0,0,0,0.0148124685510993,0.0433892831206322,0,0,0.397768706083298,0,0.0177720673382282,0.0668099969625473
71030896,51.1477363459474,-115.853183876812,0.47073158621788,0,0,0,0.089542530477047,0.164785742759705,0,0,0.274403989315033,0,0.000536165840458125,0
71030906,51.2148589453637,-114.938101515693,0.382445722818375,0,0,0.00214328151196241,0.394517958164215,0.129698038101196,0,0.000861669075675309,0,0.043220791965723,0.0471125021576881,0
71030944,51.2060104520084,-115.187507022728,0.32008221745491,0.000228039643843658,0,0,0.0461927801370621,0.094293013215065,0,0,0.518626034259796,0,0.0205779355019331,0
71030950,51.1830450833196,-115.367999298796,0.461708575487137,0,0,0,0.0286007337272167,0.196099355816841,0,0,0.301005154848099,0.00779649661853909,0.00478965556249022,0
71031068,51.2695184319834,-114.65581833391,0.161352917551994,0,0,0.0086436178535223,0.415109306573868,0.305233508348465,0.00103997346013784,0.0762977823615074,0.000664427469018847,0.0304740015417337,0.00118441414088011,0
71031077,51.2060823732495,-115.059127293533,0.676317870616913,0,0,0,0.261179447174072,0.024781733751297,0,0.000155185014591552,0.0247390270233154,0,0.0128267304971814,0
71031094,51.2558967160116,-115.614485990585,0.505203306674957,0.00641686143353581,0,0.000198752342839725,0.0460860133171082,0.0446819141507149,0,0.000198752342839725,0.390769124031067,0,0.00547988619655371,0.00096536852652207
71031120,51.241999976797,-116.019043807137,0.688191115856171,0,0,0,0.00721909943968058,0.0385232977569103,0,0,0.219306394457817,0.00429670931771398,0.0211801361292601,0.0212832819670439
71031130,51.2321728368489,-114.810458458889,0.170005843043327,0,0.000861549226101488,0.00160107610281557,0.648763656616211,0.14402037858963,0.000394876726204529,0.00721547473222017,0,0.023976469412446,0.00316072581335902,0
71031155,51.2846021256677,-114.456491546891,0.00109240890014917,0,0.000275846570730209,0.00157464935909957,0.357883661985397,0.21593751013279,0.000945805746596307,0.36931437253952,0.00386506621725857,0.0359519496560097,0.013158768415451,0
71031177,51.2594380195157,-115.332464763282,0.35437399148941,2.74139074463164e-05,0,3.28966889355797e-05,0.0104773016646504,0.0918974056839943,0,0.000630519876722246,0.396272242069244,0.00161375955212861,0.144647002220154,2.74139074463164e-05
71031181,51.2831663414634,-114.721913821138,0.411505699157715,0,0.000211760183447041,0.0126877939328551,0.301914483308792,0.19121627509594,0.000716726761311293,0.0437316410243511,0.000527195865288377,0.0312969833612442,0.00619145669043064,0
71031215,51.2642421089143,-114.489166493236,0.00128515670076013,0,0,0,0.202816218137741,0.382476627826691,0.000208403784199618,0.261751651763916,0.00204897462390363,0.0865814387798309,0.0628315061330795,0
71031267,51.3112219233673,-114.427568186108,0.00489561352878809,0,0.000118251533422153,0.00806459691375494,0.343289524316788,0.205714404582977,0.00342249777168036,0.39418751001358,0.000825229217298329,0.0243927072733641,0.0150896580889821,0
71031276,51.3173672149674,-114.350508119873,0.000881176674738526,0,0.000104901984741446,0,0.264020770788193,0.257756978273392,0.00117490231059492,0.382621854543686,0.00148960819933563,0.0342243723571301,0.0577254518866539,0
71031279,51.3048041873776,-115.058793492996,0.497831761837006,0,0,0.00277870078571141,0.371701270341873,0.111048564314842,9.05789493117481e-05,0,0.00673348736017942,0.00425613485276699,0.00555949658155441,0
71031296,51.2737546935475,-115.701851231395,0.443815052509308,0.00209254282526672,0,0,0.0310124829411507,0.0834729671478271,0,0.000308577757095918,0.433724671602249,0,0.00545796891674399,0.00011571665527299
71031303,51.3174876370422,-114.555854210404,0.00953459646552801,0,0.000357628567144275,0.00692538265138865,0.497761458158493,0.284264415502548,0.00518670259043574,0.159374997019768,0,0.0309945847839117,0.00560026103630662,0
71031359,51.3244591770388,-116.184460570314,0.367752581834793,0,0,0,0.0119056291878223,0.0487484000623226,0,0,0.477923154830933,0.00426648464053869,0.0247581209987402,0.0646456405520439
71031397,51.3210879542705,-115.649154045145,0.596193075180054,0.00232172245159745,0,0,0.0242727026343346,0.0643987879157066,0,0.00732074631378055,0.299961417913437,0,0.00553152756765485,0
71031414,51.3769107386624,-114.429539494751,0.00341509282588959,0,0.000219923880649731,0.00429265573620796,0.344551146030426,0.302737206220627,0.000419834075728431,0.306334525346756,0.000727440521586686,0.0294193718582392,0.00788279250264168,0
71031429,51.344427406141,-115.456222127235,0.258668571710587,0.00217694649472833,0,0.00017865517293103,0.0247317403554916,0.0851773992180824,0.000393041380448267,0.00121485523413867,0.620526671409607,0,0.00586018990725279,0.00107193109579384
71031431,51.308019825543,-114.627802191398,0.151495739817619,0,0.000435279100202024,0.0223454721271992,0.452646970748901,0.276274979114532,0.00160451501142234,0.0746301114559174,0.000651126843877137,0.0179407969117165,0.00197502761147916,0
71031478,51.3597847222223,-115.090123382801,0.793519794940948,0,0,9.54571660258807e-05,0.115816675126553,0.0755069553852081,0.000210005760891363,0,0.0127967735752463,0.0014242825563997,0.000630017253570259,0
71031489,51.3610183979552,-115.194814453125,0.652909874916077,0,0,0,0.0390872247517109,0.0658767521381378,0,0,0.240572229027748,0,0.00155395164620131,0
71031502,51.3753899336285,-115.525606958491,0.239744156599045,0.00388602283783257,0,0,0.00272307638078928,0.079468846321106,0.000793129031080753,0.0028552645817399,0.668371021747589,0,0.0015722889220342,0.000586251961067319
71031503,51.3639509409568,-116.230047287267,0.360623210668564,0,0,0,0.0195445213466883,0.0464392900466919,0,0,0.515567123889923,0.00186440802644938,0.0181888770312071,0.0377725325524807
71031506,51.3373553038256,-115.871350558374,0.410963594913483,0,0,3.65552841685712e-05,0.038778193295002,0.0837068781256676,0,0,0.459329336881638,0.000811695121228695,0.00416730251163244,0.00220642727799714
71031524,51.3559711046086,-114.831146427701,0.414046376943588,0,0.00134564680047333,0.0527812279760838,0.468715757131577,0.0358435399830341,0.000318061967846006,0.00155323371291161,0.000253314530709758,0.0152583979070187,0.00988438725471497,0
71031528,51.4359614278163,-114.5289779395,0.156725540757179,0,0.000239652115851641,0.0112816402688622,0.301892817020416,0.114085949957371,0.00236124964430928,0.374348014593124,0.00055250246077776,0.0324753783643246,0.00603725714609027,0
71031529,51.3937732032729,-115.421117802406,0.255117148160934,0.000122633267892525,0,0,0.00733455270528793,0.0489042773842812,0,9.19749509193935e-05,0.68594890832901,0,0.00228391564451158,0.000196597975445911
71031561,51.3895907506829,-115.845781372642,0.242623925209045,0,0,0,0.0149735789746046,0.0953158363699913,0,0,0.639775812625885,0,0.00636798329651356,0.000942879123613238
71031569,51.362215310886,-115.761083507151,0.428335011005402,0,0,0,0.0571634024381638,0.0865256190299988,0,0,0.419877678155899,0,0.00797376595437527,0.000124590093037114
71031594,51.395650286918,-115.254631788577,0.417018920183182,0,0,0,0.00982436630874872,0.0430024787783623,0,0,0.513270080089569,0.00753906182944775,0.00934511795639992,0
71031611,51.3896097308489,-114.893353726708,0.685622096061707,0,0.000561294029466808,0.0180005487054586,0.273901551961899,0.0117455050349236,0,0.000145520665682852,0.000761829665862024,0.0092616705223918,0,0
71031640,51.3800405460891,-114.304270341477,0.00177853798959404,0,0,0,0.229614645242691,0.351938307285309,0.000824376940727234,0.354145288467407,0.000412188470363617,0.0264156442135572,0.0348709970712662,0
71031642,51.4181066962041,-115.574919636124,0.166715383529663,0.00202053692191839,0,0.000773486797697842,0.0244832262396812,0.125320672988892,0.00121547933667898,0.000962912163231522,0.674259305000305,0,0.003528495086357,0.000720461597666144
71031643,51.3964835582034,-116.254430231879,0.260573476552963,0,0,0,0.0236663557589054,0.0515552572906017,0,0,0.499965906143188,0.0128981033340096,0.0376568548381329,0.113684006035328
71031654,51.4529376287144,-116.113206678435,0.458635538816452,0,0,0,0.0879453644156456,0.13448540866375,0,0,0.311171978712082,0.00284088449552655,0.00453229155391455,0.000388536049285904
71031687,51.3975736284889,-115.999370227783,0.151357516646385,0,0,0,0.000161094867507927,0.07722457498312,0,0,0.749633550643921,0,0.0109222326427698,0.0107010854408145
71031719,51.4422957543821,-115.815915461375,0.238486245274544,0,0,9.3922957603354e-05,0.0278276838362217,0.0981965959072113,0,0,0.620900213718414,0,0.00802102033048868,0.00647436082363129
71031739,51.4383076755501,-114.965931002348,0.719490528106689,0,0,0.002646867884323,0.194679021835327,0.0584923475980759,0.00167878088541329,0.00099753646645695,0.000276106060482562,0.0216658320277929,7.29904713807628e-05,0
71031769,51.4488371294495,-115.690250658121,0.539345622062683,0.000594537006691098,0,0.0011890740133822,0.0861824005842209,0.141395911574364,9.58930613705888e-05,0,0.229566335678101,0,0.00163018214516342,0
71031785,51.4424144276776,-115.160010428168,0.858948707580566,0,0,0,0.0791421830654144,0.0418032929301262,0,0,0.0154903391376138,0.00237508001737297,0.00224044662900269,0
71031838,51.4618402204994,-116.012216265259,0.222517907619476,0,0,0.000221195310587063,0.0708419531583786,0.151552498340607,0,0,0.531500101089478,0,0.0219951085746288,0.0013712941436097
71031849,51.4805048379082,-115.544080943611,0.199877217411995,0.00027939083520323,0,0.000191162151168101,0.0315004959702492,0.093609094619751,0,0.00091169640654698,0.67355740070343,0,7.3523900937289e-05,0
71031850,51.4887338064197,-115.92482114861,0.269962191581726,0,0,0.000484346994198859,0.0239129029214382,0.0705184936523438,0,0,0.480261892080307,0,0.0403632931411266,0.114496856927872
71031855,51.4718134657837,-115.175009657837,0.723624050617218,0,0,0,0.0398456826806068,0.186041221022606,0,0.00283112516626716,0.0301696043461561,0.017488332465291,0,0
71031856,51.4779349961665,-115.267132651268,0.765399694442749,0,0,0,0.0206653960049152,0.0989774167537689,0,0,0.109577015042305,0.00439217546954751,0.000915962329600006,7.23128177924082e-05
71031863,51.4816995732429,-114.941786659983,0.592943370342255,0,0.000155190151417628,0.00956350937485695,0.354177623987198,0.0246038567274809,0.00492728734388947,0.00162481772713363,0.000387975393095985,0.0112283816561103,0.000387975393095985,0
71031870,51.4909880517458,-115.429864796071,0.521325707435608,0.000210939251701348,0,0,0.0371020697057247,0.103071436285973,0.000311386509565637,0.0028728770557791,0.331796586513519,0.00297751557081938,0.000271207623882219,6.02683576289564e-05
71031893,51.4812741637568,-116.317553577754,0.455524682998657,0,0,0,0.0067751039750874,0.0263609196990728,7.63692951295525e-05,0,0.394088685512543,0.00745266443118453,0.00950368773192167,0.100217886269093
71031911,51.4819098030522,-115.368828012416,0.897104203701019,0,0,0,0.0186725445091724,0.033340860158205,0.000557644874788821,0.00165418873075396,0.0470911003649235,0.000947453314438462,0.000631997536402196,0
71031922,51.5080732077852,-115.824500530284,0.277241736650467,0,0,0.000735809560865164,0.0472919084131718,0.112533278763294,0,0,0.557046592235565,0,0.00515066692605615,0
71031931,51.5008893325805,-114.228529767667,0.000148861028719693,0,6.76641066092998e-05,6.76641066092998e-05,0.0338789001107216,0.0239939671009779,0.00303135183639824,0.879513800144196,0.000235677885939367,0.0456240437924862,0.0134380916133523,0
71031965,51.4852711047368,-114.604493745269,0.216520294547081,0,0.00134285050444305,0.0340917147696018,0.425835102796555,0.0853847041726112,0.0016524966340512,0.182422697544098,0.00127498502843082,0.0466998256742954,0.00477533368393779,0
71031968,51.5002493092188,-115.626610058492,0.362217873334885,0,0,0.000668184773530811,0.0585804842412472,0.19299578666687,0.000126413346151821,9.02952451724559e-05,0.37220361828804,0,0.00319645158015192,0.00992090348154306
71031975,51.5323910589753,-114.822385113073,0.470792502164841,0,0,0.031978540122509,0.37070232629776,0.069151982665062,0.015924159437418,0.0300446171313524,0.00252949935384095,0.00767176831141114,0.00120455084834248,0
71031986,51.4992916409941,-115.730858389813,0.545613586902618,0,0,0.000868191651534289,0.0803384408354759,0.114805966615677,0,0,0.257436662912369,0,0.000930205394979566,6.9584307311743e-06
71032024,51.5489564286303,-114.754598468001,0.443532466888428,0,0.000580922875087708,0.0797493830323219,0.396185427904129,0.0163948312401772,0.0214008800685406,0.0199315790086985,0,0.0205381978303194,0.00168634648434818,0
71032048,51.5247790055249,-114.904215130368,0.482431620359421,0,8.13414299045689e-05,0.00651759374886751,0.483367890119553,0.0182388946413994,0.00665261782705784,0.00157925975508988,0,0.000610176124610007,0.000520585104823112,0
71032073,51.5251717399748,-116.015121249636,0.354734390974045,0,0,0,0.0435365363955498,0.0706344097852707,0,0,0.487208962440491,0,0.0117581831291318,0.0321274884045124
71032089,51.5287042033938,-114.518674671704,0.00106028851587325,0,0,0.00416161166504025,0.162538900971413,0.111443720757961,0.00150975212454796,0.673889875411987,0.000966241350397468,0.0414100624620914,0.00301950424909592,0
71032090,51.5507003991246,-115.46081748101,0.553366243839264,0,0,0,0.0206322334706783,0.0765340328216553,0,0.00319458381272852,0.342406183481216,0.00361970346421003,0.000247062649577856,0
71032095,51.5610700559679,-114.436399798227,0.00440599350258708,0,0,0.00137841887772083,0.071944996714592,0.0262277126312256,0.0036740533541888,0.842109680175781,0.000121043769468088,0.0442891642451286,0.00584898423403502,0
71032102,51.538594011375,-116.095912791346,0.437377601861954,0,0,0.00014978511899244,0.0334976390004158,0.0682636126875877,0,0,0.429661989212036,0,0.015848396345973,0.015200961381197
71032106,51.5808141384797,-116.036219997233,0.125586599111557,0,0,0,0.00394028285518289,0.0339633896946907,0.000488197809318081,0,0.586444079875946,0,0.0084388479590416,0.241138592362404
71032109,51.5633455779036,-114.679390882813,0.289519399404526,0,0.00418788474053144,0.107833780348301,0.395573765039444,0.0464149564504623,0.0113734230399132,0.113018587231636,0.000101156634627841,0.0247611869126558,0.00721587147563696,0
71032117,51.5733755927292,-115.788729693537,0.330959260463715,0,0,0.00376224587671459,0.159412398934364,0.191585272550583,0,0,0.309009075164795,0.000956196570768952,0.00431551737710834,0
71032185,51.5923866926226,-116.413783193571,0.15243972837925,0,0,0,0.00763917481526732,0.0427247993648052,0,0,0.450598686933517,0,0.0979264974594116,0.248671069741249
71032200,51.5785178950281,-114.258121252652,0.000356501579517499,0,7.75003427406773e-05,7.75003427406773e-05,0.0530039593577385,0.0507359020411968,0.00225269072689116,0.789742946624756,0.000167807957041077,0.047909326851368,0.0556758344173431,0
71032217,51.5976772481789,-116.224404907687,0.29538157582283,0,0,0.00036420940887183,0.0363359488546848,0.150927469134331,0,0,0.454344183206558,0,0.00468721706420183,0.0579593777656555
71032233,51.5816284870698,-115.871634214009,0.272986829280853,0,0,0,0.0263597723096609,0.0710319951176643,0,0,0.624229729175568,0,0.0041854428127408,0.00120620627421886
71032259,51.5940035213052,-115.299328038709,0.694224178791046,0,0,0,0.0299057476222515,0.269645303487778,0.000408798805437982,0.000127749619423412,0.000664298015180975,0.00275000347755849,0.00227394327521324,0
71032265,51.624232480707,-114.92256954817,0.564530372619629,0,8.81149753695354e-05,0.0112805310636759,0.367289334535599,0.0321613550186157,0.0204714722931385,0.00122682063374668,0,0,0.00295204576104879,0
71032269,51.6156923274313,-116.004698614319,0.169876426458359,0,0,0,0.025789013132453,0.0703510940074921,0,0,0.683920860290527,0,0.0249086655676365,0.0251539535820484
71032287,51.630162665579,-115.679186672105,0.324571341276169,0,0,0,0.0387818217277527,0.152919575572014,0,0,0.483511656522751,0,0.000215648615267128,0
71032292,51.6257915185727,-116.088587009548,0.103182144463062,0,0,0,0.0102542564272881,0.0694767609238625,0,0,0.731470108032227,0,0.00439602369442582,0.0812206864356995
71032377,51.6496101963719,-114.420381963007,0.00303340191021562,0,8.99694787221961e-05,0.00189352955203503,0.087568573653698,0.0197268445044756,0.00138138723559678,0.829193353652954,0.00422856537625194,0.04360206797719,0.00928224436938763,0
71032379,51.6375693845888,-114.280551485376,0.000145020429044962,0,0,0,0.0235113371163607,0.0270698294043541,0.000638089841231704,0.891284346580505,0.00174091896042228,0.0445724800229073,0.0110379494726658,0
71032380,51.6585874867689,-115.522712388973,0.499458491802216,0,0,0.000650729984045029,0.127456992864609,0.30216446518898,0,0.000116201779746916,0.0695256590843201,0,0.000627489585895091,0
71032409,51.6616688336313,-116.176103865323,0.221991211175919,0,0,0.000232553298701532,0.0619921647012234,0.113529652357101,8.20776331238449e-05,0,0.582172334194183,0,0.0135154500603676,0.00648461934179068
71032422,51.6707103624405,-116.304323222782,0.213607668876648,0,0,0,0.0390986502170563,0.106293514370918,0,0,0.629254102706909,0.00149865308776498,0.00277443206869066,0.00747294118627906
71032440,51.6657032004529,-116.444195307557,0.326906114816666,0,0,0,0.0248198658227921,0.0614981576800346,0,0,0.443090528249741,0.00607611471787095,0.0418661497533321,0.0957430526614189
71032455,51.6953256476208,-115.378993049176,0.657650768756866,0,0,0,0.0849270969629288,0.226048573851585,0.000773769337683916,0.000154753870447166,0.0226703397929668,0.00756349600851536,0.000211241509532556,0
71032479,51.6713752501155,-114.697717536299,0.135475605726242,0,0.000945678795687854,0.100086554884911,0.398345649242401,0.0422563292086124,0.00544810248538852,0.285309374332428,0,0.0279601700603962,0.00417249230667949,0
71032486,51.688370116692,-114.572056855657,0.241915240883827,0,0,0.0198878515511751,0.346820741891861,0.0509168729186058,0.0357277393341064,0.278809905052185,0.00163440138567239,0.0222925506532192,0.00199465570040047,0
71032492,51.6738967925022,-114.790356596094,0.366379946470261,0,0.00128265551757067,0.163110926747322,0.355168730020523,0.0396701171994209,0.0177364330738783,0.0428202599287033,0.000132038068841211,0.0115658463910222,0.00213307957164943,0
71032531,51.6832937401487,-115.04926743226,0.48659947514534,0,0.000208582321647555,0.0133426794782281,0.341574668884277,0.0962131097912788,0.0222057551145554,0.0240593757480383,0,0.0153981689363718,0.000398202595533803,0
71032535,51.6995528094193,-115.292896506079,0.448630124330521,0,0,0.00729287369176745,0.262718021869659,0.25063344836235,0.00225236872211099,0.00220086541958153,0.0160878840833902,0.00961175188422203,0.000572685617953539,0
71032574,51.6938009421782,-115.994485383126,0.203404635190964,0,0,5.09803758177441e-05,0.035429835319519,0.0842701941728592,0,0,0.663004040718079,0,0.00760744046419859,0.00623288936913013
71032580,51.7219128529144,-115.809222829387,0.215443223714828,0,0,0,0.0872186943888664,0.14783339202404,0,0,0.549236476421356,0,0.00026819235063158,0
71032602,51.7185497043378,-115.901907641732,0.217982977628708,0,0,0,0.101265989243984,0.23744897544384,0,0,0.441953390836716,0,0.00134869618341327,0
71032618,51.7503374581078,-115.013582753287,0.520846605300903,0,0,0.00531843863427639,0.278574973344803,0.136463403701782,0.0519468076527119,0.00174799060914665,0.000232452468480915,0.0048693404532969,0,0
71032632,51.7279969529309,-115.123600052121,0.559433043003082,0,0.000243327813223004,0.000800954061560333,0.218561992049217,0.171834960579872,0.0381436683237553,0.00350137753412127,0.000536381267011166,0.00307136657647789,0.00387296755798161,0
71032649,51.7267115212099,-114.429509910718,0.00959245022386312,0,0,0.0007777662249282,0.0962279662489891,0.0130529664456844,0.00537954969331622,0.815657615661621,0,0.0547531507909298,0.00455857440829277,0
71032673,51.7216858200234,-114.714102226984,0.101170487701893,0,0.000196995271835476,0.0331429801881313,0.292074978351593,0.0656016245484352,0.0074221221730113,0.458933174610138,0,0.0410636551678181,0.000393990543670952,0
71032682,51.7630557224203,-115.315664633002,0.605473637580872,0,0.000228036238695495,0.0105517134070396,0.181592613458633,0.119354978203773,0.00491268886253238,0.000781570910476148,0.0612580664455891,0.0136486329138279,0.0021980160381645,0
71032683,51.7526983011679,-115.709986259447,0.252595275640488,0,0,0.00259162532165647,0.0734712556004524,0.281468093395233,0,0,0.389873743057251,0,0,0
71032795,51.7691504068537,-114.911163901783,0.245454370975494,0,0.00163904740475118,0.0727958902716637,0.536690175533295,0.0565045550465584,0.0241587441414595,0.0436436273157597,0,0.0163143090903759,0.00279924110509455,0
71032802,51.7796740638744,-115.691213440929,0.419290274381638,0,0,0.000853935198392719,0.0722764059901237,0.238444119691849,0,0,0.266910284757614,0.00148444704245776,0.000686425773892552,5.40465298399795e-05
71032804,51.8243036887694,-114.257241956819,0.00378738110885024,0,0.000919103622436523,0.00298431748524308,0.0637813210487366,0.0192474517971277,0.0112035842612386,0.84390264749527,0.00130837096367031,0.0461185164749622,0.0067473016679287,0
71032823,51.7753199404761,-114.791708652211,0.203893214464188,0,0,0.0211919266730547,0.242738217115402,0.163759276270866,0.0359126664698124,0.28474497795105,0.0118180736899376,0.0306140705943108,0.00532757816836238,0
71032838,51.7952933133913,-115.528856659415,0.521342277526855,0,0,0.000520338187925518,0.0533208511769772,0.158127978444099,0.000198952824575827,0,0.26501139998436,0.00124356430023909,0.000234657418332063,0
71032842,51.8434869383226,-114.170896120161,0.00380181637592614,0,0.00029950711177662,0.00063718791352585,0.0414699390530586,0.04849573969841,0.00980769004672766,0.79032826423645,0.000971683883108199,0.0943087115883827,0.00987949967384338,0
71032859,51.7912608506944,-115.138151971726,0.346082419157028,0,0,0.00187840941362083,0.292154759168625,0.264051109552383,0.0583528652787209,0.00111414887942374,0.0198464710265398,0.0165198743343353,0,0
71032896,51.8067711586508,-114.954890042681,0.16202387213707,0,0.00147675070911646,0.0810866132378578,0.573996543884277,0.0717441588640213,0.0329617783427238,0.0307866297662258,0.000767123477999121,0.0430205203592777,0.00213601440191269,0
71032903,51.8504371943312,-114.5150735949,0.0603981837630272,0,0.000206019700272009,0.00353785487823188,0.1374182254076,0.0348749049007893,0.0260289199650288,0.688264548778534,0.0021671203430742,0.0462128147482872,0.000891388044692576,0
71032914,51.8062107339063,-115.061322956285,0.487797230482101,0,0.000142731296364218,0.0202361606061459,0.300600171089172,0.0982540622353554,0.0384852699935436,0.000909210299141705,0.0126971676945686,0.040878027677536,0,0
71032972,51.8488329559179,-114.971196105073,0.17902098596096,0,0.00390207278542221,0.0836772099137306,0.509925603866577,0.102084100246429,0.050342682749033,0.0351841785013676,0.00139324204064906,0.034071858972311,0.000398085219785571,0
71032973,51.8331209693129,-115.369353834087,0.777459979057312,0,0,0.00131023616995662,0.0681163668632507,0.0850740522146225,0.00262283277697861,0.000881561252754182,0.0554743818938732,0.00902941916137934,3.11847907141782e-05,0
71033026,51.8702593548387,-115.190104623656,0.417347967624664,0,0.000698272197041661,0.0196755025535822,0.347127765417099,0.183970555663109,0.0137226711958647,0.00366525934077799,0.000720093201380223,0.0130719011649489,0,0
71033035,51.8672722790479,-114.709917686188,0.0280574876815081,0,0.00143125012982637,0.0303991865366697,0.37216392159462,0.0459185689687729,0.0277842413634062,0.44947162270546,0.000118703559564892,0.0405488051474094,0.00410618167370558,0
71033120,51.895795429983,-115.22003504709,0.758324980735779,0,0,0.00607506837695837,0.124475106596947,0.0881259217858315,0.00975191220641136,0.00365871819667518,0.000273186597041786,0.0092348912730813,8.02064023446292e-05,0
71033126,51.8715227491189,-114.112614279611,0.000180623275809921,0,0.000126436294522136,0.000400142365833744,0.0129513312131166,0.00766578456386924,0.00157142244279385,0.890839874744415,0.000361246551619843,0.0721209719777107,0.0137821910902858,0
71033183,51.9089657596851,-114.041110788863,0.00012495246483013,0,0,0.0011497181840241,0.021198557689786,0.0340519100427628,0.00367263378575444,0.787063360214233,0.000318454956868663,0.0888252407312393,0.0635951831936836,0
71033247,51.9028839145885,-114.400176334176,0.0134145896881819,0,0.000731714768335223,0.00519350310787559,0.110034108161926,0.0170765146613121,0.00795912183821201,0.78749668598175,0.00122323364485055,0.054678600281477,0.00219192425720394,0
71033313,51.9624810457516,-114.321719607843,0.00667023798450828,0,0.0001329074439127,0.00422158464789391,0.104368269443512,0.0474851690232754,0.0182186141610146,0.753774344921112,0.00627831649035215,0.0465984232723713,0.012252108193934,0
71033318,51.9407558194662,-113.969991584886,0.000529976736288518,0,0.000144539124448784,0.00496423384174705,0.0693670734763145,0.0364764556288719,0.00255255843512714,0.832863390445709,0.00127676222473383,0.0455586388707161,0.00626638531684875,0
71033334,51.9544159091898,-114.910947462271,0.408256560564041,0,0.000577719591092318,0.0410042479634285,0.285237610340118,0.0691607519984245,0.101447202265263,0.027592783793807,0.000467066973214969,0.0273723360151052,0.0388837717473507,0
71033362,51.9765399167613,-114.584281008658,0.118401981890202,0,0.00876864697784185,0.0378323905169964,0.341908842325211,0.0188392419368029,0.0721500515937805,0.363985151052475,0.00210929778404534,0.0323522053658962,0.0036522161681205,0
71033367,51.9652580855112,-113.911620523347,8.48439667606726e-05,0,0.00177115248516202,0.00321009196341038,0.0283355750143528,0.0302536860108376,0.00419707223773003,0.88203501701355,0.000271500699454919,0.0383807010948658,0.011460336856544,0
71034975,50.5609212911062,-113.971925775411,0.00297688855789602,0,0,0,0.0843500867486,0.230726271867752,0.000218060726183467,0.568741023540497,0.00633248826488853,0.078792504966259,0.0278626680374146,0
71035002,50.5169476999708,-114.114871203243,0.00238709850236773,0,0,0,0.185295060276985,0.403957039117813,0,0.359523832798004,0.00478896079584956,0.0289620533585548,0.0150859318673611,0
71035044,50.5146557686262,-114.18395695798,0.00714532705023885,0,0,0,0.247231483459473,0.468740373849869,0.00020655219850596,0.244419455528259,0.000645475636702031,0.015821436420083,0.0157898776233196,0
71035105,50.5317989393519,-114.298394151019,0.0185625795274973,0,0,0,0.551502108573914,0.332826405763626,0.000106395142211113,0.0438016206026077,0.00308545911684632,0.0302088707685471,0.0199065655469894,0
71035129,50.5437838253383,-114.370560270603,0.0986794084310532,0,0,0,0.631504058837891,0.220601245760918,0,0.00496015511453152,0.00200144341215491,0.0151140745729208,0.0271396301686764,0
71035166,50.5020080321286,-114.407850688468,0.0950618907809258,0,0,0,0.674596786499023,0.192673370242119,0.00193141167983413,0.00388105260208249,0.00113058241549879,0.0161984879523516,0.0145263858139515,0
71035238,50.9517267112121,-115.116630329958,0.559261858463287,0,0,0,0.0614783391356468,0.105881042778492,0,0,0.255202144384384,0.00819553155452013,0.00998106505721807,0
71035289,50.9062363437728,-115.134062677025,0.561144649982452,0,0,0,0.229200750589371,0.106244489550591,0,0,0.0742019936442375,0.0274388883262873,0.00176922511309385,0
71035337,50.8735409243864,-115.158318982581,0.630319714546204,0,0,0,0.0773216485977173,0.0699885115027428,0,0,0.199902564287186,0.0185853745788336,0.00388217973522842,0
71035349,50.4725082634121,-114.145275870837,0.0066979113034904,0,0,0,0.10674960911274,0.410406976938248,0,0.44127357006073,0.00062591815367341,0.0342460460960865,0,0
71035360,50.8539380714879,-115.17565045719,0.697243392467499,0,0,0,0.0527197010815144,0.12695974111557,0,0,0.0840611755847931,0.0390159450471401,0,0
71035362,50.4120552212321,-114.500426117733,0.320615470409393,0,0.000369889690773562,0.000303499225992709,0.465975940227509,0.159071460366249,0.000453479849966243,0.00123464327771217,0.00826827250421047,0.0358298197388649,0.00787752494215965,0
71035480,50.4002425745985,-114.626683378127,0.499984741210938,0,0,0,0.0978912264108658,0.212681785225868,0,0,0.174743235111237,0.0146990306675434,0,0
71035677,50.397426727519,-114.706914057857,0.7240269780159,0,0,0,0.0869224593043327,0.117233708500862,0,0,0.0621216930449009,0.00906416680663824,0.000630989146884531,0
71035692,50.7641845080208,-115.140607711254,0.513410270214081,0,0,0,0.0779497176408768,0.131048649549484,0,0,0.258849889039993,0.0176289714872837,0.000987055362202227,0.000125395774375647
71035771,50.7187881131954,-115.159020660092,0.631761133670807,0,0,0,0.0667241662740707,0.102710023522377,0,0,0.157653898000717,0.0187613908201456,0.0223893988877535,0
71035810,50.4428105237658,-114.260529822011,0.002324910601601,0,0,0,0.431216567754745,0.419264495372772,0.000125469625345431,0.12845703959465,0.000223447379539721,0.0164182297885418,0.00196987320668995,0
71035831,50.8865373563218,-115.374841954023,0.11809878051281,0,0,0,0,0.026541605591774,0,0,0.00501542538404465,0,0.850344181060791,0
71035895,50.4684201388889,-114.753271769919,0.662788689136505,0,0,0,0.057597279548645,0.0974273160099983,0.000134952075313777,0,0.175269722938538,0.00648966431617737,0.000292396172881126,0
71035930,50.4143560140474,-114.198679104477,0.00111477135214955,0,0,0,0.355547726154327,0.345699667930603,0,0.279265493154526,9.19349258765578e-05,0.0130132008343935,0.00526720052585006,0
71035946,50.6584803140646,-115.144053064785,0.569138526916504,0,0,0,0.0246511120349169,0.0693786814808846,0,0,0.101856991648674,0.0282658599317074,0.206708818674088,0
71035979,50.8504970178927,-115.391254003755,0.590822756290436,0,0,0,0.0238431952893734,0.061174038797617,0,0,0.163106128573418,0.00411728257313371,0.155922561883926,0.00101405335590243
71036085,50.5465618811881,-114.418002062706,0.140423953533173,0,0,0,0.773765563964844,0.0567142404615879,0,0.0106458030641079,0,0.0156024349853396,0.00284800538793206,0
71036096,50.8685292344786,-115.431913803496,0.563190817832947,0,0,0,0.0148133654147387,0.159992411732674,0,0,0.116489231586456,0,0.14551417529583,0
71036098,50.3278226882039,-114.575874580122,0.761134803295135,0,0,0,0.060666099190712,0.071755088865757,0,0,0.10134694725275,0.00509710097685456,0,0
71036132,50.2868109869646,-114.591410614525,0.815724968910217,0,0,0,0.0374890826642513,0.0984640717506409,0,0,0,0.0483218543231487,0,0
71036170,50.4978182046139,-114.833684637245,0.693837881088257,0,0,0,0.05966642126441,0.0910763889551163,0,0,0.147191241383553,0.00603757658973336,0.00207517901435494,0.000115287723019719
71036194,50.3385677250374,-114.218418590977,0.000262440094957128,0,0,0,0.652635812759399,0.328588247299194,5.53180070710368e-05,0.000560157408472151,0,0.0175305809825659,0.000367416127119213,0
71036211,50.6215154073448,-115.159542704376,0.376540154218674,0,0,0,0.0239758491516113,0.086975671350956,0,0,0.265471339225769,0.00839236658066511,0.231536954641342,0.00710768718272448
71036250,50.3680206349206,-114.641282539683,0.865980565547943,0,0,0,0.0553407594561577,0.049465537071228,0,0,0,0.0292131695896387,0,0
71036324,50.8324706701862,-115.438477416043,0.827768862247467,0,0,0,0.02409752830863,0.0306189432740211,0,0,0.116063013672829,0,0.00145164900459349,0
71036389,50.8625996068418,-115.504806663424,0.410671800374985,0,0,0,0.0318573191761971,0.15522326529026,0,0,0.386709839105606,0,0.0112836826592684,0.00425409339368343
71036422,50.5095241979337,-114.462942359978,0.250927150249481,0,0,0,0.58840149641037,0.11276875436306,0.000696625735145062,0.0329395234584808,0,0.0142663950100541,0,0
71036466,50.253621164527,-114.637318014204,0.833572387695312,0,0,0,0.0743802860379219,0.0884627401828766,0,0,0.00112959078978747,0.00245504570193589,0,0
71037058,50.2155756555508,-114.591427248112,0.821291923522949,0,0,0,0.0301049053668976,0.126262873411179,0,0,0.00818590167909861,0.0141543671488762,0,0
71037075,50.2051432291667,-114.690570134437,0.807427048683167,0,0,0,0.0574843548238277,0.0628736093640327,0,0,0.0646830201148987,0.00753188086673617,0,0
71037191,50.24893057661,-114.723014710011,0.692163646221161,0,0,0,0.0780346244573593,0.0724210068583488,0,0,0.15614265203476,0,0.0012381476117298,0
71037229,50.2787092435081,-114.282656501708,0.106763958930969,0,7.89938130765222e-05,0,0.748235285282135,0.106634430587292,0.0249648224562407,0.000289731135126203,0,0.0122586106881499,0.000774139363784343,0
71037254,50.2582928073967,-114.543013478626,0.594954550266266,0,0,0,0.015309221111238,0.221326187252998,0,0,0.166485890746117,0.00192424119450152,0,0
71037321,50.3365563881475,-114.461930575515,0.480184108018875,0,0.000718974915798753,0.000114229653263465,0.340489596128464,0.14548759162426,0.00118115497753024,0.00068395835114643,0.0265076830983162,0.0022406205534935,0.00239210342988372,0
71037334,50.3099193548388,-114.674228227292,0.852314174175262,0,0,0,0.0619033463299274,0.0326734222471714,0,0,0.0456888265907764,0.00742018548771739,0,0
71037400,50.322374845817,-114.340149291821,0.173510059714317,0,0.00124210107605904,0.000469702092232183,0.522481560707092,0.285901933908463,0.0111396452412009,0,0,0.00131990609224886,0.00393505999818444,0
71037433,50.333957628484,-114.723128591375,0.59959465265274,0,0,0,0.0426743775606155,0.10824804008007,0,0,0.248581305146217,0.000374369003111497,0.000527281896211207,0
71037546,50.3683169695703,-114.275730450526,0.00595238711684942,0,0.000171045598108321,0,0.488724529743195,0.486570537090302,0.00124041212256998,0.000273672951152548,0,0.00198117992840707,0.0150862224400043,0
71037612,50.4115950587698,-114.372472469474,0.0696945860981941,0,0.000280566571746022,0,0.625103175640106,0.297044575214386,0.000448906532255933,0.00137477624230087,6.43318489892408e-05,0.00194899865891784,0.00404015881940722,0
71037682,50.4051401403852,-114.801386467516,0.518476665019989,0,0,0,0.219337314367294,0.0974466055631638,0,0,0.161625385284424,0,0.00311397411860526,0
71037762,50.4558553011909,-114.85620404093,0.688923537731171,0,0,0,0.0759368538856506,0.0483304783701897,0,0,0.185073584318161,0,0.00173561775591224,0
71037815,50.4736344237017,-114.329947546671,0.00219488982111216,0,0.000149125698953867,0,0.638085067272186,0.316807478666306,8.13412916613743e-05,0.0323310978710651,5.15550636919215e-05,0.00553591037169099,0.00476356316357851,0
71037856,50.4721437181269,-114.594566759388,0.41669836640358,0,9.78230818873271e-05,3.26076915371232e-05,0.224527969956398,0.131115019321442,0.000588154827710241,0.000557514955289662,0.222789570689201,0.00318840495310724,0.000404601392801851,0
71037879,50.507172766661,-114.553432386979,0.615886807441711,0,0,0,0.300168216228485,0.082384280860424,0,0,0.00156069453805685,0,0,0
71037949,50.548689788054,-114.471796392266,0.584139883518219,0,0,0,0.364888846874237,0.0495029352605343,0,0.00146831583697349,0,0,0,0
71037968,50.5518531549388,-114.102479848034,0.000228091506869532,0,0,0,0.140250340104103,0.293759912252426,0,0.515226244926453,0.000162922500749119,0.0466045737266541,0.00376791111193597,0
71037977,50.5437028274735,-114.938440111902,0.484033584594727,0,0,0,0.0998013690114021,0.134426921606064,0,0,0.272153049707413,0.00906280241906643,0.000522248621564358,0
71037990,50.5376208315495,-114.568132462775,0.708909869194031,0,0,0,0.178565919399261,0.0897671654820442,0,0.000515980063937604,0.0146030206233263,0.00763807073235512,0,0
71038014,50.5606809509465,-114.877111387257,0.568714797496796,0,0,0,0.0612057037651539,0.14917528629303,0,0,0.218742281198502,0.00161307852249593,4.00234512198949e-06,0.000544844369869679
71038064,50.576538282847,-114.411095985876,0.287260860204697,0,0,0,0.5095494389534,0.200176149606705,0.00015282844833564,0.00024452552315779,0,0.0012712765019387,0.0013448903337121,0
71038127,50.5763926111291,-115.203029410182,0.103446386754513,0,0,0,0.0115680489689112,0.0755193680524826,0,0,0.613120079040527,0,0.0334541127085686,0.162892043590546
71038233,50.5975404387687,-115.081103634577,0.782675087451935,0.000193964500795119,0,0,0.0314702056348324,0.0409144647419453,0,0,0.133907169103622,0.00811987556517124,0.00271924654953182,0
71038278,50.6429140309657,-115.050557036568,0.564524114131927,0,0,0,0.057148739695549,0.10012499243021,0,0,0.260376363992691,0.0163075681775808,0.00110139860771596,0.00041674540261738
71038383,50.6540725946509,-115.25482181313,0.248362645506859,0,0,0,0.0171892773360014,0.0908033698797226,0,0,0.538386344909668,0,0.0224761907011271,0.0827821791172028
71038637,50.7641514156108,-115.40712247771,0.468210577964783,0.00120880245231092,0,0,0.122259199619293,0.0994582176208496,0,0,0.271076619625092,0,0.0146910836920142,0.0230955239385366
71038722,50.7513912336776,-115.260962342239,0.4522465467453,3.38225290761329e-05,0,0,0.0490843951702118,0.0750361457467079,3.38225290761329e-05,0,0.390199571847916,0.00631776917725801,0.0089325187727809,0.0181153547018766
71038826,50.8044506356283,-115.497811313356,0.357873499393463,0,0,0,0.0509731993079185,0.117861330509186,0,0,0.443281441926956,0,0.00791244767606258,0.0220980793237686
71038844,50.8277167062714,-115.327067534525,0.513739287853241,0,0,0,0.0593565367162228,0.0773817002773285,0.000666242733132094,0,0.326331555843353,0.00707043753936887,0.0143267353996634,0.00112748774699867
71038890,50.8207984137011,-115.126212711448,0.400488585233688,0,0,0,0.0438687615096569,0.184918001294136,0,0,0.369361490011215,0.00115431752055883,0,0.000208873738301918
71038901,50.8467872419677,-115.067805133011,0.428642719984055,0,0,0,0.0376307815313339,0.103802591562271,0,0,0.427430063486099,0.00227918173186481,0.000214653919101693,0
71038946,50.851728605201,-115.230721158393,0.366987645626068,0,0,0,0.0952072665095329,0.128116846084595,0.000164258701261133,0,0.393141180276871,0,0.0160821154713631,0.00030071142828092
71038961,50.8681971098532,-115.588181002347,0.301505029201508,0,0,0,0.0203561782836914,0.111251473426819,0,0,0.348514527082443,0,0.0787461549043655,0.139626681804657
71039048,50.912528951767,-115.465043576886,0.305864453315735,0,0,0,0.0185815263539553,0.168456092476845,0,0,0.497843712568283,0,0.00469998875632882,0.00455417903140187
71039109,50.9316715172681,-115.55451752684,0.263175159692764,0,0,0,0.084291122853756,0.159419536590576,0.000643046863842756,0,0.488989531993866,0,0.00262422999367118,0.000857395818457007
71039121,50.9173419195606,-115.216567160288,0.31482070684433,0.000742881733458489,0,0,0.0859954357147217,0.104014314711094,0,0,0.482973963022232,0.0045730615966022,0.00651680864393711,0.000362802704330534
71039250,50.952413592233,-115.034745631068,0.503253519535065,0,0,0,0.000132994537125342,0.0951327234506607,0,0,0.393934994935989,0.00113836221862584,0.00640738708898425,0
71039266,50.9362730652275,-115.323424161373,0.321028470993042,4.74937478429638e-05,0,0,0.00368011463433504,0.0916822627186775,0,0,0.451254516839981,0.0171521753072739,0.112424053251743,0.00273089064285159
