,COMID,lat,lon,frac_1,frac_2,frac_3,frac_4,frac_5,frac_6,frac_7,frac_8,frac_9,frac_10,frac_11,frac_12,frac_13,frac_14,frac_15,frac_16,frac_17,frac_18,frac_19,majority
0,71022153,52.27606304,-113.8689662,0.0,0.0,0,0,0.0,0.0,0,0.07281491197790818,0,0.0,0,0,0,0.0,0.48059767575652973,0.0,0.44658741226556203,0.0,0.0,15
1,71022160,52.15327494,-113.9637182,0.0,0.0,0,0,0.0,0.0,0,0.0,0,0.0,0,0,0,0.0,1.0,0.0,0.0,0.0,0.0,15
2,71022164,52.07102472,-114.0409003,0.0,0.0,0,0,0.0,0.0,0,0.0,0,0.0,0,0,0,0.0,0.9373724748683965,0.0,0.0,0.06262752513160345,0.0,15
3,71022165,52.06276679,-114.0697212,0.10864300813933153,0.0,0,0,0.0,0.0,0,0.0,0,0.0,0,0,0,0.0681529046884101,0.7192361080385185,0.0,0.0,0.10396797913373992,0.0,15
4,71022168,52.05405671,-114.0967589,0.0,0.0,0,0,0.0,0.0,0,0.0,0,0.0,0,0,0,0.0,1.0,0.0,0.0,0.0,0.0,15
5,71022170,52.05117433,-114.1287977,0.0,0.0,0,0,0.0,0.0,0,0.0,0,0.06885037727251665,0,0,0,0.0,0.9311496227274834,0.0,0.0,0.0,0.0,15
6,71022198,52.03241609,-114.2582534,0.0,0.0,0,0,0.0,0.0,0,0.06984276188030632,0,0.0,0,0,0,0.0,0.6302709511960998,0.0,0.0,0.29988628692359387,0.0,15
7,71022209,52.04889234,-114.3941099,0.1503867453909374,0.0,0,0,0.0,0.0,0,0.0,0,0.0,0,0,0,0.0,0.8496132546090627,0.0,0.0,0.0,0.0,15
8,71022220,52.06330829,-114.4630133,0.1097435393537278,0.0,0,0,0.0,0.0,0,0.1367409602195149,0,0.0,0,0,0,0.10957291674508988,0.6439425836816675,0.0,0.0,0.0,0.0,15
9,71022225,52.07641511,-114.5129113,0.27479295680392857,0.0,0,0,0.0,0.0,0,0.11537546399627033,0,0.0,0,0,0,0.22876268407520178,0.3810688951245994,0.0,0.0,0.0,0.0,15
10,71022242,52.08646206,-114.6038891,0.10101504236944234,0.0,0,0,0.0,0.0,0,0.14539122183051115,0,0.0,0,0,0,0.08143019781898891,0.6721635379810577,0.0,0.0,0.0,0.0,15
11,71022248,52.07640393,-114.6498673,0.0,0.0,0,0,0.0,0.0,0,0.12364099849812338,0,0.0,0,0,0,0.0,0.8763590015018766,0.0,0.0,0.0,0.0,15
12,71022253,52.06235369,-114.6707615,0.13675217489748348,0.0,0,0,0.0,0.0,0,0.16035020856046198,0,0.0,0,0,0,0.0,0.632954152287644,0.0,0.06994346425441063,0.0,0.0,15
13,71022302,52.0388888,-114.1576423,0.0,0.0,0,0,0.0,0.0,0,0.0,0,0.0,0,0,0,0.0,1.0,0.0,0.0,0.0,0.0,15
14,71022305,52.01553514,-114.1408413,0.0,0.0,0,0,0.0,0.0,0,0.0,0,0.0,0,0,0,0.0,1.0,0.0,0.0,0.0,0.0,15
15,71022365,51.99419197,-114.2183925,0.08853175363698935,0.0,0,0,0.0,0.0,0,0.11449082355124275,0,0.0,0,0,0,0.09161178099314987,0.643516943901587,0.0,0.0,0.06184869791703104,0.0,15
16,71022407,51.96426357,-114.1224291,0.0,0.0,0,0,0.0,0.0,0,0.1055417937325821,0,0.0,0,0,0,0.0,0.8944582062674179,0.0,0.0,0.0,0.0,15
17,71022409,52.01386515,-114.9499575,0.40089964625228597,0.0,0,0,0.0,0.0,0,0.20172870114912742,0,0.10289412347947187,0,0,0,0.07475242980258555,0.2197250993165294,0.0,0.0,0.0,0.0,1
18,71022426,52.02215295,-114.0012568,0.0,0.0,0,0,0.0,0.0,0,0.08907990890047088,0,0.06755141922014286,0,0,0,0.0,0.65039160060956,0.0,0.19297707126982622,0.0,0.0,15
19,71022435,51.95022286,-114.1666607,0.0879493186558585,0.0,0,0,0.0,0.0,0,0.16910638992887034,0,0.06102481280102283,0,0,0,0.0,0.5850839856736492,0.0,0.0,0.09683549294059923,0.0,15
20,71022444,51.9884542,-114.0606594,0.0,0.0,0,0,0.0,0.0,0,0.0,0,0.0,0,0,0,0.0,0.9253389673754594,0.0,0.07466103262454055,0.0,0.0,15
21,71022454,51.9913161,-114.3923127,0.10257835371088887,0.0,0,0,0.0,0.0,0,0.13759894025247393,0,0.08751975723911751,0,0,0,0.10365410489783262,0.5686488438996871,0.0,0.0,0.0,0.0,15
22,71022635,52.09301888,-114.12201,0.0,0.0,0,0,0.0,0.0,0,0.0,0,0.0,0,0,0,0.0,1.0,0.0,0.0,0.0,0.0,15
23,71022639,52.11195278,-114.1613583,0.0,0.0,0,0,0.0,0.0,0,0.0639862539582737,0,0.07504112316657947,0,0,0,0.0,0.8053121322487365,0.0,0.0,0.0556604906264103,0.0,15
24,71022647,52.11282682,-114.205379,0.0,0.0,0,0,0.0,0.0,0,0.05660500451419798,0,0.0,0,0,0,0.0,0.9433949954858021,0.0,0.0,0.0,0.0,15
25,71022661,52.17524894,-114.2181675,0.0,0.0,0,0,0.0,0.0,0,0.18102801198654284,0,0.0,0,0,0,0.0,0.8189719880134572,0.0,0.0,0.0,0.0,15
26,71022679,52.20023364,-114.2571332,0.0,0.0,0,0,0.0,0.0,0,0.08343356426072218,0,0.0,0,0,0,0.0,0.8595843172367796,0.0,0.0,0.05698211850249808,0.0,15
27,71022693,52.24140083,-114.2552721,0.0,0.0,0,0,0.0,0.0,0,0.0,0,0.0,0,0,0,0.0,1.0,0.0,0.0,0.0,0.0,15
28,71022754,52.29505365,-114.2720733,0.0,0.0,0,0,0.0,0.0,0,0.0,0,0.0,0,0,0,0.0,0.9236740063381479,0.0,0.07632599366185215,0.0,0.0,15
29,71022780,52.32136998,-114.3538491,0.0,0.0,0,0,0.0,0.0,0,0.0,0,0.0,0,0,0,0.0,0.9249703525558135,0.0,0.07502964744418651,0.0,0.0,15
30,71022911,52.4046048,-114.3440685,0.0,0.0,0,0,0.0,0.0,0,0.10018144750041004,0,0.0,0,0,0,0.0,0.8296131115808502,0.0,0.07020544091873987,0.0,0.0,15
31,71022945,52.46458333,-114.4052182,0.0,0.0,0,0,0.0,0.0,0,0.13013257086694824,0,0.0,0,0,0,0.08914996673799093,0.6951900509918759,0.0,0.08552741140318487,0.0,0.0,15
32,71022992,52.49747649,-114.4298666,0.0,0.0,0,0,0.0,0.0,0,0.10060650273045212,0,0.0,0,0,0,0.05961769640971818,0.779679749390898,0.0,0.06009605146893176,0.0,0.0,15
33,71023020,52.36138566,-114.4344543,0.0,0.0,0,0,0.0,0.0,0,0.09440370269940852,0,0.0,0,0,0,0.0,0.828869524305951,0.0,0.07672677299464044,0.0,0.0,15
34,71023103,52.36448014,-114.534537,0.0,0.0,0,0,0.0,0.0,0,0.11648498440132111,0,0.0,0,0,0,0.0,0.8835150155986788,0.0,0.0,0.0,0.0,15
35,71023104,52.52314687,-114.4630507,0.0,0.0,0,0,0.0,0.0,0,0.08312290309377945,0,0.0,0,0,0,0.0,0.8570694522375306,0.0,0.05980764466868996,0.0,0.0,15
36,71023181,52.56611929,-114.4927422,0.0,0.0,0,0,0.0,0.0,0,0.0,0,0.0,0,0,0,0.0,1.0,0.0,0.0,0.0,0.0,15
37,71023309,52.33419908,-114.5998172,0.0,0.0,0,0,0.0,0.0,0,0.1206096382727182,0,0.0,0,0,0,0.0,0.8793903617272818,0.0,0.0,0.0,0.0,15
38,71023477,52.62431317,-114.5026738,0.0,0.0,0,0,0.0,0.0,0,0.08372765420442989,0,0.0,0,0,0,0.0662839378413847,0.8499884079541854,0.0,0.0,0.0,0.0,15
39,71023591,52.10256859,-114.5155967,0.0,0.0,0,0,0.0,0.0,0,0.11041500349985407,0,0.0,0,0,0,0.0,0.8895849965001459,0.0,0.0,0.0,0.0,15
40,71023606,52.27466012,-113.9486258,0.0,0.0,0,0,0.0,0.0,0,0.0621158326699813,0,0.0,0,0,0,0.0,0.6850290667348657,0.0,0.1170071909216309,0.1358479096735221,0.0,15
41,71023674,52.33062727,-114.669848,0.0,0.0,0,0,0.0,0.0,0,0.09715063761521694,0,0.0,0,0,0,0.0,0.9028493623847831,0.0,0.0,0.0,0.0,15
42,71023778,52.65504198,-114.5482367,0.0,0.0,0,0,0.0,0.0895106071705734,0,0.13223468269788857,0,0.0,0,0,0,0.0,0.7225042052610872,0.0,0.05575050487045101,0.0,0.0,15
43,71023889,52.2104283,-114.3137926,0.0,0.0,0,0,0.0,0.0,0,0.0,0,0.0,0,0,0,0.0,0.9397216524588768,0.0,0.06027834754112317,0.0,0.0,15
44,71023895,52.54707336,-114.5382878,0.0,0.0,0,0,0.0,0.06251784531594419,0,0.16864828851842767,0,0.0,0,0,0,0.0710920337513217,0.6977418324143064,0.0,0.0,0.0,0.0,15
45,71023936,52.70731239,-114.534709,0.13511912641623508,0.0,0,0,0.0,0.12090840198944798,0,0.17522839319521472,0,0.0,0,0,0,0.113353338350712,0.4553907400483902,0.0,0.0,0.0,0.0,15
46,71023982,52.29241439,-114.7094222,0.06429318387968355,0.0,0,0,0.0,0.0,0,0.13499994355657338,0,0.0,0,0,0,0.060874005823763,0.73983286673998,0.0,0.0,0.0,0.0,15
47,71023994,52.31255093,-114.0359108,0.0,0.0,0,0,0.0,0.0,0,0.052841245402805756,0,0.0,0,0,0,0.0,0.592151547676842,0.0,0.15532329112287882,0.19968391579747347,0.0,15
48,71024080,52.136448,-114.5864494,0.11455866811802279,0.0,0,0,0.0,0.0,0,0.25327924031070753,0,0.0,0,0,0,0.0,0.6321620915712697,0.0,0.0,0.0,0.0,15
49,71024082,52.39699335,-114.51445,0.0,0.0,0,0,0.0,0.0,0,0.09881714242515287,0,0.0,0,0,0,0.0,0.8319720431673064,0.0,0.06921081440754069,0.0,0.0,15
50,71024128,52.44231613,-114.6777301,0.0,0.0,0,0,0.0,0.0,0,0.17753920923169994,0,0.0,0,0,0,0.0,0.7572135120250947,0.0,0.06524727874320542,0.0,0.0,15
51,71024198,52.0629668,-114.2839901,0.0,0.0,0,0,0.0,0.0,0,0.05215736580456388,0,0.0,0,0,0,0.0,0.8873403481765981,0.0,0.06050228601883793,0.0,0.0,15
52,71024229,52.24407763,-114.3929398,0.0,0.0,0,0,0.0,0.0,0,0.0,0,0.0,0,0,0,0.0,0.9315138046195723,0.0,0.06848619538042772,0.0,0.0,15
53,71024292,52.47538534,-114.482369,0.0,0.0,0,0,0.0,0.0,0,0.10037053437070927,0,0.0,0,0,0,0.0,0.8398324709542665,0.0,0.059796994675024154,0.0,0.0,15
54,71024386,52.56225368,-114.4472829,0.0,0.0,0,0,0.0,0.0,0,0.0,0,0.0,0,0,0,0.0,0.9454045711809911,0.0,0.05459542881900899,0.0,0.0,15
55,71024448,52.00793775,-114.6954807,0.06729377780653431,0.0,0,0,0.0,0.09538421228370735,0,0.4136105957847607,0,0.0,0,0,0,0.0,0.4237114141249975,0.0,0.0,0.0,0.0,15
56,71024474,52.01749229,-114.7724872,0.15384946386296047,0.0,0,0,0.0,0.14519644647410296,0,0.4002440511322918,0,0.0,0,0,0,0.08964046911782875,0.21106956941281602,0.0,0.0,0.0,0.0,8
57,71024483,52.01730126,-114.4745528,0.06749543472888,0.0,0,0,0.0,0.0,0,0.24589227898446966,0,0.061952810855559176,0,0,0,0.06990407155812411,0.5547554038729671,0.0,0.0,0.0,0.0,15
58,71024488,52.03927375,-114.5721938,0.11769450884201955,0.0,0,0,0.0,0.0,0,0.23982698094749033,0,0.0,0,0,0,0.08913172466834092,0.5533467855421492,0.0,0.0,0.0,0.0,15
59,71024578,52.11039949,-114.0731275,0.0,0.0,0,0,0.0,0.0,0,0.0,0,0.0,0,0,0,0.0,0.9427757640547039,0.0,0.05722423594529613,0.0,0.0,15
60,71024598,52.089596,-114.3995428,0.0,0.0,0,0,0.0,0.0,0,0.12079342551123763,0,0.0,0,0,0,0.0,0.8792065744887624,0.0,0.0,0.0,0.0,15
61,71024619,52.09678144,-114.7168235,0.09562618938389512,0.0,0,0,0.0,0.0,0,0.08942958336661586,0,0.0,0,0,0,0.0,0.7504552038797018,0.0,0.06448902336978725,0.0,0.0,15
62,71024720,52.12661795,-114.3847431,0.0,0.0,0,0,0.0,0.0,0,0.1521540450553471,0,0.0,0,0,0,0.056500028619445294,0.7913459263252076,0.0,0.0,0.0,0.0,15
63,71024795,52.15553267,-114.5043861,0.06188715315846287,0.0,0,0,0.0,0.0,0,0.1761324412020463,0,0.0,0,0,0,0.09392612162423836,0.6680542840152525,0.0,0.0,0.0,0.0,15
64,71024843,52.13774835,-114.2884996,0.0,0.0,0,0,0.0,0.0,0,0.0,0,0.0,0,0,0,0.0,1.0,0.0,0.0,0.0,0.0,15
65,71024862,52.15421857,-114.697708,0.0,0.0,0,0,0.0,0.0,0,0.190278919542201,0,0.0,0,0,0,0.0,0.809721080457799,0.0,0.0,0.0,0.0,15
66,71024996,52.20348696,-114.1853344,0.0,0.0,0,0,0.0,0.0,0,0.07040905326391513,0,0.0,0,0,0,0.0,0.9295909467360849,0.0,0.0,0.0,0.0,15
67,71025043,52.19000396,-114.3969938,0.0,0.0,0,0,0.0,0.0,0,0.054825328548695686,0,0.0,0,0,0,0.0,0.8782443780132105,0.0,0.06693029343809377,0.0,0.0,15
68,71025044,52.21394806,-114.4908087,0.0,0.0,0,0,0.0,0.0,0,0.23840749902585454,0,0.0,0,0,0,0.0,0.7615925009741454,0.0,0.0,0.0,0.0,15
69,71025052,52.20559693,-114.6176306,0.09289881270812621,0.0,0,0,0.0,0.0,0,0.16015627357548506,0,0.0,0,0,0,0.0863039471919905,0.6606409665243982,0.0,0.0,0.0,0.0,15
70,71025086,52.19620777,-114.0811189,0.0,0.0,0,0,0.0,0.0,0,0.0,0,0.0,0,0,0,0.0,1.0,0.0,0.0,0.0,0.0,15
71,71025125,52.24609978,-114.7241454,0.10129333053277581,0.0,0,0,0.0,0.0,0,0.17988070360089,0,0.0,0,0,0,0.14765067187940362,0.5138854357130053,0.0,0.0,0.057289858273925354,0.0,15
72,71025142,52.25760654,-114.4898213,0.0,0.0,0,0,0.0,0.0,0,0.13375442494619283,0,0.0,0,0,0,0.0,0.8662455750538072,0.0,0.0,0.0,0.0,15
73,71025201,52.26465034,-114.0475366,0.0,0.0,0,0,0.0,0.0,0,0.0,0,0.0,0,0,0,0.0,0.8093642283844416,0.0,0.0,0.19063577161555836,0.0,15
74,71025219,52.26520515,-114.5943939,0.0,0.0,0,0,0.0,0.0,0,0.15941332071624723,0,0.0,0,0,0,0.0,0.8405866792837527,0.0,0.0,0.0,0.0,15
75,71025298,52.29292846,-114.4119418,0.0,0.0,0,0,0.0,0.0,0,0.07231472433961786,0,0.0,0,0,0,0.0,0.8729867302658175,0.0,0.054698545394564674,0.0,0.0,15
76,71025323,52.29837618,-114.1418365,0.0,0.0,0,0,0.0,0.0,0,0.0,0,0.0,0,0,0,0.0,0.6766799488451195,0.0,0.2418150043828678,0.08150504677201272,0.0,15
77,71025411,52.34355852,-114.2828641,0.0,0.0,0,0,0.0,0.0,0,0.07743568012870275,0,0.0,0,0,0,0.0,0.9225643198712973,0.0,0.0,0.0,0.0,15
78,71025440,52.3501704,-114.7781597,0.0,0.0,0,0,0.0,0.0,0,0.19345374732033443,0,0.0,0,0,0,0.11684637939280035,0.6896998732868652,0.0,0.0,0.0,0.0,15
79,71025547,52.36919238,-114.1896929,0.0,0.0,0,0,0.0,0.0,0,0.061060732751604604,0,0.0,0,0,0,0.0,0.5359130689065859,0.0,0.0,0.4030261983418096,0.0,15
80,71025568,52.42038285,-114.5966279,0.0,0.0,0,0,0.0,0.0,0,0.06784413925253237,0,0.0,0,0,0,0.0,0.9321558607474677,0.0,0.0,0.0,0.0,15
81,71025583,52.42145267,-114.8090515,0.0884349123618739,0.0,0,0,0.0,0.0,0,0.1651676731709212,0,0.0,0,0,0,0.12335831351324555,0.6230391009539594,0.0,0.0,0.0,0.0,15
82,71025693,52.43143039,-114.4581017,0.0,0.0,0,0,0.0,0.07203219288684047,0,0.11573253912771299,0,0.0,0,0,0,0.0,0.7294043459201973,0.0,0.0,0.08283092206524932,0.0,15
83,71025799,52.46292391,-114.6086354,0.06932552521417554,0.0,0,0,0.0,0.06452446984906664,0,0.23006360493714254,0,0.0,0,0,0,0.0,0.6360863999996152,0.0,0.0,0.0,0.0,15
84,71025839,52.46796101,-114.5376931,0.0,0.0,0,0,0.0,0.08507206600589981,0,0.28296318452448604,0,0.0,0,0,0,0.0,0.6319647494696142,0.0,0.0,0.0,0.0,15
85,71025869,52.49206169,-114.3633685,0.0,0.0,0,0,0.0,0.0,0,0.07170217555168754,0,0.0,0,0,0,0.0,0.8576783872896985,0.0,0.07061943715861405,0.0,0.0,15
86,71025911,52.50749058,-114.5695444,0.08105421959974227,0.0,0,0,0.0,0.10128014391625154,0,0.23875132179310501,0,0.0,0,0,0,0.09591590989049796,0.4829984048004031,0.0,0.0,0.0,0.0,15
87,71026015,52.53473767,-114.8335818,0.2749058647081927,0.0,0,0,0.0,0.08021307722778029,0,0.21645485313323037,0,0.0,0,0,0,0.11172684479540351,0.31669936013539307,0.0,0.0,0.0,0.0,15
88,71026036,52.55114866,-114.6580849,0.07268898651431267,0.0,0,0,0.0,0.10045287146660102,0,0.2211080395223783,0,0.0,0,0,0,0.08211443553968849,0.5236356669570196,0.0,0.0,0.0,0.0,15
89,71026037,52.5493679,-114.7633392,0.11508622022523754,0.0,0,0,0.0,0.07153675572834854,0,0.1930146616455777,0,0.0,0,0,0,0.0852193014114669,0.5351430609893693,0.0,0.0,0.0,0.0,15
90,71026134,52.56055783,-114.3889458,0.0,0.0,0,0,0.0,0.0,0,0.0,0,0.0,0,0,0,0.0,1.0,0.0,0.0,0.0,0.0,15
91,71026193,52.61076562,-114.4229927,0.0,0.0,0,0,0.0,0.0,0,0.06458963412873575,0,0.0,0,0,0,0.06331781368594795,0.8720925521853163,0.0,0.0,0.0,0.0,15
92,71026196,52.60134809,-114.667914,0.06516422156489611,0.0,0,0,0.0880273189259995,0.14849792395864705,0,0.2554077537530969,0,0.0,0,0,0,0.10402088789025628,0.3388818939071042,0.0,0.0,0.0,0.0,15
93,71026344,52.64733813,-114.6633142,0.14244273018369405,0.0,0,0,0.054091804403594006,0.18416808146376046,0,0.16870093804599626,0,0.0,0,0,0,0.16492349768175024,0.28567294822120504,0.0,0.0,0.0,0.0,15
94,71026572,52.71784924,-114.68515,0.29697725589878476,0.0,0,0,0.05904629197102727,0.1745968900297823,0,0.1248556231141019,0,0.0,0,0,0,0.14911325761744107,0.19541068136886267,0.0,0.0,0.0,0.0,1
95,71026700,52.78582948,-114.6890143,0.4251306684759181,0.0,0,0,0.08740880850744215,0.24761073425146415,0,0.08550170613210252,0,0.0,0,0,0,0.1543480826330729,0.0,0.0,0.0,0.0,0.0,1
96,71026853,52.8199213,-114.6110922,0.3468404435351046,0.0,0,0,0.0,0.3027000518695763,0,0.15357880923347675,0,0.0,0,0,0,0.13999396181583001,0.05688673354601227,0.0,0.0,0.0,0.0,1
97,71027942,51.09753442,-114.2095545,0.0,0.0,0,0,0.0,0.0,0,0.13299121398047203,0,0.14324180844290763,0,0,0,0.0,0.05452181260325152,0.0,0.6692451649733688,0.0,0.0,17
98,71027957,51.15615971,-114.4065077,0.0,0.0,0,0,0.0,0.0,0,0.23423469541633202,0,0.4103812287066611,0,0,0,0.0,0.223935671146776,0.0,0.13144840473023087,0.0,0.0,10
99,71027962,51.18464805,-114.4917961,0.0,0.0,0,0,0.0,0.0,0,0.16713406822232862,0,0.2518826457642936,0,0,0,0.0,0.0,0.0,0.4862308527291212,0.09475243328425663,0.0,17
100,71027963,51.20096173,-114.506737,0.0,0.0,0,0,0.0,0.0,0,0.15250835253671835,0,0.34379204565089744,0,0,0,0.0,0.06301628577351606,0.0,0.4406833160388681,0.0,0.0,17
101,71027969,51.19409712,-114.5729812,0.0,0.0,0,0,0.0,0.0,0,0.4446319197714448,0,0.347057852589419,0,0,0,0.0,0.20831022763913623,0.0,0.0,0.0,0.0,8
102,71027979,51.21367786,-114.5939596,0.0,0.0,0,0,0.0,0.0,0,0.44369969775357915,0,0.40132237150232214,0,0,0,0.0,0.1549779307440987,0.0,0.0,0.0,0.0,8
103,71027981,51.21400714,-114.6415189,0.0,0.0,0,0,0.0,0.0,0,0.4960903443438203,0,0.33729995361823534,0,0,0,0.0,0.0,0.0,0.09945082095599289,0.06715888108195156,0.0,8
104,71027992,51.20581509,-114.6839943,0.0,0.0,0,0,0.0,0.0,0,0.5539782261521597,0,0.3655037298534078,0,0,0,0.0,0.0,0.0,0.0,0.08051804399443255,0.0,8
105,71028007,51.186093,-114.7823765,0.10809787976231962,0.0,0,0,0.0,0.0,0,0.4301280969329486,0,0.2756093662626203,0,0,0,0.0,0.0,0.0,0.062016939623642554,0.12414771741846899,0.0,8
106,71028014,51.16640301,-114.8639154,0.08798805898130536,0.0,0,0,0.0,0.0,0,0.3242372057565037,0,0.3598368527002228,0,0,0,0.0,0.0,0.0,0.2279378825619681,0.0,0.0,10
107,71028023,51.13651095,-114.9370767,0.20024423665353033,0.0,0,0,0.0,0.0,0,0.3459530208242573,0,0.31539449263965935,0,0,0,0.0,0.0,0.0,0.13840824988255299,0.0,0.0,8
108,71028027,51.11996462,-114.9945589,0.14866130688059526,0.0,0,0,0.0,0.0,0,0.18810489351312484,0,0.4704114287631266,0,0,0,0.0,0.0,0.0,0.19282237084315332,0.0,0.0,10
109,71028039,51.12327521,-115.0577562,0.32390547681785986,0.0,0,0,0.0,0.0,0,0.44144982510688147,0,0.1738242582437187,0,0,0,0.0,0.0,0.0,0.0,0.060820439831540014,0.0,8
110,71028054,51.07351667,-115.1298567,0.5260269922860482,0.0,0,0,0.0,0.0,0,0.10516948882017067,0,0.13629153139577121,0,0,0,0.0,0.0,0.23251198749800997,0.0,0.0,0.0,1
111,71028062,51.14425439,-114.5282989,0.0,0.0,0,0,0.0,0.0,0,0.4576154749372918,0,0.301014111214513,0,0,0,0.0,0.2413704138481951,0.0,0.0,0.0,0.0,8
112,71028073,51.05646011,-115.21781,0.4658927253616371,0.0,0,0,0.0,0.0,0,0.0,0,0.09099834118904844,0,0,0,0.0,0.0,0.30451185877599457,0.06675120276259126,0.07184587191072854,0.0,1
113,71028095,51.0467123,-115.3156608,0.5808249394053401,0.0,0,0,0.0,0.0,0,0.054667244916384014,0,0.07731276653675571,0,0,0,0.0,0.0,0.21195749700175484,0.07523755213976528,0.0,0.0,1
114,71028097,51.10152876,-114.5652843,0.0,0.0,0,0,0.0,0.0,0,0.4641006346239198,0,0.2682708996892188,0,0,0,0.0,0.20372687310539855,0.0,0.06390159258146275,0.0,0.0,8
115,71028132,51.03958263,-114.5782401,0.204783549947949,0.0,0,0,0.0,0.0,0,0.5354059974801125,0,0.1942187509800159,0,0,0,0.0,0.0655917015919225,0.0,0.0,0.0,0.0,8
116,71028140,51.11141883,-115.3953222,0.5860878933395206,0.0,0,0,0.0,0.0,0,0.0,0,0.12193028610489323,0,0,0,0.0,0.0,0.23573387545540067,0.05624794510018552,0.0,0.0,1
117,71028159,51.14916712,-115.467817,0.6373181502478015,0.0,0,0,0.0,0.0,0,0.0,0,0.056224434429972575,0,0,0,0.0,0.0,0.30645741532222587,0.0,0.0,0.0,1
118,71028189,51.17146648,-115.5183519,0.620712870990789,0.0,0,0,0.0,0.0,0,0.0,0,0.0,0,0,0,0.0,0.0,0.1869705900669495,0.07391961348276221,0.11839692545949942,0.0,1
119,71028215,51.02161086,-114.7596553,0.4409772658244599,0.0,0,0,0.0,0.0,0,0.48422334185939664,0,0.07479939231614352,0,0,0,0.0,0.0,0.0,0.0,0.0,0.0,8
120,71028221,51.13224128,-115.5246014,0.6927613713002246,0.0,0,0,0.0,0.0,0,0.0,0,0.0,0,0,0,0.0,0.0,0.30723862869977536,0.0,0.0,0.0,1
121,71028249,51.0644109,-115.0412446,0.5693500419876374,0.0,0,0,0.0,0.0,0,0.21421466034219347,0,0.1351331017463724,0,0,0,0.0,0.0,0.0,0.08130219592379678,0.0,0.0,1
122,71028304,51.01441544,-115.0686048,0.5712364876774602,0.0,0,0,0.0,0.0,0,0.13206984135823413,0,0.10769998912916401,0,0,0,0.0,0.0,0.12235239823027064,0.0,0.06664128360487097,0.0,1
123,71028311,51.00226064,-115.48497,0.545014815158229,0.0,0,0,0.0,0.0,0,0.0,0,0.15934917006069466,0,0,0,0.0,0.0,0.29563601478107643,0.0,0.0,0.0,1
124,71028377,51.01538304,-114.9198353,0.6916877027375711,0.0,0,0,0.0,0.0,0,0.17537759659438493,0,0.13293470066804397,0,0,0,0.0,0.0,0.0,0.0,0.0,0.0,1
125,71028380,50.98903136,-114.8607695,0.7682900103804177,0.0,0,0,0.0,0.0,0,0.1297112497249559,0,0.10199873989462645,0,0,0,0.0,0.0,0.0,0.0,0.0,0.0,1
126,71028490,51.97351804,-114.4566358,0.1347644635023633,0.0,0,0,0.0,0.0,0,0.19008507029641064,0,0.09884013655148437,0,0,0,0.07009605212548764,0.506214277524254,0.0,0.0,0.0,0.0,15
127,71028494,51.90359847,-114.5429194,0.08977907001258152,0.0,0,0,0.0,0.0,0,0.26561882389993413,0,0.0654948023891233,0,0,0,0.08407886171446645,0.4950284419838945,0.0,0.0,0.0,0.0,15
128,71028498,51.87982525,-114.6362744,0.12051762155014105,0.0,0,0,0.0,0.0,0,0.2165902789517479,0,0.07556245534772314,0,0,0,0.0,0.5873296441503879,0.0,0.0,0.0,0.0,15
129,71028505,51.82306976,-114.6522114,0.10959647918096531,0.0,0,0,0.0,0.0,0,0.23673025517125934,0,0.0730471392377528,0,0,0,0.0,0.47129834867673426,0.0,0.1093277777332883,0.0,0.0,15
130,71028510,51.76246345,-114.6404878,0.28553506606695456,0.0,0,0,0.0,0.0,0,0.13916702570540346,0,0.14479348540482276,0,0,0,0.0,0.36678036017819615,0.0,0.06372406264462317,0.0,0.0,15
131,71028524,51.95773092,-114.2485485,0.06905285413475826,0.0,0,0,0.0,0.0,0,0.3256375831292814,0,0.1203109749401749,0,0,0,0.05569455039663702,0.31355308695118317,0.0,0.058268688644907744,0.05748226180305746,0.0,8
132,71028526,51.74858489,-114.7498335,0.21179340574988667,0.0,0,0,0.0,0.0,0,0.2227958340976464,0,0.12175259756965567,0,0,0,0.0,0.3570163963268045,0.0,0.0,0.0866417662560069,0.0,15
133,71028531,51.93159581,-114.2482995,0.21440808432503916,0.0,0,0,0.0,0.0,0,0.18058935826863498,0,0.0,0,0,0,0.08617526134409385,0.4095140543184642,0.0,0.0,0.1093132417437678,0.0,15
134,71028546,51.90125304,-114.289386,0.0,0.0,0,0,0.0,0.0,0,0.11438560696651127,0,0.0,0,0,0,0.0,0.8856143930334887,0.0,0.0,0.0,0.0,15
135,71028558,51.69536664,-114.8885137,0.5200045157456533,0.0,0,0,0.0,0.08202052312284544,0,0.3979749611315012,0,0.0,0,0,0,0.0,0.0,0.0,0.0,0.0,0.0,1
136,71028580,51.85723187,-114.3733488,0.0,0.0,0,0,0.0,0.0,0,0.10837040409513271,0,0.0,0,0,0,0.0,0.8916295959048673,0.0,0.0,0.0,0.0,15
137,71028585,51.16759235,-115.5736183,0.5579467903585299,0.0,0,0,0.0,0.0,0,0.0,0,0.0,0,0,0,0.0,0.0,0.0,0.44205320964147005,0.0,0.0,1
138,71028597,51.17700428,-115.6130034,0.4513259441522638,0.0,0,0,0.0,0.0,0,0.10410005457853222,0,0.11043237464146409,0,0,0,0.0,0.0,0.22213724413751054,0.0,0.11200438249022936,0.0,1
139,71028598,51.63393697,-115.0285995,0.6473668358442541,0.0,0,0,0.0,0.0,0,0.35263316415574586,0,0.0,0,0,0,0.0,0.0,0.0,0.0,0.0,0.0,1
140,71028609,51.17266566,-115.6498257,0.6505842213102359,0.0,0,0,0.0,0.0,0,0.0,0,0.0727902022265662,0,0,0,0.0,0.0,0.2766255764631979,0.0,0.0,0.0,1
141,71028657,51.65659857,-115.1893607,0.5943700212166032,0.0,0,0,0.0,0.0,0,0.25145495434149195,0,0.15417502444190487,0,0,0,0.0,0.0,0.0,0.0,0.0,0.0,1
142,71028663,51.63912289,-115.2651376,0.49201211241111514,0.0,0,0,0.0,0.0,0,0.10860002693538129,0,0.3993878606535036,0,0,0,0.0,0.0,0.0,0.0,0.0,0.0,1
143,71028675,51.7824778,-114.3491619,0.0,0.0,0,0,0.0,0.0,0,0.0695159846546244,0,0.0,0,0,0,0.0,0.9304840153453756,0.0,0.0,0.0,0.0,15
144,71028676,51.19488472,-115.7549292,0.5848448799066664,0.0,0,0,0.0,0.0,0,0.0,0,0.129495249468621,0,0,0,0.0,0.0,0.2856598706247125,0.0,0.0,0.0,1
145,71028681,51.74949561,-114.6551974,1.0,0.0,0,0,0.0,0.0,0,0.0,0,0.0,0,0,0,0.0,0.0,0.0,0.0,0.0,0.0,1
146,71028685,51.65829768,-115.3068969,0.5633189426732661,0.0,0,0,0.0,0.0,0,0.07553013169415858,0,0.26263878497527055,0,0,0,0.0,0.0,0.0,0.09851214065730476,0.0,0.0,1
147,71028699,51.65366944,-115.3342516,1.0,0.0,0,0,0.0,0.0,0,0.0,0,0.0,0,0,0,0.0,0.0,0.0,0.0,0.0,0.0,1
148,71028700,51.23153394,-115.8392352,0.9111253964154241,0.0,0,0,0.0,0.0,0,0.0,0,0.0,0,0,0,0.0,0.0,0.08887460358457591,0.0,0.0,0.0,1
149,71028722,51.76131426,-114.4955793,0.08199009434211046,0.0,0,0,0.0,0.0,0,0.21670613818463758,0,0.0,0,0,0,0.0,0.701303767473252,0.0,0.0,0.0,0.0,15
150,71028727,51.93518797,-114.6857127,0.11089504233238254,0.0,0,0,0.0,0.0,0,0.2827050364888511,0,0.0,0,0,0,0.05625998756102407,0.49464051586423174,0.0,0.05549941775351058,0.0,0.0,15
151,71028734,51.71165545,-114.643308,0.1631015461528806,0.0,0,0,0.0,0.0,0,0.2345734239860835,0,0.09408617802940511,0,0,0,0.0,0.5082388518316308,0.0,0.0,0.0,0.0,15
152,71028740,51.26779745,-115.8956955,0.8120904986103993,0.0,0,0,0.0,0.0,0,0.0,0,0.0,0,0,0,0.0,0.0,0.18790950138960072,0.0,0.0,0.0,1
153,71028757,51.23904182,-114.7338579,0.15160529833225392,0.0,0,0,0.0,0.0,0,0.4044084838898212,0,0.35472359417436744,0,0,0,0.0,0.0,0.0,0.0,0.08926262360355738,0.0,8
154,71028795,51.70543196,-114.3494484,0.0,0.0,0,0,0.0,0.0,0,0.09361930608082311,0,0.0,0,0,0,0.0,0.9063806939191769,0.0,0.0,0.0,0.0,15
155,71028833,51.27466611,-114.8188227,0.520523135000405,0.0,0,0,0.0,0.0,0,0.3484940898688679,0,0.13098277513072717,0,0,0,0.0,0.0,0.0,0.0,0.0,0.0,1
156,71028835,51.65697494,-114.345837,0.0,0.0,0,0,0.0,0.0,0,0.0,0,0.0,0,0,0,0.0,0.9370252395731047,0.0,0.06297476042689529,0.0,0.0,15
157,71028847,51.69246724,-115.4582669,0.6372399625890973,0.0,0,0,0.0,0.0,0,0.06363736650150631,0,0.15293288152849416,0,0,0,0.0,0.0,0.14618978938090216,0.0,0.0,0.0,1
158,71028852,51.30871167,-116.0181584,0.8130300424258039,0.0,0,0,0.0,0.0,0,0.0,0,0.0,0,0,0,0.0,0.0,0.18696995757419607,0.0,0.0,0.0,1
159,71028865,51.73605353,-115.5582765,0.5839978646461433,0.0,0,0,0.0,0.0,0,0.19548287096943245,0,0.22051926438442415,0,0,0,0.0,0.0,0.0,0.0,0.0,0.0,1
160,71028867,51.62912256,-114.5227183,0.09864155235965685,0.0,0,0,0.0,0.0,0,0.2252325328330844,0,0.05533998468888767,0,0,0,0.0,0.620785930118371,0.0,0.0,0.0,0.0,15
161,71028893,51.62053361,-114.3613075,0.0,0.0,0,0,0.0,0.0,0,0.09158290980287004,0,0.0,0,0,0,0.0,0.90841709019713,0.0,0.0,0.0,0.0,15
162,71028904,51.3510147,-116.101124,0.9019475914883552,0.0,0,0,0.0,0.0,0,0.0,0,0.0,0,0,0,0.0,0.0,0.0980524085116447,0.0,0.0,0.0,1
163,71028945,51.59256338,-114.3504594,0.0,0.0,0,0,0.0,0.0,0,0.1261042062047339,0,0.0,0,0,0,0.0,0.8738957937952662,0.0,0.0,0.0,0.0,15
164,71028957,51.39179516,-116.124331,0.9327560509576099,0.0,0,0,0.0,0.0,0,0.0,0,0.0,0,0,0,0.0,0.0,0.06724394904239013,0.0,0.0,0.0,1
165,71028961,51.71262627,-115.6120956,0.6147097247354768,0.0,0,0,0.0,0.0,0,0.0,0,0.1995802401618998,0,0,0,0.0,0.0,0.18571003510262335,0.0,0.0,0.0,1
166,71028963,51.55812151,-114.5627181,0.09596723899544492,0.0,0,0,0.0,0.0,0,0.2891310005291558,0,0.09285652882156467,0,0,0,0.0,0.5220452316538347,0.0,0.0,0.0,0.0,15
167,71028968,51.26378092,-114.9288055,0.5098777473410873,0.0,0,0,0.0,0.0,0,0.3410595141850739,0,0.14906273847383872,0,0,0,0.0,0.0,0.0,0.0,0.0,0.0,1
168,71028974,51.43795268,-116.1526982,0.8161389434551729,0.0,0,0,0.0,0.0,0,0.0,0,0.11092716632709247,0,0,0,0.0,0.0,0.07293389021773464,0.0,0.0,0.0,1
169,71028975,51.56408404,-114.3405608,0.0,0.0,0,0,0.0,0.0,0,0.0,0,0.0,0,0,0,0.0,1.0,0.0,0.0,0.0,0.0,15
170,71029016,51.4097199,-116.1770207,0.8564114643911201,0.0,0,0,0.0,0.0,0,0.0,0,0.0,0,0,0,0.0,0.0,0.0,0.14358853560887985,0.0,0.0,1
171,71029022,51.42278846,-116.1802564,0.3778115836694872,0.0,0,0,0.0,0.0,0,0.0,0,0.0,0,0,0,0.0,0.0,0.0,0.6221884163305128,0.0,0.0,17
172,71029028,51.54050364,-114.5964809,0.3995274341753582,0.0,0,0,0.0,0.0,0,0.22131483017804593,0,0.08780346551485137,0,0,0,0.0,0.2913542701317445,0.0,0.0,0.0,0.0,1
173,71029042,51.26759272,-114.9964542,0.5764054865357506,0.0,0,0,0.0,0.0,0,0.13740141966266758,0,0.14119897998563993,0,0,0,0.0,0.0,0.06704727228169172,0.0,0.07794684153425022,0.0,1
174,71029057,51.89601306,-114.9064412,0.30890266971999164,0.0,0,0,0.0,0.06899276861235824,0,0.40914560546976286,0,0.05242137438986051,0,0,0,0.07913957249234897,0.08139800931567781,0.0,0.0,0.0,0.0,8
175,71029064,51.59798737,-115.3599522,0.8961958253890475,0.0,0,0,0.0,0.0,0,0.0,0,0.10380417461095252,0,0,0,0.0,0.0,0.0,0.0,0.0,0.0,1
176,71029071,51.44211625,-116.2007534,0.8659572765874771,0.0,0,0,0.0,0.0,0,0.0,0,0.0,0,0,0,0.0,0.0,0.0,0.13404272341252282,0.0,0.0,1
177,71029118,51.21920523,-115.4800648,0.6207468537698106,0.0,0,0,0.0,0.0,0,0.0,0,0.12906118711901343,0,0,0,0.0,0.0,0.2501919591111758,0.0,0.0,0.0,1
178,71029134,51.52839292,-114.6494585,0.40705532217035456,0.0,0,0,0.0,0.08996467742126525,0,0.3515129314282172,0,0.0,0,0,0,0.0,0.15146706898016313,0.0,0.0,0.0,0.0,1
179,71029150,51.88467452,-115.09207,0.4675433516743794,0.0,0,0,0.0,0.06351196643192422,0,0.4689446818936964,0,0.0,0,0,0,0.0,0.0,0.0,0.0,0.0,0.0,8
180,71029158,51.60473009,-115.4422699,0.7846803081241357,0.0,0,0,0.0,0.0,0,0.0,0,0.0,0,0,0,0.0,0.0,0.21531969187586436,0.0,0.0,0.0,1
181,71029189,51.60110396,-115.4831252,0.45190405236321757,0.0,0,0,0.0,0.0,0,0.11224687482924589,0,0.06024205848467847,0,0,0,0.0,0.0,0.37560701432285815,0.0,0.0,0.0,1
182,71029203,51.68038803,-115.7200892,0.43126170103610745,0.0,0,0,0.0,0.0,0,0.0,0,0.1038287366389124,0,0,0,0.0,0.0,0.46490956232498026,0.0,0.0,0.0,16
183,71029212,51.62042709,-114.721027,0.43926737007143346,0.0,0,0,0.0,0.05986317155202227,0,0.36264526604298286,0,0.0,0,0,0,0.0,0.13822419233356134,0.0,0.0,0.0,0.0,1
184,71029225,51.84942116,-115.1181544,0.5238331738847035,0.0,0,0,0.0,0.0,0,0.34445514057790216,0,0.0,0,0,0,0.13171168553739443,0.0,0.0,0.0,0.0,0.0,1
185,71029334,51.54543086,-114.3223663,0.0,0.0,0,0,0.0,0.0,0,0.0,0,0.0,0,0,0,0.0,1.0,0.0,0.0,0.0,0.0,15
186,71029335,51.67057538,-115.8123639,0.5503516063732161,0.0,0,0,0.0,0.0,0,0.0,0,0.19161040252049877,0,0,0,0.0,0.0,0.25803799110628517,0.0,0.0,0.0,1
187,71029380,51.78552328,-114.6975906,0.11267659111113748,0.0,0,0,0.0,0.0,0,0.07238643658527809,0,0.29013992149210033,0,0,0,0.06776315429371217,0.2140432014536208,0.0,0.24299069506415108,0.0,0.0,10
188,71029391,51.33890505,-114.9491308,0.48907100218617033,0.0,0,0,0.0,0.0,0,0.39851673889887523,0,0.11241225891495442,0,0,0,0.0,0.0,0.0,0.0,0.0,0.0,1
189,71029414,51.59481008,-115.1698589,0.6133821597794671,0.0,0,0,0.0,0.0,0,0.20371875473993567,0,0.18289908548059716,0,0,0,0.0,0.0,0.0,0.0,0.0,0.0,1
190,71029434,51.48048536,-114.7096302,0.4950438584467751,0.0,0,0,0.0,0.0,0,0.4292966481947626,0,0.07565949335846225,0,0,0,0.0,0.0,0.0,0.0,0.0,0.0,1
191,71029448,51.30417551,-115.5395867,0.5346320282404362,0.0,0,0,0.0,0.0,0,0.0,0,0.07086759685020484,0,0,0,0.0,0.0,0.3945003749093589,0.0,0.0,0.0,1
192,71029450,51.34291667,-115.605,0.0,0.0,0,0,0.0,0.0,0,0.0,0,0.8819419889930697,0,0,0,0.0,0.0,0.11805801100693024,0.0,0.0,0.0,10
193,71029451,51.83123843,-115.171879,0.40193806922696307,0.0,0,0,0.0,0.0,0,0.4013740640477249,0,0.12447013577100498,0,0,0,0.07221773095430703,0.0,0.0,0.0,0.0,0.0,1
194,71029490,51.62990158,-115.5636586,0.5453015867749181,0.0,0,0,0.0,0.0,0,0.0,0,0.064031124331295,0,0,0,0.0,0.0,0.3906672888937868,0.0,0.0,0.0,1
195,71029520,51.64563022,-115.8614281,0.5313418851042296,0.0,0,0,0.0,0.0,0,0.07513883099576349,0,0.17820676469232144,0,0,0,0.0,0.0,0.21531251920768535,0.0,0.0,0.0,1
196,71029528,51.52335156,-116.2818692,0.8047208117789103,0.0,0,0,0.0,0.0,0,0.0,0,0.05543860456539808,0,0,0,0.0,0.0,0.13984058365569152,0.0,0.0,0.0,1
197,71029602,51.69416667,-114.9674575,0.18652772278650537,0.0,0,0,0.0,0.0,0,0.3575933198625086,0,0.17233169305492857,0,0,0,0.0,0.28354726429605737,0.0,0.0,0.0,0.0,8
198,71029639,51.25257032,-115.0281912,0.9363519735810981,0.0,0,0,0.0,0.0,0,0.0,0,0.0,0,0,0,0.0,0.0,0.0,0.0,0.06364802641890197,0.0,1
199,71029646,51.64423732,-115.936099,0.40654258604706867,0.0,0,0,0.0,0.0,0,0.0,0,0.05801726929665602,0,0,0,0.0,0.0,0.5354401446562753,0.0,0.0,0.0,16
200,71029715,51.70551478,-114.9848377,0.30669454953698266,0.0,0,0,0.0,0.0,0,0.6933054504630174,0,0.0,0,0,0,0.0,0.0,0.0,0.0,0.0,0.0,8
201,71029721,51.41016473,-115.0893271,0.9299403000548212,0.0,0,0,0.0,0.0,0,0.07005969994517884,0,0.0,0,0,0,0.0,0.0,0.0,0.0,0.0,0.0,1
202,71029759,51.45639886,-114.2834818,0.0,0.0,0,0,0.0,0.0,0,0.0,0,0.056696830250640616,0,0,0,0.0,0.9433031697493593,0.0,0.0,0.0,0.0,15
203,71029766,51.61624249,-115.9363703,0.7921590801968492,0.0,0,0,0.0,0.0,0,0.0,0,0.0,0,0,0,0.0,0.0,0.20784091980315084,0.0,0.0,0.0,1
204,71029770,51.46529002,-114.7804737,0.4041658641755912,0.0,0,0,0.0,0.0,0,0.4536789932240408,0,0.14215514260036796,0,0,0,0.0,0.0,0.0,0.0,0.0,0.0,8
205,71029778,51.61169029,-116.3113519,0.5399643618293971,0.0,0,0,0.0,0.0,0,0.0,0,0.0,0,0,0,0.0,0.0,0.46003563817060283,0.0,0.0,0.0,1
206,71029798,51.14528898,-115.673967,0.9041850295180218,0.0,0,0,0.0,0.0,0,0.0,0,0.0,0,0,0,0.0,0.0,0.09581497048197818,0.0,0.0,0.0,1
207,71029800,51.37974214,-115.6555363,0.6226841044952008,0.0,0,0,0.0,0.0,0,0.0,0,0.14667810709167983,0,0,0,0.0,0.0,0.23063778841311933,0.0,0.0,0.0,1
208,71029803,51.41301666,-114.7834349,0.4673374835883489,0.0,0,0,0.0,0.0,0,0.5326625164116511,0,0.0,0,0,0,0.0,0.0,0.0,0.0,0.0,0.0,8
209,71029857,51.20475925,-115.5770043,0.5860185716938782,0.0,0,0,0.0,0.0,0,0.0,0,0.09634645736166367,0,0,0,0.0,0.0,0.20416172706787808,0.11347324387658014,0.0,0.0,1
210,71029863,51.42064394,-114.8402231,0.5659814566288928,0.0,0,0,0.0,0.0,0,0.4340185433711073,0,0.0,0,0,0,0.0,0.0,0.0,0.0,0.0,0.0,1
211,71029879,51.06914907,-114.6044511,0.07687407949170161,0.0,0,0,0.0,0.0,0,0.47828887526798036,0,0.17811794200190673,0,0,0,0.0,0.26671910323841136,0.0,0.0,0.0,0.0,8
212,71029924,51.5440145,-115.2585136,0.8453125643026757,0.0,0,0,0.0,0.0,0,0.0,0,0.1546874356973244,0,0,0,0.0,0.0,0.0,0.0,0.0,0.0,1
213,71029930,51.47750558,-114.829378,0.1734140934172945,0.0,0,0,0.0,0.0,0,0.7474381228591237,0,0.07914778372358179,0,0,0,0.0,0.0,0.0,0.0,0.0,0.0,8
214,71029963,51.1132636,-115.6775211,0.6926535512463887,0.0,0,0,0.0,0.0,0,0.0,0,0.0702903086551246,0,0,0,0.0,0.0,0.23705614009848666,0.0,0.0,0.0,1
215,71029992,51.51280034,-116.1791906,0.6743055390038026,0.0,0,0,0.0,0.0,0,0.0,0,0.0936531978380453,0,0,0,0.0,0.0,0.23204126315815202,0.0,0.0,0.0,1
216,71030026,51.56544674,-116.1533419,1.0,0.0,0,0,0.0,0.0,0,0.0,0,0.0,0,0,0,0.0,0.0,0.0,0.0,0.0,0.0,1
217,71030034,51.56044518,-115.920782,0.4635229879134958,0.0,0,0,0.0,0.0,0,0.0,0,0.0911741735146936,0,0,0,0.0,0.0,0.44530283857181063,0.0,0.0,0.0,1
218,71030035,51.57676196,-115.6805316,0.4628682692673467,0.0,0,0,0.0,0.0,0,0.0,0,0.2490862168972344,0,0,0,0.0,0.0,0.288045513835419,0.0,0.0,0.0,1
219,71030057,51.53886111,-115.7333333,0.692534903725097,0.0,0,0,0.0,0.0,0,0.0,0,0.3074650962749031,0,0,0,0.0,0.0,0.0,0.0,0.0,0.0,1
220,71030071,51.09595142,-115.6539789,0.65392173777172,0.0,0,0,0.0,0.0,0,0.0,0,0.06243976776096437,0,0,0,0.0,0.0,0.2836384944673156,0.0,0.0,0.0,1
221,71030100,51.19584339,-115.8455001,0.5789099360988559,0.0,0,0,0.0,0.0,0,0.0,0,0.0968765880185225,0,0,0,0.0,0.0,0.32421347588262156,0.0,0.0,0.0,1
222,71030156,51.84257143,-115.1058571,0.6719003070579095,0.0,0,0,0.0,0.05850319784481583,0,0.2695964950972748,0,0.0,0,0,0,0.0,0.0,0.0,0.0,0.0,0.0,1
223,71030177,51.41861381,-115.7260805,0.550090125707965,0.0,0,0,0.0,0.0,0,0.07887681616087756,0,0.0728322565380904,0,0,0,0.0,0.0,0.29820080159306706,0.0,0.0,0.0,1
224,71030189,51.22016035,-114.434547,0.0,0.0,0,0,0.0,0.0,0,0.30924737968794314,0,0.38507216757418505,0,0,0,0.0,0.14587628440781514,0.0,0.15980416833005676,0.0,0.0,10
225,71030191,51.40402564,-115.7632436,0.9231369827896985,0.0,0,0,0.0,0.0,0,0.0,0,0.0768630172103015,0,0,0,0.0,0.0,0.0,0.0,0.0,0.0,1
226,71030202,51.82449576,-114.8144145,0.12277782903289314,0.0,0,0,0.0,0.0,0,0.4805388928205087,0,0.102956830814976,0,0,0,0.0,0.29372644733162223,0.0,0.0,0.0,0.0,8
227,71030231,51.57082726,-115.5595433,0.5797702724357481,0.0,0,0,0.0,0.0,0,0.0,0,0.0728650240507464,0,0,0,0.0,0.0,0.34736470351350557,0.0,0.0,0.0,1
228,71030243,51.35330261,-115.5872763,0.7032918140018228,0.0,0,0,0.0,0.0,0,0.0,0,0.1676334298324848,0,0,0,0.0,0.0,0.12907475616569242,0.0,0.0,0.0,1
229,71030265,51.82851096,-114.8848618,0.0,0.0,0,0,0.0,0.0,0,0.822034379192111,0,0.17796562080788908,0,0,0,0.0,0.0,0.0,0.0,0.0,0.0,8
230,71030270,51.60054763,-116.1430721,0.48722695310549424,0.0,0,0,0.0,0.0,0,0.0,0,0.09172942980537609,0,0,0,0.0,0.0,0.42104361708912974,0.0,0.0,0.0,1
231,71030287,51.40184794,-116.0540295,0.7142675926031278,0.0,0,0,0.0,0.0,0,0.0,0,0.06524517661202978,0,0,0,0.0,0.0,0.22048723078484256,0.0,0.0,0.0,1
232,71030292,51.55098443,-115.0294189,0.6544037692951288,0.0,0,0,0.0,0.0,0,0.2537840240015266,0,0.09181220670334475,0,0,0,0.0,0.0,0.0,0.0,0.0,0.0,1
233,71030302,51.18994497,-115.9093949,0.7115843131539211,0.0,0,0,0.0,0.0,0,0.0,0,0.0648145416547986,0,0,0,0.0,0.0,0.22360114519128033,0.0,0.0,0.0,1
234,71030308,51.30925146,-115.2533054,0.4368511310020898,0.0,0,0,0.0,0.0,0,0.0,0,0.12219641517041972,0,0,0,0.0,0.0,0.4409524538274905,0.0,0.0,0.0,16
235,71030313,51.26527919,-114.3583054,0.0,0.0,0,0,0.0,0.0,0,0.3125256126879558,0,0.44149784583503815,0,0,0,0.0,0.24597654147700615,0.0,0.0,0.0,0.0,10
236,71030314,51.24534106,-114.530782,0.0,0.0,0,0,0.0,0.0,0,0.4371803248806269,0,0.4888804946049899,0,0,0,0.0,0.07393918051438317,0.0,0.0,0.0,0.0,10
237,71030390,51.54829825,-115.9767466,0.5394937374681974,0.0,0,0,0.0,0.0,0,0.0,0,0.083375694193992,0,0,0,0.0,0.0,0.3771305683378106,0.0,0.0,0.0,1
238,71030418,51.01642152,-115.5988836,0.368349672810904,0.0,0,0,0.0,0.0,0,0.0,0,0.09301170558722696,0,0,0,0.0,0.0,0.538638621601869,0.0,0.0,0.0,16
239,71030428,50.99476173,-114.6783465,0.21798168594053577,0.0,0,0,0.0,0.0,0,0.7820183140594642,0,0.0,0,0,0,0.0,0.0,0.0,0.0,0.0,0.0,8
240,71030431,50.99675025,-115.242502,0.638227536054369,0.0,0,0,0.0,0.0,0,0.06964822265044622,0,0.11670683241215665,0,0,0,0.0,0.0,0.17541740888302804,0.0,0.0,0.0,1
241,71030460,51.01167517,-114.998629,0.8312230050276183,0.0,0,0,0.0,0.0,0,0.08426037043831368,0,0.08451662453406815,0,0,0,0.0,0.0,0.0,0.0,0.0,0.0,1
242,71030474,51.04833754,-115.4329453,0.6057442554135246,0.0,0,0,0.0,0.0,0,0.0,0,0.07891512735130185,0,0,0,0.0,0.0,0.3153406172351735,0.0,0.0,0.0,1
243,71030527,51.03585974,-115.6673755,0.4478429137766025,0.0,0,0,0.0,0.0,0,0.0,0,0.07684990999973618,0,0,0,0.0,0.0,0.4753071762236613,0.0,0.0,0.0,16
244,71030563,51.05964422,-115.7233702,0.4163553275921831,0.0,0,0,0.0,0.0,0,0.0,0,0.2304164718890139,0,0,0,0.0,0.0,0.353228200518803,0.0,0.0,0.0,1
245,71030588,51.08426389,-114.7515883,0.36030183453182124,0.0,0,0,0.0,0.0,0,0.6396981654681788,0,0.0,0,0,0,0.0,0.0,0.0,0.0,0.0,0.0,8
246,71030626,51.11426734,-115.2029344,0.47493669143913725,0.0,0,0,0.0,0.0,0,0.0,0,0.12821985531395383,0,0,0,0.0,0.0,0.39684345324690895,0.0,0.0,0.0,1
247,71030660,51.10570311,-114.8951915,0.3861847938387308,0.0,0,0,0.0,0.0,0,0.539505405581883,0,0.07430980057938628,0,0,0,0.0,0.0,0.0,0.0,0.0,0.0,8
248,71030690,51.1065733,-115.7773154,0.4842914497036218,0.0,0,0,0.0,0.0,0,0.05803628763421647,0,0.2126059138994151,0,0,0,0.0,0.0,0.2450663487627466,0.0,0.0,0.0,1
249,71030703,51.11689755,-114.7180487,0.17772561778973728,0.0,0,0,0.0,0.0,0,0.6604892950551077,0,0.16178508715515497,0,0,0,0.0,0.0,0.0,0.0,0.0,0.0,8
250,71030716,51.14293641,-114.6473976,0.0,0.0,0,0,0.0,0.0,0,0.5863399434865623,0,0.25960494691772984,0,0,0,0.0,0.15405510959570778,0.0,0.0,0.0,0.0,8
251,71030717,51.12212252,-115.302328,0.28163899096249007,0.0,0,0,0.0,0.0,0,0.0,0,0.10364054188641551,0,0,0,0.0,0.0,0.514305977932083,0.10041448921901146,0.0,0.0,16
252,71030749,51.11841097,-114.3815508,0.0,0.0,0,0,0.0,0.0,0,0.10474360943534473,0,0.3762779558366672,0,0,0,0.0,0.39851774924560285,0.0,0.12046068548238523,0.0,0.0,15
253,71030774,51.12230352,-115.5996168,0.7881090529621494,0.0,0,0,0.0,0.0,0,0.0,0,0.0,0,0,0,0.0,0.0,0.21189094703785066,0.0,0.0,0.0,1
254,71030784,51.12454605,-115.9013046,0.6964453289285062,0.0,0,0,0.0,0.0,0,0.05265794701448403,0,0.0718462664536141,0,0,0,0.0,0.0,0.17905045760339564,0.0,0.0,0.0,1
255,71030831,51.17270963,-115.0044069,0.3065499635288186,0.0,0,0,0.0,0.0,0,0.6934500364711814,0,0.0,0,0,0,0.0,0.0,0.0,0.0,0.0,0.0,8
256,71030835,51.15296086,-115.1194721,0.37363465410117846,0.0,0,0,0.0,0.0,0,0.1670187266141426,0,0.08441978626819747,0,0,0,0.0,0.0,0.3749268330164814,0.0,0.0,0.0,16
257,71030838,51.15346636,-115.9689055,0.49722343904681765,0.0,0,0,0.0,0.0,0,0.0,0,0.0,0,0,0,0.0,0.0,0.43047341767079983,0.0,0.0,0.0723031432823825,1
258,71030896,51.14773635,-115.8531839,0.4709841050699014,0.0,0,0,0.0,0.0,0,0.0895905641601556,0,0.16487414060023112,0,0,0,0.0,0.0,0.2745511901697119,0.0,0.0,0.0,1
259,71030906,51.21485895,-114.9381015,0.421817437513318,0.0,0,0,0.0,0.0,0,0.43513247524681253,0,0.14305008723986942,0,0,0,0.0,0.0,0.0,0.0,0.0,0.0,8
260,71030944,51.20601045,-115.187507,0.3430672919216967,0.0,0,0,0.0,0.0,0,0.0,0,0.10106418569653727,0,0,0,0.0,0.0,0.555868522381766,0.0,0.0,0.0,16
261,71030950,51.18304508,-115.3679993,0.4815417955194658,0.0,0,0,0.0,0.0,0,0.0,0,0.20452302838094555,0,0,0,0.0,0.0,0.3139351760995886,0.0,0.0,0.0,1
262,71031068,51.26951843,-114.6558183,0.16842798565290917,0.0,0,0,0.0,0.0,0,0.43331118687165643,0,0.318617509639405,0,0,0,0.0,0.0796433178360294,0.0,0.0,0.0,0.0,8
263,71031077,51.20608237,-115.0591273,0.7214077928700805,0.0,0,0,0.0,0.0,0,0.2785922071299195,0,0.0,0,0,0,0.0,0.0,0.0,0.0,0.0,0.0,1
264,71031094,51.25589672,-115.614486,0.5638603259657662,0.0,0,0,0.0,0.0,0,0.0,0,0.0,0,0,0,0.0,0.0,0.4361396740342337,0.0,0.0,0.0,1
265,71031120,51.24199998,-116.0190438,0.7583393986392316,0.0,0,0,0.0,0.0,0,0.0,0,0.0,0,0,0,0.0,0.0,0.24166060136076845,0.0,0.0,0.0,1
266,71031130,51.23217284,-114.8104585,0.1765762672708777,0.0,0,0,0.0,0.0,0,0.673837221548109,0,0.14958651118101335,0,0,0,0.0,0.0,0.0,0.0,0.0,0.0,8
267,71031155,51.28460213,-114.4564915,0.0,0.0,0,0,0.0,0.0,0,0.3794615354042245,0,0.22895702653217256,0,0,0,0.0,0.39158143806360307,0.0,0.0,0.0,0.0,15
268,71031177,51.25943802,-115.3324648,0.35897219471309794,0.0,0,0,0.0,0.0,0,0.0,0,0.09308982701346334,0,0,0,0.0,0.0,0.4014140993056679,0.0,0.14652387896777072,0.0,16
269,71031181,51.28316634,-114.7219138,0.454885159464671,0.0,0,0,0.0,0.0,0,0.33374122904710657,0,0.21137361148822237,0,0,0,0.0,0.0,0.0,0.0,0.0,0.0,1
270,71031215,51.26424211,-114.4891665,0.0,0.0,0,0,0.0,0.0,0,0.20353726034640093,0,0.3838363902912811,0,0,0,0.0,0.2626822187327472,0.0,0.0868892491176866,0.06305488151188408,0.0,10
271,71031267,51.31122192,-114.4275682,0.0,0.0,0,0,0.0,0.0,0,0.3639659032146919,0,0.21810461428499034,0,0,0,0.0,0.41792948250031775,0.0,0.0,0.0,0.0,15
272,71031276,51.31736721,-114.3505081,0.0,0.0,0,0,0.0,0.0,0,0.2744141932002652,0,0.2679038201869675,0,0,0,0.0,0.3976841187264538,0.0,0.0,0.05999786788631352,0.0,15
273,71031279,51.30480419,-115.0587935,0.5076902972998486,0.0,0,0,0.0,0.0,0,0.37906205002852206,0,0.11324765267162938,0,0,0,0.0,0.0,0.0,0.0,0.0,0.0,1
274,71031296,51.27375469,-115.7018512,0.46182017854140894,0.0,0,0,0.0,0.0,0,0.0,0,0.08685938041700703,0,0,0,0.0,0.0,0.4513204410415841,0.0,0.0,0.0,1
275,71031303,51.31748764,-114.5558542,0.0,0.0,0,0,0.0,0.0,0,0.5287454827519487,0,0.3019589473058816,0,0,0,0.0,0.1692955699421697,0.0,0.0,0.0,0.0,8
276,71031359,51.32445918,-116.1844606,0.40398104547205305,0.0,0,0,0.0,0.0,0,0.0,0,0.0,0,0,0,0.0,0.0,0.5250048681159282,0.0,0.0,0.07101408641201877,16
277,71031397,51.32108795,-115.649154,0.6206767357864035,0.0,0,0,0.0,0.0,0,0.0,0,0.06704343139920002,0,0,0,0.0,0.0,0.3122798328143965,0.0,0.0,0.0,1
278,71031414,51.37691074,-114.4295395,0.0,0.0,0,0,0.0,0.0,0,0.3613075507205979,0,0.3174600917213524,0,0,0,0.0,0.3212323575580497,0.0,0.0,0.0,0.0,8
279,71031429,51.34442741,-115.4562221,0.26822470975903107,0.0,0,0,0.0,0.0,0,0.0,0,0.08832415530095471,0,0,0,0.0,0.0,0.6434511349400142,0.0,0.0,0.0,16
280,71031431,51.30801983,-114.6278022,0.15862634293422137,0.0,0,0,0.0,0.0,0,0.4739521629451928,0,0.2892786923447406,0,0,0,0.0,0.07814280177584536,0.0,0.0,0.0,0.0,8
281,71031478,51.35978472,-115.0901234,0.8057319314489001,0.0,0,0,0.0,0.0,0,0.11759907418785882,0,0.07666899436324104,0,0,0,0.0,0.0,0.0,0.0,0.0,0.0,1
282,71031489,51.3610184,-115.1948145,0.6805689767875557,0.0,0,0,0.0,0.0,0,0.0,0,0.06866747681328539,0,0,0,0.0,0.0,0.25076354639915893,0.0,0.0,0.0,1
283,71031502,51.37538993,-115.525607,0.24275823720417108,0.0,0,0,0.0,0.0,0,0.0,0,0.0804679338550459,0,0,0,0.0,0.0,0.6767738289407831,0.0,0.0,0.0,16
284,71031503,51.36395094,-116.2300473,0.41158090496398825,0.0,0,0,0.0,0.0,0,0.0,0,0.0,0,0,0,0.0,0.0,0.5884190950360119,0.0,0.0,0.0,16
285,71031506,51.3373553,-115.8713506,0.430779535480201,0.0,0,0,0.0,0.0,0,0.0,0,0.08774307617524578,0,0,0,0.0,0.0,0.4814773883445532,0.0,0.0,0.0,16
286,71031524,51.3559711,-114.8311464,0.4425731546155741,0.0,0,0,0.0,0.05641772486864163,0,0.5010091205157843,0,0.0,0,0,0,0.0,0.0,0.0,0.0,0.0,0.0,8
287,71031528,51.43596143,-114.5289779,0.16548773198035863,0.0,0,0,0.0,0.0,0,0.3187710009977981,0,0.12046425232199132,0,0,0,0.0,0.39527701469985205,0.0,0.0,0.0,0.0,15
288,71031529,51.3937732,-115.4211178,0.2710937732515559,0.0,0,0,0.0,0.0,0,0.0,0,0.0,0,0,0,0.0,0.0,0.7289062267484441,0.0,0.0,0.0,16
289,71031561,51.38959075,-115.8457814,0.24815389204386346,0.0,0,0,0.0,0.0,0,0.0,0,0.09748830696236818,0,0,0,0.0,0.0,0.6543578009937684,0.0,0.0,0.0,16
290,71031569,51.36221531,-115.7610835,0.43183211267979366,0.0,0,0,0.0,0.0,0,0.057630107321823255,0,0.0872320494336077,0,0,0,0.0,0.0,0.42330573056477544,0.0,0.0,0.0,1
291,71031594,51.39565029,-115.2546318,0.4482681403305855,0.0,0,0,0.0,0.0,0,0.0,0,0.0,0,0,0,0.0,0.0,0.5517318596694145,0.0,0.0,0.0,16
292,71031611,51.38960973,-114.8933537,0.7145442401853133,0.0,0,0,0.0,0.0,0,0.2854557598146867,0,0.0,0,0,0,0.0,0.0,0.0,0.0,0.0,0.0,1
293,71031640,51.38004055,-114.3042703,0.0,0.0,0,0,0.0,0.0,0,0.24539390498372637,0,0.3761237244605697,0,0,0,0.0,0.37848237055570394,0.0,0.0,0.0,0.0,15
294,71031642,51.4181067,-115.5749196,0.17253046072262945,0.0,0,0,0.0,0.0,0,0.0,0,0.12969189124598116,0,0,0,0.0,0.0,0.6977776480313894,0.0,0.0,0.0,16
295,71031643,51.39648356,-116.2544302,0.28146412549679833,0.0,0,0,0.0,0.0,0,0.0,0,0.055688535507655255,0,0,0,0.0,0.0,0.5400490799395691,0.0,0.0,0.12279825905597742,16
296,71031654,51.45293763,-116.1132067,0.46222318082259933,0.0,0,0,0.0,0.0,0,0.08863330995961331,0,0.13553741094234792,0,0,0,0.0,0.0,0.31360609827543934,0.0,0.0,0.0,1
297,71031687,51.39757363,-115.9993702,0.15472817070867473,0.0,0,0,0.0,0.0,0,0.0,0,0.07894432638918657,0,0,0,0.0,0.0,0.7663275029021387,0.0,0.0,0.0,16
298,71031719,51.44229575,-115.8159155,0.2490501933537243,0.0,0,0,0.0,0.0,0,0.0,0,0.10254629662384743,0,0,0,0.0,0.0,0.6484035100224282,0.0,0.0,0.0,16
299,71031739,51.43830768,-114.965931,0.7397128740001286,0.0,0,0,0.0,0.0,0,0.20015076400165518,0,0.060136361998216155,0,0,0,0.0,0.0,0.0,0.0,0.0,0.0,1
300,71031769,51.44883713,-115.6902507,0.5412452461364774,0.0,0,0,0.0,0.0,0,0.08648594322302221,0,0.14189392121019515,0,0,0,0.0,0.0,0.23037488943030535,0.0,0.0,0.0,1
301,71031785,51.44241443,-115.1600104,0.915634845451239,0.0,0,0,0.0,0.0,0,0.0843651545487611,0,0.0,0,0,0,0.0,0.0,0.0,0.0,0.0,0.0,1
302,71031838,51.46184022,-116.0122163,0.22789335154530901,0.0,0,0,0.0,0.0,0,0.07255330703174352,0,0.15521360511929558,0,0,0,0.0,0.0,0.5443397363036518,0.0,0.0,0.0,16
303,71031849,51.48050484,-115.5440809,0.20668891624343771,0.0,0,0,0.0,0.0,0,0.0,0,0.09679923848488947,0,0,0,0.0,0.0,0.6965118452716729,0.0,0.0,0.0,16
304,71031850,51.48873381,-115.9248211,0.2886556980993856,0.0,0,0,0.0,0.0,0,0.0,0,0.07540154035527812,0,0,0,0.0,0.0,0.5135175806610422,0.0,0.0,0.12242518088429408,16
305,71031855,51.47181347,-115.1750097,0.7954838700273039,0.0,0,0,0.0,0.0,0,0.0,0,0.20451612997269616,0,0,0,0.0,0.0,0.0,0.0,0.0,0.0,1
306,71031856,51.477935,-115.2671327,0.7858683212765608,0.0,0,0,0.0,0.0,0,0.0,0,0.10162431099963326,0,0,0,0.0,0.0,0.11250736772380591,0.0,0.0,0.0,1
307,71031863,51.48169957,-114.9417867,0.6260481752133983,0.0,0,0,0.0,0.0,0,0.37395182478660166,0,0.0,0,0,0,0.0,0.0,0.0,0.0,0.0,0.0,1
308,71031870,51.49098805,-115.4298648,0.545209292472562,0.0,0,0,0.0,0.0,0,0.0,0,0.10779346566098064,0,0,0,0.0,0.0,0.3469972418664573,0.0,0.0,0.0,1
309,71031893,51.48127416,-116.3175536,0.4795848532063729,0.0,0,0,0.0,0.0,0,0.0,0,0.0,0,0,0,0.0,0.0,0.4149038936395076,0.0,0.0,0.10551125315411947,1
310,71031911,51.4819098,-115.368828,1.0,0.0,0,0,0.0,0.0,0,0.0,0,0.0,0,0,0,0.0,0.0,0.0,0.0,0.0,0.0,1
311,71031922,51.50807321,-115.8245005,0.2928130649506681,0.0,0,0,0.0,0.0,0,0.0,0,0.11885372920217513,0,0,0,0.0,0.0,0.5883332058471568,0.0,0.0,0.0,16
312,71031931,51.50088933,-114.2285298,0.0,0.0,0,0,0.0,0.0,0,0.0,0,0.0,0,0,0,0.0,1.0,0.0,0.0,0.0,0.0,15
313,71031965,51.4852711,-114.6044937,0.23789183099990466,0.0,0,0,0.0,0.0,0,0.4678669607239496,0,0.0938125618845332,0,0,0,0.0,0.2004286463916126,0.0,0.0,0.0,0.0,8
314,71031968,51.50024931,-115.6266101,0.36736175979271646,0.0,0,0,0.0,0.0,0,0.059412390430963274,0,0.1957365365703538,0,0,0,0.0,0.0,0.3774893132059665,0.0,0.0,0.0,16
315,71031975,51.53239106,-114.8223851,0.5169869331481137,0.0,0,0,0.0,0.0,0,0.4070758514960637,0,0.0759372153558225,0,0,0,0.0,0.0,0.0,0.0,0.0,0.0,1
316,71031986,51.49929164,-115.7308584,0.5466003876370173,0.0,0,0,0.0,0.0,0,0.08048374167917055,0,0.1150136058932906,0,0,0,0.0,0.0,0.2579022647905215,0.0,0.0,0.0,1
317,71032024,51.54895643,-114.7545985,0.4823798275505352,0.0,0,0,0.0,0.08673433509615336,0,0.4308858373533115,0,0.0,0,0,0,0.0,0.0,0.0,0.0,0.0,0.0,1
318,71032048,51.52477901,-114.9042151,0.4995152875983546,0.0,0,0,0.0,0.0,0,0.5004847124016454,0,0.0,0,0,0,0.0,0.0,0.0,0.0,0.0,0.0,8
319,71032073,51.52517174,-116.0151212,0.3887168911872773,0.0,0,0,0.0,0.0,0,0.0,0,0.07740097651272705,0,0,0,0.0,0.0,0.5338821322999956,0.0,0.0,0.0,16
320,71032089,51.5287042,-114.5186747,0.0,0.0,0,0,0.0,0.0,0,0.171477600114396,0,0.11757248084812824,0,0,0,0.0,0.7109499190374757,0.0,0.0,0.0,0.0,15
321,71032090,51.5507004,-115.4608175,0.5691273963149438,0.0,0,0,0.0,0.0,0,0.0,0,0.07871389952505305,0,0,0,0.0,0.0,0.3521587041600032,0.0,0.0,0.0,1
322,71032095,51.56107006,-114.4363998,0.0,0.0,0,0,0.0,0.0,0,0.07870973018389796,0,0.0,0,0,0,0.0,0.9212902698161021,0.0,0.0,0.0,0.0,15
323,71032102,51.53859401,-116.0959128,0.46763188678224604,0.0,0,0,0.0,0.0,0,0.0,0,0.0729855438408185,0,0,0,0.0,0.0,0.45938256937693545,0.0,0.0,0.0,1
324,71032106,51.58081414,-116.03622,0.1317568692371326,0.0,0,0,0.0,0.0,0,0.0,0,0.0,0,0,0,0.0,0.0,0.6152570145119586,0.0,0.0,0.25298611625090883,16
325,71032109,51.56334558,-114.6793909,0.31957704861176695,0.0,0,0,0.0,0.11902898828914253,0,0.43664188570294965,0,0.0,0,0,0,0.0,0.12475207739614094,0.0,0.0,0.0,0.0,8
326,71032117,51.57337559,-115.7887297,0.3339764004639565,0.0,0,0,0.0,0.0,0,0.16086565823039375,0,0.19333183141165,0,0,0,0.0,0.0,0.3118261098939996,0.0,0.0,0.0,1
327,71032185,51.59238669,-116.4137832,0.16052438080426484,0.0,0,0,0.0,0.0,0,0.0,0,0.0,0,0,0,0.0,0.0,0.4744962233328686,0.0,0.10312003636778792,0.2618593594950786,16
328,71032200,51.5785179,-114.2581213,0.0,0.0,0,0,0.0,0.0,0,0.05584309793388575,0,0.05345355323646729,0,0,0,0.0,0.8320452578252984,0.0,0.0,0.05865809100434867,0.0,15
329,71032217,51.59767725,-116.2244049,0.308134458227644,0.0,0,0,0.0,0.0,0,0.0,0,0.15744365143472774,0,0,0,0.0,0.0,0.47396015883396386,0.0,0.0,0.06046173150366437,16
330,71032233,51.58162849,-115.8716342,0.28193879366427516,0.0,0,0,0.0,0.0,0,0.0,0,0.07336132316430118,0,0,0,0.0,0.0,0.6446998831714236,0.0,0.0,0.0,16
331,71032259,51.59400352,-115.299328,0.7202470790542158,0.0,0,0,0.0,0.0,0,0.0,0,0.27975292094578424,0,0,0,0.0,0.0,0.0,0.0,0.0,0.0,1
332,71032265,51.62423248,-114.9225695,0.6058364811919175,0.0,0,0,0.0,0.0,0,0.3941635188080826,0,0.0,0,0,0,0.0,0.0,0.0,0.0,0.0,0.0,1
333,71032269,51.61569233,-116.0046986,0.18381942735213147,0.0,0,0,0.0,0.0,0,0.0,0,0.07612532307852989,0,0,0,0.0,0.0,0.7400552495693387,0.0,0.0,0.0,16
334,71032287,51.63016267,-115.6791867,0.33774242627574896,0.0,0,0,0.0,0.0,0,0.0,0,0.1591250430927566,0,0,0,0.0,0.0,0.5031325306314944,0.0,0.0,0.0,16
335,71032292,51.62579152,-116.088587,0.10471626885837208,0.0,0,0,0.0,0.0,0,0.0,0,0.07050975006184074,0,0,0,0.0,0.0,0.7423456958908555,0.0,0.0,0.0824282851889317,16
336,71032377,51.6496102,-114.420382,0.0,0.0,0,0,0.0,0.0,0,0.09551942693676084,0,0.0,0,0,0,0.0,0.9044805730632393,0.0,0.0,0.0,0.0,15
337,71032379,51.63756938,-114.2805515,0.0,0.0,0,0,0.0,0.0,0,0.0,0,0.0,0,0,0,0.0,1.0,0.0,0.0,0.0,0.0,15
338,71032380,51.65858749,-115.5227124,0.5001559048923788,0.0,0,0,0.0,0.0,0,0.12763496604794256,0,0.30258638873717764,0,0,0,0.0,0.0,0.06962274032250104,0.0,0.0,0.0,1
339,71032409,51.66166883,-116.1761039,0.22659439408874213,0.0,0,0,0.0,0.0,0,0.06327762708778739,0,0.11588378922823998,0,0,0,0.0,0.0,0.5942441895952305,0.0,0.0,0.0,16
340,71032422,51.67071036,-116.3043232,0.22505028645017736,0.0,0,0,0.0,0.0,0,0.0,0,0.11198748568103113,0,0,0,0.0,0.0,0.6629622278687914,0.0,0.0,0.0,16
341,71032440,51.6657032,-116.4441953,0.3525590694876872,0.0,0,0,0.0,0.0,0,0.0,0,0.06632403728418101,0,0,0,0.0,0.0,0.4778606978657711,0.0,0.0,0.1032561953623606,16
342,71032455,51.69532565,-115.378993,0.6789519074040555,0.0,0,0,0.0,0.0,0,0.08767786371802941,0,0.233370228877915,0,0,0,0.0,0.0,0.0,0.0,0.0,0.0,1
343,71032479,51.67137525,-114.6977175,0.14738149847294413,0.0,0,0,0.0,0.1088823802928384,0,0.4333531356176214,0,0.0,0,0,0,0.0,0.31038298561659616,0.0,0.0,0.0,0.0,8
344,71032486,51.68837012,-114.5720569,0.2633914528408408,0.0,0,0,0.0,0.0,0,0.37761002048944253,0,0.05543705761631853,0,0,0,0.0,0.303561469053398,0.0,0.0,0.0,0.0,8
345,71032492,51.67389679,-114.7903566,0.4141479330101162,0.0,0,0,0.0,0.18437704903317484,0,0.4014750179567089,0,0.0,0,0,0,0.0,0.0,0.0,0.0,0.0,0.0,1
346,71032531,51.68329374,-115.0492674,0.526402190093374,0.0,0,0,0.0,0.0,0,0.36951468934901605,0,0.10408312055760995,0,0,0,0.0,0.0,0.0,0.0,0.0,0.0,1
347,71032535,51.69955281,-115.2928965,0.466360403149252,0.0,0,0,0.0,0.0,0,0.27310088221916645,0,0.2605387146315816,0,0,0,0.0,0.0,0.0,0.0,0.0,0.0,1
348,71032574,51.69380094,-115.9944854,0.21395724825565968,0.0,0,0,0.0,0.0,0,0.0,0,0.08864212370682018,0,0,0,0.0,0.0,0.6974006280375202,0.0,0.0,0.0,16
349,71032580,51.72191285,-115.8092228,0.2155010243917562,0.0,0,0,0.0,0.0,0,0.08724209355087965,0,0.1478730536232045,0,0,0,0.0,0.0,0.5493838284341597,0.0,0.0,0.0,16
350,71032602,51.7185497,-115.9019076,0.2182773614742674,0.0,0,0,0.0,0.0,0,0.10140274753931561,0,0.23776964707661388,0,0,0,0.0,0.0,0.4425502439098031,0.0,0.0,0.0,16
351,71032618,51.75033746,-115.0135828,0.5272624451577935,0.0,0,0,0.0,0.0,0,0.28200648715708976,0,0.13814437375010982,0,0,0,0.05258669393500689,0.0,0.0,0.0,0.0,0.0,1
352,71032632,51.72799695,-115.1236001,0.5889822866785941,0.0,0,0,0.0,0.0,0,0.2301064326462901,0,0.18091128067511567,0,0,0,0.0,0.0,0.0,0.0,0.0,0.0,1
353,71032649,51.72671152,-114.4295099,0.0,0.0,0,0,0.0,0.0,0,0.09954904838269087,0,0.0,0,0,0,0.0,0.8438081241257275,0.0,0.056642827491581595,0.0,0.0,15
354,71032673,51.72168582,-114.7141022,0.11023388903417541,0.0,0,0,0.0,0.0,0,0.3182406386584912,0,0.07147857437152608,0,0,0,0.0,0.5000468979358073,0.0,0.0,0.0,0.0,15
355,71032682,51.76305572,-115.3156646,0.6256965930019202,0.0,0,0,0.0,0.0,0,0.1876578469109438,0,0.12334146097442336,0,0,0,0.0,0.0,0.06330409911271276,0.0,0.0,0.0,1
356,71032683,51.7526983,-115.7099863,0.2532516109790649,0.0,0,0,0.0,0.0,0,0.07366216121419186,0,0.28219945012532716,0,0,0,0.0,0.0,0.39088677768141605,0.0,0.0,0.0,16
357,71032795,51.76915041,-114.9111639,0.2693024517710006,0.0,0,0,0.0,0.0798686598082707,0,0.5888344120716833,0,0.06199447634904554,0,0,0,0.0,0.0,0.0,0.0,0.0,0.0,8
358,71032802,51.77967406,-115.6912134,0.4205852201430768,0.0,0,0,0.0,0.0,0,0.07249962618656018,0,0.23918053654166618,0,0,0,0.0,0.0,0.2677346171286968,0.0,0.0,0.0,1
359,71032804,51.82430369,-114.257242,0.0,0.0,0,0,0.0,0.0,0,0.07026820264385236,0,0.0,0,0,0,0.0,0.9297317973561476,0.0,0.0,0.0,0.0,15
360,71032823,51.77531994,-114.7917087,0.22777911485005758,0.0,0,0,0.0,0.0,0,0.2711747739115104,0,0.18294352324921556,0,0,0,0.0,0.31810258798921637,0.0,0.0,0.0,0.0,15
361,71032838,51.79529331,-115.5288567,0.5224904471000693,0.0,0,0,0.0,0.0,0,0.05343828124897666,0,0.15847622840258108,0,0,0,0.0,0.0,0.265595043248373,0.0,0.0,0.0,1
362,71032842,51.84348694,-114.1708961,0.0,0.0,0,0,0.0,0.0,0,0.0,0,0.0,0,0,0,0.0,0.8933927536847612,0.0,0.10660724631523881,0.0,0.0,15
363,71032859,51.79126085,-115.138152,0.3602619124937696,0.0,0,0,0.0,0.0,0,0.304124758852591,0,0.27486966301140753,0,0,0,0.06074366564223175,0.0,0.0,0.0,0.0,0.0,1
364,71032896,51.80677116,-114.95489,0.18228458732734462,0.0,0,0,0.0,0.0912263088520505,0,0.6457735015144065,0,0.08071560230619843,0,0,0,0.0,0.0,0.0,0.0,0.0,0.0,8
365,71032903,51.85043719,-114.5150736,0.0681632795002463,0.0,0,0,0.0,0.0,0,0.15508540586423483,0,0.0,0,0,0,0.0,0.7767513146355189,0.0,0.0,0.0,0.0,15
366,71032914,51.80621073,-115.061323,0.5501566854122475,0.0,0,0,0.0,0.0,0,0.3390285625683336,0,0.11081475201941893,0,0,0,0.0,0.0,0.0,0.0,0.0,0.0,1
367,71032972,51.84883296,-114.9711961,0.1935256182634069,0.0,0,0,0.0,0.09045690207407826,0,0.5512407790137028,0,0.11035515449213008,0,0,0,0.0544215461566819,0.0,0.0,0.0,0.0,0.0,8
368,71032973,51.83312097,-115.3693538,0.788399191226084,0.0,0,0,0.0,0.0,0,0.0690747949767574,0,0.08627108224579855,0,0,0,0.0,0.0,0.05625493155136007,0.0,0.0,0.0,1
369,71033026,51.87025935,-115.1901046,0.44003331853407673,0.0,0,0,0.0,0.0,0,0.3659962288070062,0,0.193970452658917,0,0,0,0.0,0.0,0.0,0.0,0.0,0.0,1
370,71033035,51.86727228,-114.7099177,0.0,0.0,0,0,0.0,0.0,0,0.45295499235004494,0,0.0,0,0,0,0.0,0.5470450076499551,0.0,0.0,0.0,0.0,15
371,71033120,51.89579543,-115.220035,0.7810327184457649,0.0,0,0,0.0,0.0,0,0.12820246416099204,0,0.09076481739324296,0,0,0,0.0,0.0,0.0,0.0,0.0,0.0,1
372,71033126,51.87152275,-114.1126143,0.0,0.0,0,0,0.0,0.0,0,0.0,0,0.0,0,0,0,0.0,0.9251049798912541,0.0,0.07489502010874592,0.0,0.0,15
373,71033183,51.90896576,-114.0411108,0.0,0.0,0,0,0.0,0.0,0,0.0,0,0.0,0,0,0,0.0,0.8377615169140589,0.0,0.09454685915047151,0.06769162393546965,0.0,15
374,71033247,51.90288391,-114.4001763,0.0,0.0,0,0,0.0,0.0,0,0.11555662934365044,0,0.0,0,0,0,0.0,0.8270204967123019,0.0,0.057422873944047645,0.0,0.0,15
375,71033313,51.96248105,-114.3217196,0.0,0.0,0,0,0.0,0.0,0,0.12162112368888839,0,0.0,0,0,0,0.0,0.8783788763111117,0.0,0.0,0.0,0.0,15
376,71033318,51.94075582,-113.9699916,0.0,0.0,0,0,0.0,0.0,0,0.07688398457457095,0,0.0,0,0,0,0.0,0.9231160154254291,0.0,0.0,0.0,0.0,15
377,71033334,51.95441591,-114.9109475,0.47246332254998213,0.0,0,0,0.0,0.0,0,0.3300971051309473,0,0.08003770619126761,0,0,0,0.11740186612780289,0.0,0.0,0.0,0.0,0.0,1
378,71033362,51.97653992,-114.584281,0.13207932037608328,0.0,0,0,0.0,0.0,0,0.3814048271753899,0,0.0,0,0,0,0.08048454656155223,0.40603130588697445,0.0,0.0,0.0,0.0,15
379,71033367,51.96525809,-113.9116205,0.0,0.0,0,0,0.0,0.0,0,0.0,0,0.0,0,0,0,0.0,1.0,0.0,0.0,0.0,0.0,15
380,71034975,50.56092129,-113.9719258,0.0,0.0,0,0,0.0,0.0,0,0.08762644977110395,0,0.23968824222175453,0,0,0,0.0,0.590832310253601,0.0,0.08185299775354063,0.0,0.0,15
381,71035002,50.5169477,-114.1148712,0.0,0.0,0,0,0.0,0.0,0,0.1952990729954562,0,0.42576653282979776,0,0,0,0.0,0.37893439417474595,0.0,0.0,0.0,0.0,10
382,71035044,50.51465577,-114.183957,0.0,0.0,0,0,0.0,0.0,0,0.25742786263623774,0,0.4880722760140168,0,0,0,0.0,0.25449986134974545,0.0,0.0,0.0,0.0,10
383,71035105,50.53179894,-114.2983942,0.0,0.0,0,0,0.0,0.0,0,0.6236394050914439,0,0.37636059490855617,0,0,0,0.0,0.0,0.0,0.0,0.0,0.0,8
384,71035129,50.54378383,-114.3705603,0.10378733129673279,0.0,0,0,0.0,0.0,0,0.6641924826572175,0,0.23202018604604976,0,0,0,0.0,0.0,0.0,0.0,0.0,0.0,8
385,71035166,50.50200803,-114.4078507,0.09878283831069383,0.0,0,0,0.0,0.0,0,0.7010021001617959,0,0.2002150615275104,0,0,0,0.0,0.0,0.0,0.0,0.0,0.0,8
386,71035238,50.95172671,-115.1166303,0.5696155409555819,0.0,0,0,0.0,0.0,0,0.06261649498460102,0,0.10784123165679256,0,0,0,0.0,0.0,0.25992673240302455,0.0,0.0,0.0,1
387,71035289,50.90623634,-115.1340627,0.5780277510251334,0.0,0,0,0.0,0.0,0,0.2360966902808422,0,0.10944105697793301,0,0,0,0.0,0.0,0.07643450171609127,0.0,0.0,0.0,1
388,71035337,50.87354092,-115.158319,0.6448069539257438,0.0,0,0,0.0,0.0,0,0.0790988061736345,0,0.07159712469491038,0,0,0,0.0,0.0,0.20449711520571123,0.0,0.0,0.0,1
389,71035349,50.47250826,-114.1452759,0.0,0.0,0,0,0.0,0.0,0,0.11137964340095324,0,0.42820749580003825,0,0,0,0.0,0.4604128607990085,0.0,0.0,0.0,0.0,15
390,71035360,50.85393807,-115.1756505,0.7255515021524657,0.0,0,0,0.0,0.0,0,0.054860123010787666,0,0.13211431166268833,0,0,0,0.0,0.0,0.08747406317405844,0.0,0.0,0.0,1
391,71035362,50.41205522,-114.5004261,0.33903781164634283,0.0,0,0,0.0,0.0,0,0.4927505930311084,0,0.1682115953225487,0,0,0,0.0,0.0,0.0,0.0,0.0,0.0,8
392,71035480,50.40024257,-114.6266834,0.5074436619842745,0.0,0,0,0.0,0.0,0,0.09935159640715958,0,0.21585463508725786,0,0,0,0.0,0.0,0.1773501065213081,0.0,0.0,0.0,1
393,71035677,50.39742673,-114.7069141,0.7311152581371967,0.0,0,0,0.0,0.0,0,0.08777343659935402,0,0.11838143608222843,0,0,0,0.0,0.0,0.06272986918122088,0.0,0.0,0.0,1
394,71035692,50.76418451,-115.1406077,0.5232161106101654,0.0,0,0,0.0,0.0,0,0.07943851274170889,0,0.13355160377627984,0,0,0,0.0,0.0,0.2637937728718458,0.0,0.0,0.0,1
395,71035771,50.71878811,-115.1590207,0.6588743250813214,0.0,0,0,0.0,0.0,0,0.06958775631149233,0,0.10711801359734535,0,0,0,0.0,0.0,0.16441990500984105,0.0,0.0,0.0,1
396,71035810,50.44281052,-114.2605298,0.0,0.0,0,0,0.0,0.0,0,0.44049421171626413,0,0.42828498933195575,0,0,0,0.0,0.1312207989517801,0.0,0.0,0.0,0.0,8
397,71035831,50.88653736,-115.374842,0.12194706929988511,0.0,0,0,0.0,0.0,0,0.0,0,0.0,0,0,0,0.0,0.0,0.0,0.0,0.8780529307001148,0.0,18
398,71035895,50.46842014,-114.7532718,0.6674051249097599,0.0,0,0,0.0,0.0,0,0.057998454848197344,0,0.09810591382105292,0,0,0,0.0,0.0,0.17649050642098993,0.0,0.0,0.0,1
399,71035930,50.41435601,-114.1986791,0.0,0.0,0,0,0.0,0.0,0,0.3626140265099851,0,0.35257024418894767,0,0,0,0.0,0.2848157293010673,0.0,0.0,0.0,0.0,8
400,71035946,50.65848031,-115.1440531,0.6009383713805136,0.0,0,0,0.0,0.0,0,0.0,0,0.07325512083751129,0,0,0,0.0,0.0,0.1075481134774733,0.0,0.21825839430450183,0.0,1
401,71035979,50.85049702,-115.391254,0.6084523676446532,0.0,0,0,0.0,0.0,0,0.0,0,0.06299941647463618,0,0,0,0.0,0.0,0.16797306698085987,0.0,0.1605751488998508,0.0,1
402,71036085,50.54656188,-114.4180021,0.14463220771671995,0.0,0,0,0.0,0.0,0,0.7969539283624856,0,0.058413863920794507,0,0,0,0.0,0.0,0.0,0.0,0.0,0.0,8
403,71036096,50.86852923,-115.4319138,0.5716590104337763,0.0,0,0,0.0,0.0,0,0.0,0,0.16239807361495912,0,0,0,0.0,0.0,0.11824077552931729,0.0,0.14770214042194726,0.0,1
404,71036098,50.32782269,-114.5758746,0.7650342299019325,0.0,0,0,0.0,0.0,0,0.0609769020503184,0,0.07212270288822888,0,0,0,0.0,0.0,0.10186616515952032,0.0,0.0,0.0,1
405,71036132,50.28681099,-114.5914106,0.8922935327552237,0.0,0,0,0.0,0.0,0,0.0,0,0.10770646724477635,0,0,0,0.0,0.0,0.0,0.0,0.0,0.0,1
406,71036170,50.4978182,-114.8336846,0.6995941895641385,0.0,0,0,0.0,0.0,0,0.060161433364702234,0,0.09183198884882335,0,0,0,0.0,0.0,0.14841238822233577,0.0,0.0,0.0,1
407,71036194,50.33856773,-114.2184186,0.0,0.0,0,0,0.0,0.0,0,0.6651241440206836,0,0.3348758559793163,0,0,0,0.0,0.0,0.0,0.0,0.0,0.0,8
408,71036211,50.62151541,-115.1595427,0.392015303469959,0.0,0,0,0.0,0.0,0,0.0,0,0.09055022073839251,0,0,0,0.0,0.0,0.27638175215879196,0.0,0.2410527236328565,0.0,1
409,71036250,50.36802063,-114.6412825,0.9399332702952469,0.0,0,0,0.0,0.0,0,0.06006672970475312,0,0.0,0,0,0,0.0,0.0,0.0,0.0,0.0,0.0,1
410,71036324,50.83247067,-115.4384774,0.8770299913032393,0.0,0,0,0.0,0.0,0,0.0,0,0.0,0,0,0,0.0,0.0,0.12297000869676075,0.0,0.0,0.0,1
411,71036389,50.86259961,-115.5048067,0.4311040162354654,0.0,0,0,0.0,0.0,0,0.0,0,0.16294611160221364,0,0,0,0.0,0.0,0.4059498721623209,0.0,0.0,0.0,1
412,71036422,50.5095242,-114.4629424,0.26355197482946596,0.0,0,0,0.0,0.0,0,0.6180055695982365,0,0.11844245557229754,0,0,0,0.0,0.0,0.0,0.0,0.0,0.0,8
413,71036466,50.25362116,-114.637318,0.8365711492295321,0.0,0,0,0.0,0.0,0,0.07464786770149262,0,0.08878098306897528,0,0,0,0.0,0.0,0.0,0.0,0.0,0.0,1
414,71037058,50.21557566,-114.5914272,0.866748737487527,0.0,0,0,0.0,0.0,0,0.0,0,0.13325126251247293,0,0,0,0.0,0.0,0.0,0.0,0.0,0.0,1
415,71037075,50.20514323,-114.6905701,0.8135547162756827,0.0,0,0,0.0,0.0,0,0.05792061113166352,0,0.06335076487042882,0,0,0,0.0,0.0,0.06517390772222482,0.0,0.0,0.0,1
416,71037191,50.24893058,-114.7230147,0.6930216560146838,0.0,0,0,0.0,0.0,0,0.07813135616626012,0,0.07251078049451762,0,0,0,0.0,0.0,0.15633620732453848,0.0,0.0,0.0,1
417,71037229,50.27870924,-114.2826565,0.1110235235886472,0.0,0,0,0.0,0.0,0,0.7780876486048598,0,0.11088882780649294,0,0,0,0.0,0.0,0.0,0.0,0.0,0.0,8
418,71037254,50.25829281,-114.5430135,0.6053874165535869,0.0,0,0,0.0,0.0,0,0.0,0,0.22520726761999899,0,0,0,0.0,0.0,0.16940531582641408,0.0,0.0,0.0,1
419,71037321,50.33655639,-114.4619306,0.4970020119704732,0.0,0,0,0.0,0.0,0,0.3524148580673428,0,0.15058312996218384,0,0,0,0.0,0.0,0.0,0.0,0.0,0.0,1
420,71037334,50.30991935,-114.6742282,0.9322881648559962,0.0,0,0,0.0,0.0,0,0.0677118351440038,0,0.0,0,0,0,0.0,0.0,0.0,0.0,0.0,0.0,1
421,71037400,50.32237485,-114.3401493,0.1767096434399144,0.0,0,0,0.0,0.0,0,0.5321162954369325,0,0.291174061123153,0,0,0,0.0,0.0,0.0,0.0,0.0,0.0,8
422,71037433,50.33395763,-114.7231286,0.6269130158317086,0.0,0,0,0.0,0.0,0,0.0,0,0.11317997062637486,0,0,0,0.0,0.0,0.2599070135419166,0.0,0.0,0.0,1
423,71037546,50.36831697,-114.2757305,0.0,0.0,0,0,0.0,0.0,0,0.5011042776042258,0,0.49889572239577423,0,0,0,0.0,0.0,0.0,0.0,0.0,0.0,8
424,71037612,50.41159506,-114.3724725,0.07026780708998914,0.0,0,0,0.0,0.0,0,0.6302444982241164,0,0.29948769468589437,0,0,0,0.0,0.0,0.0,0.0,0.0,0.0,8
425,71037682,50.40514014,-114.8013865,0.5200962603576414,0.0,0,0,0.0,0.0,0,0.22002247057404167,0,0.09775100556385602,0,0,0,0.0,0.0,0.1621302635044608,0.0,0.0,0.0,1
426,71037762,50.4558553,-114.856204,0.7252330745142229,0.0,0,0,0.0,0.0,0,0.0799390862086609,0,0.0,0,0,0,0.0,0.0,0.19482783927711628,0.0,0.0,0.0,1
427,71037815,50.47363442,-114.3299475,0.0,0.0,0,0,0.0,0.0,0,0.6682270897106783,0,0.3317729102893217,0,0,0,0.0,0.0,0.0,0.0,0.0,0.0,8
428,71037856,50.47214372,-114.5945668,0.41873722855237644,0.0,0,0,0.0,0.0,0,0.2256265624288316,0,0.1317565513987453,0,0,0,0.0,0.0,0.22387965762004666,0.0,0.0,0.0,1
429,71037879,50.50717277,-114.5534324,0.6168495215809333,0.0,0,0,0.0,0.0,0,0.3006374196182485,0,0.08251305880081822,0,0,0,0.0,0.0,0.0,0.0,0.0,0.0,1
430,71037949,50.54868979,-114.4717964,0.6155133821759923,0.0,0,0,0.0,0.0,0,0.38448661782400767,0,0.0,0,0,0,0.0,0.0,0.0,0.0,0.0,0.0,1
431,71037968,50.55185315,-114.1024798,0.0,0.0,0,0,0.0,0.0,0,0.14775068219906423,0,0.30946967687020993,0,0,0,0.0,0.5427796409307258,0.0,0.0,0.0,0.0,15
432,71037977,50.54370283,-114.9384401,0.48871798303249725,0.0,0,0,0.0,0.0,0,0.10076723035977349,0,0.13572788381018402,0,0,0,0.0,0.0,0.2747869027975453,0.0,0.0,0.0,1
433,71037990,50.53762083,-114.5681325,0.7254182461216478,0.0,0,0,0.0,0.0,0,0.18272418179310215,0,0.09185757208524992,0,0,0,0.0,0.0,0.0,0.0,0.0,0.0,1
434,71038014,50.56068095,-114.8771114,0.5699469836221963,0.0,0,0,0.0,0.0,0,0.06133831326226771,0,0.1494984915728831,0,0,0,0.0,0.0,0.21921621154265283,0.0,0.0,0.0,1
435,71038064,50.57653828,-114.411096,0.28812915189381877,0.0,0,0,0.0,0.0,0,0.5110896336766559,0,0.2007812144295253,0,0,0,0.0,0.0,0.0,0.0,0.0,0.0,8
436,71038127,50.57639261,-115.2030294,0.10832333332856534,0.0,0,0,0.0,0.0,0,0.0,0,0.0790797040850406,0,0,0,0.0,0.0,0.6420254260591364,0.0,0.0,0.17057153652725768,16
437,71038233,50.59754044,-115.0811036,0.8539059990268894,0.0,0,0,0.0,0.0,0,0.0,0,0.0,0,0,0,0.0,0.0,0.1460940009731107,0.0,0.0,0.0,1
438,71038278,50.64291403,-115.050557,0.5747698404746343,0.0,0,0,0.0,0.0,0,0.05818595053519069,0,0.10194219210866877,0,0,0,0.0,0.0,0.26510201688150614,0.0,0.0,0.0,1
439,71038383,50.65407259,-115.2548218,0.2586209655647708,0.0,0,0,0.0,0.0,0,0.0,0,0.09455389368792254,0,0,0,0.0,0.0,0.5606237436799889,0.0,0.0,0.08620139706731782,16
440,71038637,50.76415142,-115.4071225,0.48720949952232073,0.0,0,0,0.0,0.0,0,0.12722020057393774,0,0.10349400652618718,0,0,0,0.0,0.0,0.2820762933775544,0.0,0.0,0.0,1
441,71038722,50.75139123,-115.2609623,0.4929212958683185,0.0,0,0,0.0,0.0,0,0.0,0,0.08178484627166063,0,0,0,0.0,0.0,0.4252938578600209,0.0,0.0,0.0,1
442,71038826,50.80445064,-115.4978113,0.36894575631945187,0.0,0,0,0.0,0.0,0,0.05255026010483366,0,0.12150784572794607,0,0,0,0.0,0.0,0.45699613784776855,0.0,0.0,0.0,16
443,71038844,50.82771671,-115.3270675,0.5259362325686651,0.0,0,0,0.0,0.0,0,0.060765750600142096,0,0.0792188581219793,0,0,0,0.0,0.0,0.3340791587092135,0.0,0.0,0.0,1
444,71038890,50.82079841,-115.1262127,0.4194616421171586,0.0,0,0,0.0,0.0,0,0.0,0,0.19367844992756128,0,0,0,0.0,0.0,0.3868599079552803,0.0,0.0,0.0,1
445,71038901,50.84678724,-115.0678051,0.4465608048336483,0.0,0,0,0.0,0.0,0,0.0,0,0.10814173871269486,0,0,0,0.0,0.0,0.44529745645365687,0.0,0.0,0.0,1
446,71038946,50.85172861,-115.2307212,0.373162386776903,0.0,0,0,0.0,0.0,0,0.09680917431271208,0,0.1302724725499041,0,0,0,0.0,0.0,0.39975596636048083,0.0,0.0,0.0,16
447,71038961,50.86819711,-115.588181,0.3077700371167332,0.0,0,0,0.0,0.0,0,0.0,0,0.11356318031597822,0,0,0,0.0,0.0,0.355756350951316,0.0,0.0803824305270544,0.14252800108891817,16
448,71039048,50.91252895,-115.4650436,0.3146221952545801,0.0,0,0,0.0,0.0,0,0.0,0,0.17327945418046833,0,0,0,0.0,0.0,0.5120983505649516,0.0,0.0,0.0,16
449,71039109,50.93167152,-115.5545175,0.26426516076682655,0.0,0,0,0.0,0.0,0,0.08464023417259953,0,0.1600798098676108,0,0,0,0.0,0.0,0.49101479519296304,0.0,0.0,0.0,16
450,71039121,50.91734192,-115.2165672,0.31870752985828155,0.0,0,0,0.0,0.0,0,0.08705714832997291,0,0.10529849106638085,0,0,0,0.0,0.0,0.4889368307453648,0.0,0.0,0.0,16
451,71039250,50.95241359,-115.0347456,0.5071477871564007,0.0,0,0,0.0,0.0,0,0.0,0,0.09586887729193196,0,0,0,0.0,0.0,0.3969833355516674,0.0,0.0,0.0,1
452,71039266,50.93627307,-115.3234242,0.328791466359611,0.0,0,0,0.0,0.0,0,0.0,0,0.0938992906050925,0,0,0,0.0,0.0,0.46216659190277243,0.0,0.11514265113252407,0.0,16
