COMID,comb_0001,comb_0002,comb_0003,comb_0004,comb_0005,comb_0006,comb_0007,comb_0008,comb_0009,comb_0010,comb_0011,comb_0012,comb_0013,comb_0014,comb_0015,majority
71022153,0.0,0.0,0.0,0.0728149119779081,0.0,0.0,0.4805976757565297,0.0,0.446587412265562,0.0,0.0,0.0,0.0,0.0,0.0,0007
71022160,0.0,0.0,0.0,0.0,0.0,0.0,1.0,0.0,0.0,0.0,0.0,0.0,0.0,0.0,0.0,0007
71022164,0.0,0.0,0.0,0.0,0.0,0.0,0.9373724748683964,0.0,0.0,0.0626275251316034,0.0,0.0,0.0,0.0,0.0,0007
71022165,0.1086430081393315,0.0,0.0,0.0,0.0,0.0681529046884101,0.7192361080385185,0.0,0.0,0.1039679791337399,0.0,0.0,0.0,0.0,0.0,0007
71022168,0.0,0.0,0.0,0.0,0.0,0.0,1.0,0.0,0.0,0.0,0.0,0.0,0.0,0.0,0.0,0007
71022170,0.0,0.0,0.0,0.0,0.0688503772725166,0.0,0.9311496227274834,0.0,0.0,0.0,0.0,0.0,0.0,0.0,0.0,0007
71022198,0.0,0.0,0.0,0.0698427618803063,0.0,0.0,0.6302709511960998,0.0,0.0,0.2998862869235938,0.0,0.0,0.0,0.0,0.0,0007
71022209,0.1503867453909374,0.0,0.0,0.0,0.0,0.0,0.8496132546090627,0.0,0.0,0.0,0.0,0.0,0.0,0.0,0.0,0007
71022220,0.1097435393537278,0.0,0.0,0.1367409602195149,0.0,0.1095729167450898,0.6439425836816675,0.0,0.0,0.0,0.0,0.0,0.0,0.0,0.0,0007
71022225,0.2747929568039285,0.0,0.0,0.1153754639962703,0.0,0.2287626840752017,0.3810688951245994,0.0,0.0,0.0,0.0,0.0,0.0,0.0,0.0,0007
71022242,0.1010150423694423,0.0,0.0,0.1453912218305111,0.0,0.0814301978189889,0.6721635379810577,0.0,0.0,0.0,0.0,0.0,0.0,0.0,0.0,0007
71022248,0.0,0.0,0.0,0.1236409984981233,0.0,0.0,0.8763590015018766,0.0,0.0,0.0,0.0,0.0,0.0,0.0,0.0,0007
71022253,0.1367521748974834,0.0,0.0,0.1603502085604619,0.0,0.0,0.632954152287644,0.0,0.0699434642544106,0.0,0.0,0.0,0.0,0.0,0.0,0007
71022302,0.0,0.0,0.0,0.0,0.0,0.0,1.0,0.0,0.0,0.0,0.0,0.0,0.0,0.0,0.0,0007
71022305,0.0,0.0,0.0,0.0,0.0,0.0,1.0,0.0,0.0,0.0,0.0,0.0,0.0,0.0,0.0,0007
71022365,0.0885317536369893,0.0,0.0,0.1144908235512427,0.0,0.0916117809931498,0.643516943901587,0.0,0.0,0.061848697917031,0.0,0.0,0.0,0.0,0.0,0007
71022407,0.0,0.0,0.0,0.1055417937325821,0.0,0.0,0.8944582062674179,0.0,0.0,0.0,0.0,0.0,0.0,0.0,0.0,0007
71022409,0.4008996462522859,0.0,0.0,0.2017287011491274,0.1028941234794718,0.0747524298025855,0.2197250993165294,0.0,0.0,0.0,0.0,0.0,0.0,0.0,0.0,0001
71022426,0.0,0.0,0.0,0.0890799089004708,0.0675514192201428,0.0,0.65039160060956,0.0,0.1929770712698262,0.0,0.0,0.0,0.0,0.0,0.0,0007
71022435,0.0879493186558585,0.0,0.0,0.1691063899288703,0.0610248128010228,0.0,0.5850839856736492,0.0,0.0,0.0968354929405992,0.0,0.0,0.0,0.0,0.0,0007
71022444,0.0,0.0,0.0,0.0,0.0,0.0,0.9253389673754594,0.0,0.0746610326245405,0.0,0.0,0.0,0.0,0.0,0.0,0007
71022454,0.1025783537108888,0.0,0.0,0.1375989402524739,0.0875197572391175,0.1036541048978326,0.5686488438996871,0.0,0.0,0.0,0.0,0.0,0.0,0.0,0.0,0007
71022635,0.0,0.0,0.0,0.0,0.0,0.0,1.0,0.0,0.0,0.0,0.0,0.0,0.0,0.0,0.0,0007
71022639,0.0,0.0,0.0,0.0639862539582737,0.0750411231665794,0.0,0.8053121322487365,0.0,0.0,0.0556604906264103,0.0,0.0,0.0,0.0,0.0,0007
71022647,0.0,0.0,0.0,0.0566050045141979,0.0,0.0,0.943394995485802,0.0,0.0,0.0,0.0,0.0,0.0,0.0,0.0,0007
71022661,0.0,0.0,0.0,0.1810280119865428,0.0,0.0,0.8189719880134572,0.0,0.0,0.0,0.0,0.0,0.0,0.0,0.0,0007
71022679,0.0,0.0,0.0,0.0834335642607221,0.0,0.0,0.8595843172367796,0.0,0.0,0.056982118502498,0.0,0.0,0.0,0.0,0.0,0007
71022693,0.0,0.0,0.0,0.0,0.0,0.0,1.0,0.0,0.0,0.0,0.0,0.0,0.0,0.0,0.0,0007
71022754,0.0,0.0,0.0,0.0,0.0,0.0,0.923674006338148,0.0,0.0763259936618521,0.0,0.0,0.0,0.0,0.0,0.0,0007
71022780,0.0,0.0,0.0,0.0,0.0,0.0,0.9249703525558136,0.0,0.0750296474441865,0.0,0.0,0.0,0.0,0.0,0.0,0007
71022911,0.0,0.0,0.0,0.10018144750041,0.0,0.0,0.8296131115808502,0.0,0.0702054409187398,0.0,0.0,0.0,0.0,0.0,0.0,0007
71022945,0.0,0.0,0.0,0.1301325708669482,0.0,0.0891499667379909,0.6951900509918759,0.0,0.0855274114031848,0.0,0.0,0.0,0.0,0.0,0.0,0007
71022992,0.0,0.0,0.0,0.1006065027304521,0.0,0.0596176964097181,0.779679749390898,0.0,0.0600960514689317,0.0,0.0,0.0,0.0,0.0,0.0,0007
71023020,0.0,0.0,0.0,0.0944037026994085,0.0,0.0,0.828869524305951,0.0,0.0767267729946404,0.0,0.0,0.0,0.0,0.0,0.0,0007
71023103,0.0,0.0,0.0,0.1164849844013211,0.0,0.0,0.8835150155986788,0.0,0.0,0.0,0.0,0.0,0.0,0.0,0.0,0007
71023104,0.0,0.0,0.0,0.0831229030937794,0.0,0.0,0.8570694522375306,0.0,0.0598076446686899,0.0,0.0,0.0,0.0,0.0,0.0,0007
71023181,0.0,0.0,0.0,0.0,0.0,0.0,1.0,0.0,0.0,0.0,0.0,0.0,0.0,0.0,0.0,0007
71023309,0.0,0.0,0.0,0.1206096382727182,0.0,0.0,0.8793903617272818,0.0,0.0,0.0,0.0,0.0,0.0,0.0,0.0,0007
71023477,0.0,0.0,0.0,0.0837276542044298,0.0,0.0662839378413847,0.8499884079541854,0.0,0.0,0.0,0.0,0.0,0.0,0.0,0.0,0007
71023591,0.0,0.0,0.0,0.110415003499854,0.0,0.0,0.8895849965001459,0.0,0.0,0.0,0.0,0.0,0.0,0.0,0.0,0007
71023606,0.0,0.0,0.0,0.0621158326699813,0.0,0.0,0.6850290667348657,0.0,0.1170071909216309,0.1358479096735221,0.0,0.0,0.0,0.0,0.0,0007
71023674,0.0,0.0,0.0,0.0971506376152169,0.0,0.0,0.9028493623847832,0.0,0.0,0.0,0.0,0.0,0.0,0.0,0.0,0007
71023778,0.0,0.0,0.0895106071705734,0.1322346826978885,0.0,0.0,0.7225042052610872,0.0,0.055750504870451,0.0,0.0,0.0,0.0,0.0,0.0,0007
71023889,0.0,0.0,0.0,0.0,0.0,0.0,0.9397216524588768,0.0,0.0602783475411231,0.0,0.0,0.0,0.0,0.0,0.0,0007
71023895,0.0,0.0,0.0625178453159441,0.1686482885184276,0.0,0.0710920337513217,0.6977418324143064,0.0,0.0,0.0,0.0,0.0,0.0,0.0,0.0,0007
71023936,0.135119126416235,0.0,0.1209084019894479,0.1752283931952147,0.0,0.113353338350712,0.4553907400483902,0.0,0.0,0.0,0.0,0.0,0.0,0.0,0.0,0007
71023982,0.0642931838796835,0.0,0.0,0.1349999435565733,0.0,0.060874005823763,0.73983286673998,0.0,0.0,0.0,0.0,0.0,0.0,0.0,0.0,0007
71023994,0.0,0.0,0.0,0.0528412454028057,0.0,0.0,0.592151547676842,0.0,0.1553232911228788,0.1996839157974734,0.0,0.0,0.0,0.0,0.0,0007
71024080,0.1145586681180227,0.0,0.0,0.2532792403107075,0.0,0.0,0.6321620915712697,0.0,0.0,0.0,0.0,0.0,0.0,0.0,0.0,0007
71024082,0.0,0.0,0.0,0.0988171424251528,0.0,0.0,0.8319720431673064,0.0,0.0692108144075406,0.0,0.0,0.0,0.0,0.0,0.0,0007
71024128,0.0,0.0,0.0,0.1775392092316999,0.0,0.0,0.7572135120250947,0.0,0.0652472787432054,0.0,0.0,0.0,0.0,0.0,0.0,0007
71024198,0.0,0.0,0.0,0.0521573658045638,0.0,0.0,0.8873403481765981,0.0,0.0605022860188379,0.0,0.0,0.0,0.0,0.0,0.0,0007
71024229,0.0,0.0,0.0,0.0,0.0,0.0,0.9315138046195724,0.0,0.0684861953804277,0.0,0.0,0.0,0.0,0.0,0.0,0007
71024292,0.0,0.0,0.0,0.1003705343707092,0.0,0.0,0.8398324709542665,0.0,0.0597969946750241,0.0,0.0,0.0,0.0,0.0,0.0,0007
71024386,0.0,0.0,0.0,0.0,0.0,0.0,0.9454045711809912,0.0,0.0545954288190089,0.0,0.0,0.0,0.0,0.0,0.0,0007
71024448,0.0672937778065343,0.0,0.0953842122837073,0.4136105957847607,0.0,0.0,0.4237114141249975,0.0,0.0,0.0,0.0,0.0,0.0,0.0,0.0,0007
71024474,0.1538494638629604,0.0,0.1451964464741029,0.4002440511322918,0.0,0.0896404691178287,0.211069569412816,0.0,0.0,0.0,0.0,0.0,0.0,0.0,0.0,0004
71024483,0.06749543472888,0.0,0.0,0.2458922789844696,0.0619528108555591,0.0699040715581241,0.5547554038729671,0.0,0.0,0.0,0.0,0.0,0.0,0.0,0.0,0007
71024488,0.1176945088420195,0.0,0.0,0.2398269809474903,0.0,0.0891317246683409,0.5533467855421492,0.0,0.0,0.0,0.0,0.0,0.0,0.0,0.0,0007
71024578,0.0,0.0,0.0,0.0,0.0,0.0,0.942775764054704,0.0,0.0572242359452961,0.0,0.0,0.0,0.0,0.0,0.0,0007
71024598,0.0,0.0,0.0,0.1207934255112376,0.0,0.0,0.8792065744887624,0.0,0.0,0.0,0.0,0.0,0.0,0.0,0.0,0007
71024619,0.0956261893838951,0.0,0.0,0.0894295833666158,0.0,0.0,0.7504552038797018,0.0,0.0644890233697872,0.0,0.0,0.0,0.0,0.0,0.0,0007
71024720,0.0,0.0,0.0,0.1521540450553471,0.0,0.0565000286194452,0.7913459263252076,0.0,0.0,0.0,0.0,0.0,0.0,0.0,0.0,0007
71024795,0.0618871531584628,0.0,0.0,0.1761324412020463,0.0,0.0939261216242383,0.6680542840152525,0.0,0.0,0.0,0.0,0.0,0.0,0.0,0.0,0007
71024843,0.0,0.0,0.0,0.0,0.0,0.0,1.0,0.0,0.0,0.0,0.0,0.0,0.0,0.0,0.0,0007
71024862,0.0,0.0,0.0,0.190278919542201,0.0,0.0,0.809721080457799,0.0,0.0,0.0,0.0,0.0,0.0,0.0,0.0,0007
71024996,0.0,0.0,0.0,0.0704090532639151,0.0,0.0,0.9295909467360848,0.0,0.0,0.0,0.0,0.0,0.0,0.0,0.0,0007
71025043,0.0,0.0,0.0,0.0548253285486956,0.0,0.0,0.8782443780132105,0.0,0.0669302934380937,0.0,0.0,0.0,0.0,0.0,0.0,0007
71025044,0.0,0.0,0.0,0.2384074990258545,0.0,0.0,0.7615925009741454,0.0,0.0,0.0,0.0,0.0,0.0,0.0,0.0,0007
71025052,0.0928988127081262,0.0,0.0,0.160156273575485,0.0,0.0863039471919905,0.6606409665243982,0.0,0.0,0.0,0.0,0.0,0.0,0.0,0.0,0007
71025086,0.0,0.0,0.0,0.0,0.0,0.0,1.0,0.0,0.0,0.0,0.0,0.0,0.0,0.0,0.0,0007
71025125,0.1012933305327758,0.0,0.0,0.17988070360089,0.0,0.1476506718794036,0.5138854357130053,0.0,0.0,0.0572898582739253,0.0,0.0,0.0,0.0,0.0,0007
71025142,0.0,0.0,0.0,0.1337544249461928,0.0,0.0,0.8662455750538072,0.0,0.0,0.0,0.0,0.0,0.0,0.0,0.0,0007
71025201,0.0,0.0,0.0,0.0,0.0,0.0,0.8093642283844416,0.0,0.0,0.1906357716155583,0.0,0.0,0.0,0.0,0.0,0007
71025219,0.0,0.0,0.0,0.1594133207162472,0.0,0.0,0.8405866792837527,0.0,0.0,0.0,0.0,0.0,0.0,0.0,0.0,0007
71025298,0.0,0.0,0.0,0.0723147243396178,0.0,0.0,0.8729867302658175,0.0,0.0546985453945646,0.0,0.0,0.0,0.0,0.0,0.0,0007
71025323,0.0,0.0,0.0,0.0,0.0,0.0,0.6766799488451195,0.0,0.2418150043828678,0.0815050467720127,0.0,0.0,0.0,0.0,0.0,0007
71025411,0.0,0.0,0.0,0.0774356801287027,0.0,0.0,0.9225643198712972,0.0,0.0,0.0,0.0,0.0,0.0,0.0,0.0,0007
71025440,0.0,0.0,0.0,0.1934537473203344,0.0,0.1168463793928003,0.6896998732868652,0.0,0.0,0.0,0.0,0.0,0.0,0.0,0.0,0007
71025547,0.0,0.0,0.0,0.0610607327516046,0.0,0.0,0.5359130689065859,0.0,0.0,0.4030261983418096,0.0,0.0,0.0,0.0,0.0,0007
71025568,0.0,0.0,0.0,0.0678441392525323,0.0,0.0,0.9321558607474676,0.0,0.0,0.0,0.0,0.0,0.0,0.0,0.0,0007
71025583,0.0884349123618739,0.0,0.0,0.1651676731709212,0.0,0.1233583135132455,0.6230391009539594,0.0,0.0,0.0,0.0,0.0,0.0,0.0,0.0,0007
71025693,0.0,0.0,0.0720321928868404,0.1157325391277129,0.0,0.0,0.7294043459201973,0.0,0.0,0.0828309220652493,0.0,0.0,0.0,0.0,0.0,0007
71025799,0.0693255252141755,0.0,0.0645244698490666,0.2300636049371425,0.0,0.0,0.6360863999996152,0.0,0.0,0.0,0.0,0.0,0.0,0.0,0.0,0007
71025839,0.0,0.0,0.0850720660058998,0.282963184524486,0.0,0.0,0.6319647494696142,0.0,0.0,0.0,0.0,0.0,0.0,0.0,0.0,0007
71025869,0.0,0.0,0.0,0.0717021755516875,0.0,0.0,0.8576783872896985,0.0,0.070619437158614,0.0,0.0,0.0,0.0,0.0,0.0,0007
71025911,0.0810542195997422,0.0,0.1012801439162515,0.238751321793105,0.0,0.0959159098904979,0.4829984048004031,0.0,0.0,0.0,0.0,0.0,0.0,0.0,0.0,0007
71026015,0.2749058647081927,0.0,0.0802130772277802,0.2164548531332303,0.0,0.1117268447954035,0.316699360135393,0.0,0.0,0.0,0.0,0.0,0.0,0.0,0.0,0007
71026036,0.0726889865143126,0.0,0.100452871466601,0.2211080395223783,0.0,0.0821144355396884,0.5236356669570196,0.0,0.0,0.0,0.0,0.0,0.0,0.0,0.0,0007
71026037,0.1150862202252375,0.0,0.0715367557283485,0.1930146616455777,0.0,0.0852193014114669,0.5351430609893693,0.0,0.0,0.0,0.0,0.0,0.0,0.0,0.0,0007
71026134,0.0,0.0,0.0,0.0,0.0,0.0,1.0,0.0,0.0,0.0,0.0,0.0,0.0,0.0,0.0,0007
71026193,0.0,0.0,0.0,0.0645896341287357,0.0,0.0633178136859479,0.8720925521853163,0.0,0.0,0.0,0.0,0.0,0.0,0.0,0.0,0007
71026196,0.0651642215648961,0.0880273189259995,0.148497923958647,0.2554077537530969,0.0,0.1040208878902562,0.3388818939071042,0.0,0.0,0.0,0.0,0.0,0.0,0.0,0.0,0007
71026344,0.142442730183694,0.054091804403594,0.1841680814637604,0.1687009380459962,0.0,0.1649234976817502,0.285672948221205,0.0,0.0,0.0,0.0,0.0,0.0,0.0,0.0,0007
71026572,0.2969772558987847,0.0590462919710272,0.1745968900297823,0.1248556231141019,0.0,0.149113257617441,0.1954106813688626,0.0,0.0,0.0,0.0,0.0,0.0,0.0,0.0,0001
71026700,0.4251306684759181,0.0874088085074421,0.2476107342514641,0.0855017061321025,0.0,0.1543480826330729,0.0,0.0,0.0,0.0,0.0,0.0,0.0,0.0,0.0,0001
71026853,0.3468404435351046,0.0,0.3027000518695763,0.1535788092334767,0.0,0.13999396181583,0.0568867335460122,0.0,0.0,0.0,0.0,0.0,0.0,0.0,0.0,0001
71027942,0.0,0.0,0.0,0.132991213980472,0.1432418084429076,0.0,0.0545218126032515,0.0,0.6692451649733688,0.0,0.0,0.0,0.0,0.0,0.0,0009
71027957,0.0,0.0,0.0,0.234234695416332,0.4103812287066611,0.0,0.223935671146776,0.0,0.1314484047302308,0.0,0.0,0.0,0.0,0.0,0.0,0005
71027962,0.0,0.0,0.0,0.1671340682223286,0.2518826457642936,0.0,0.0,0.0,0.4862308527291212,0.0947524332842566,0.0,0.0,0.0,0.0,0.0,0009
71027963,0.0,0.0,0.0,0.1525083525367183,0.3437920456508974,0.0,0.063016285773516,0.0,0.4406833160388681,0.0,0.0,0.0,0.0,0.0,0.0,0009
71027969,0.0,0.0,0.0,0.4446319197714448,0.347057852589419,0.0,0.2083102276391362,0.0,0.0,0.0,0.0,0.0,0.0,0.0,0.0,0004
71027979,0.0,0.0,0.0,0.4436996977535791,0.4013223715023221,0.0,0.1549779307440987,0.0,0.0,0.0,0.0,0.0,0.0,0.0,0.0,0004
71027981,0.0,0.0,0.0,0.4960903443438203,0.3372999536182353,0.0,0.0,0.0,0.0994508209559928,0.0671588810819515,0.0,0.0,0.0,0.0,0.0,0004
71027992,0.0,0.0,0.0,0.5539782261521597,0.3655037298534078,0.0,0.0,0.0,0.0,0.0805180439944325,0.0,0.0,0.0,0.0,0.0,0004
71028007,0.1080978797623196,0.0,0.0,0.4301280969329486,0.2756093662626203,0.0,0.0,0.0,0.0620169396236425,0.1241477174184689,0.0,0.0,0.0,0.0,0.0,0004
71028014,0.0879880589813053,0.0,0.0,0.3242372057565037,0.3598368527002228,0.0,0.0,0.0,0.2279378825619681,0.0,0.0,0.0,0.0,0.0,0.0,0005
71028023,0.2002442366535303,0.0,0.0,0.3459530208242573,0.3153944926396593,0.0,0.0,0.0,0.1384082498825529,0.0,0.0,0.0,0.0,0.0,0.0,0004
71028027,0.1486613068805952,0.0,0.0,0.1881048935131248,0.4704114287631266,0.0,0.0,0.0,0.1928223708431533,0.0,0.0,0.0,0.0,0.0,0.0,0005
71028039,0.3239054768178598,0.0,0.0,0.4414498251068814,0.1738242582437187,0.0,0.0,0.0,0.0,0.06082043983154,0.0,0.0,0.0,0.0,0.0,0004
71028054,0.5260269922860482,0.0,0.0,0.1051694888201706,0.1362915313957712,0.0,0.0,0.2325119874980099,0.0,0.0,0.0,0.0,0.0,0.0,0.0,0001
71028062,0.0,0.0,0.0,0.4576154749372918,0.301014111214513,0.0,0.2413704138481951,0.0,0.0,0.0,0.0,0.0,0.0,0.0,0.0,0004
71028073,0.4658927253616371,0.0,0.0,0.0,0.0909983411890484,0.0,0.0,0.3045118587759945,0.0667512027625912,0.0718458719107285,0.0,0.0,0.0,0.0,0.0,0001
71028095,0.5808249394053401,0.0,0.0,0.054667244916384,0.0773127665367557,0.0,0.0,0.2119574970017548,0.0752375521397652,0.0,0.0,0.0,0.0,0.0,0.0,0001
71028097,0.0,0.0,0.0,0.4641006346239198,0.2682708996892188,0.0,0.2037268731053985,0.0,0.0639015925814627,0.0,0.0,0.0,0.0,0.0,0.0,0004
71028132,0.204783549947949,0.0,0.0,0.5354059974801125,0.1942187509800159,0.0,0.0655917015919225,0.0,0.0,0.0,0.0,0.0,0.0,0.0,0.0,0004
71028140,0.5860878933395206,0.0,0.0,0.0,0.1219302861048932,0.0,0.0,0.2357338754554006,0.0562479451001855,0.0,0.0,0.0,0.0,0.0,0.0,0001
71028159,0.6373181502478015,0.0,0.0,0.0,0.0562244344299725,0.0,0.0,0.3064574153222258,0.0,0.0,0.0,0.0,0.0,0.0,0.0,0001
71028189,0.620712870990789,0.0,0.0,0.0,0.0,0.0,0.0,0.1869705900669495,0.0739196134827622,0.1183969254594994,0.0,0.0,0.0,0.0,0.0,0001
71028215,0.4409772658244599,0.0,0.0,0.4842233418593966,0.0747993923161435,0.0,0.0,0.0,0.0,0.0,0.0,0.0,0.0,0.0,0.0,0004
71028221,0.6927613713002246,0.0,0.0,0.0,0.0,0.0,0.0,0.3072386286997753,0.0,0.0,0.0,0.0,0.0,0.0,0.0,0001
71028249,0.5693500419876374,0.0,0.0,0.2142146603421934,0.1351331017463724,0.0,0.0,0.0,0.0813021959237967,0.0,0.0,0.0,0.0,0.0,0.0,0001
71028304,0.5712364876774602,0.0,0.0,0.1320698413582341,0.107699989129164,0.0,0.0,0.1223523982302706,0.0,0.0666412836048709,0.0,0.0,0.0,0.0,0.0,0001
71028311,0.545014815158229,0.0,0.0,0.0,0.1593491700606946,0.0,0.0,0.2956360147810764,0.0,0.0,0.0,0.0,0.0,0.0,0.0,0001
71028377,0.6916877027375711,0.0,0.0,0.1753775965943849,0.1329347006680439,0.0,0.0,0.0,0.0,0.0,0.0,0.0,0.0,0.0,0.0,0001
71028380,0.7682900103804177,0.0,0.0,0.1297112497249559,0.1019987398946264,0.0,0.0,0.0,0.0,0.0,0.0,0.0,0.0,0.0,0.0,0001
71028490,0.1347644635023633,0.0,0.0,0.1900850702964106,0.0988401365514843,0.0700960521254876,0.506214277524254,0.0,0.0,0.0,0.0,0.0,0.0,0.0,0.0,0007
71028494,0.0897790700125815,0.0,0.0,0.2656188238999341,0.0654948023891233,0.0840788617144664,0.4950284419838945,0.0,0.0,0.0,0.0,0.0,0.0,0.0,0.0,0007
71028498,0.120517621550141,0.0,0.0,0.2165902789517479,0.0755624553477231,0.0,0.5873296441503879,0.0,0.0,0.0,0.0,0.0,0.0,0.0,0.0,0007
71028505,0.1095964791809653,0.0,0.0,0.2367302551712593,0.0730471392377528,0.0,0.4712983486767342,0.0,0.1093277777332883,0.0,0.0,0.0,0.0,0.0,0.0,0007
71028510,0.2855350660669545,0.0,0.0,0.1391670257054034,0.1447934854048227,0.0,0.3667803601781961,0.0,0.0637240626446231,0.0,0.0,0.0,0.0,0.0,0.0,0007
71028524,0.0690528541347582,0.0,0.0,0.3256375831292814,0.1203109749401749,0.055694550396637,0.3135530869511831,0.0,0.0582686886449077,0.0574822618030574,0.0,0.0,0.0,0.0,0.0,0004
71028526,0.2117934057498866,0.0,0.0,0.2227958340976464,0.1217525975696556,0.0,0.3570163963268045,0.0,0.0,0.0866417662560069,0.0,0.0,0.0,0.0,0.0,0007
71028531,0.2144080843250391,0.0,0.0,0.1805893582686349,0.0,0.0861752613440938,0.4095140543184642,0.0,0.0,0.1093132417437678,0.0,0.0,0.0,0.0,0.0,0007
71028546,0.0,0.0,0.0,0.1143856069665112,0.0,0.0,0.8856143930334887,0.0,0.0,0.0,0.0,0.0,0.0,0.0,0.0,0007
71028558,0.5200045157456533,0.0,0.0820205231228454,0.3979749611315012,0.0,0.0,0.0,0.0,0.0,0.0,0.0,0.0,0.0,0.0,0.0,0001
71028580,0.0,0.0,0.0,0.1083704040951327,0.0,0.0,0.8916295959048673,0.0,0.0,0.0,0.0,0.0,0.0,0.0,0.0,0007
71028585,0.5579467903585299,0.0,0.0,0.0,0.0,0.0,0.0,0.0,0.44205320964147,0.0,0.0,0.0,0.0,0.0,0.0,0001
71028597,0.4513259441522638,0.0,0.0,0.1041000545785322,0.110432374641464,0.0,0.0,0.2221372441375105,0.0,0.1120043824902293,0.0,0.0,0.0,0.0,0.0,0001
71028598,0.6473668358442541,0.0,0.0,0.3526331641557458,0.0,0.0,0.0,0.0,0.0,0.0,0.0,0.0,0.0,0.0,0.0,0001
71028609,0.6505842213102359,0.0,0.0,0.0,0.0727902022265662,0.0,0.0,0.2766255764631979,0.0,0.0,0.0,0.0,0.0,0.0,0.0,0001
71028657,0.5943700212166032,0.0,0.0,0.2514549543414919,0.1541750244419048,0.0,0.0,0.0,0.0,0.0,0.0,0.0,0.0,0.0,0.0,0001
71028663,0.4920121124111151,0.0,0.0,0.1086000269353812,0.3993878606535036,0.0,0.0,0.0,0.0,0.0,0.0,0.0,0.0,0.0,0.0,0001
71028675,0.0,0.0,0.0,0.0695159846546244,0.0,0.0,0.9304840153453756,0.0,0.0,0.0,0.0,0.0,0.0,0.0,0.0,0007
71028676,0.5848448799066664,0.0,0.0,0.0,0.129495249468621,0.0,0.0,0.2856598706247125,0.0,0.0,0.0,0.0,0.0,0.0,0.0,0001
71028681,1.0,0.0,0.0,0.0,0.0,0.0,0.0,0.0,0.0,0.0,0.0,0.0,0.0,0.0,0.0,0001
71028685,0.5633189426732661,0.0,0.0,0.0755301316941585,0.2626387849752705,0.0,0.0,0.0,0.0985121406573047,0.0,0.0,0.0,0.0,0.0,0.0,0001
71028699,1.0,0.0,0.0,0.0,0.0,0.0,0.0,0.0,0.0,0.0,0.0,0.0,0.0,0.0,0.0,0001
71028700,0.911125396415424,0.0,0.0,0.0,0.0,0.0,0.0,0.0888746035845759,0.0,0.0,0.0,0.0,0.0,0.0,0.0,0001
71028722,0.0819900943421104,0.0,0.0,0.2167061381846375,0.0,0.0,0.701303767473252,0.0,0.0,0.0,0.0,0.0,0.0,0.0,0.0,0007
71028727,0.1108950423323825,0.0,0.0,0.2827050364888511,0.0,0.056259987561024,0.4946405158642317,0.0,0.0554994177535105,0.0,0.0,0.0,0.0,0.0,0.0,0007
71028734,0.1631015461528806,0.0,0.0,0.2345734239860835,0.0940861780294051,0.0,0.5082388518316308,0.0,0.0,0.0,0.0,0.0,0.0,0.0,0.0,0007
71028740,0.8120904986103993,0.0,0.0,0.0,0.0,0.0,0.0,0.1879095013896007,0.0,0.0,0.0,0.0,0.0,0.0,0.0,0001
71028757,0.1516052983322539,0.0,0.0,0.4044084838898212,0.3547235941743674,0.0,0.0,0.0,0.0,0.0892626236035573,0.0,0.0,0.0,0.0,0.0,0004
71028795,0.0,0.0,0.0,0.0936193060808231,0.0,0.0,0.9063806939191767,0.0,0.0,0.0,0.0,0.0,0.0,0.0,0.0,0007
71028833,0.520523135000405,0.0,0.0,0.3484940898688679,0.1309827751307271,0.0,0.0,0.0,0.0,0.0,0.0,0.0,0.0,0.0,0.0,0001
71028835,0.0,0.0,0.0,0.0,0.0,0.0,0.9370252395731048,0.0,0.0629747604268952,0.0,0.0,0.0,0.0,0.0,0.0,0007
71028847,0.6372399625890973,0.0,0.0,0.0636373665015063,0.1529328815284941,0.0,0.0,0.1461897893809021,0.0,0.0,0.0,0.0,0.0,0.0,0.0,0001
71028852,0.8130300424258039,0.0,0.0,0.0,0.0,0.0,0.0,0.186969957574196,0.0,0.0,0.0,0.0,0.0,0.0,0.0,0001
71028865,0.5839978646461433,0.0,0.0,0.1954828709694324,0.2205192643844241,0.0,0.0,0.0,0.0,0.0,0.0,0.0,0.0,0.0,0.0,0001
71028867,0.0986415523596568,0.0,0.0,0.2252325328330844,0.0553399846888876,0.0,0.620785930118371,0.0,0.0,0.0,0.0,0.0,0.0,0.0,0.0,0007
71028893,0.0,0.0,0.0,0.09158290980287,0.0,0.0,0.90841709019713,0.0,0.0,0.0,0.0,0.0,0.0,0.0,0.0,0007
71028904,0.9019475914883552,0.0,0.0,0.0,0.0,0.0,0.0,0.0980524085116447,0.0,0.0,0.0,0.0,0.0,0.0,0.0,0001
71028945,0.0,0.0,0.0,0.1261042062047339,0.0,0.0,0.8738957937952662,0.0,0.0,0.0,0.0,0.0,0.0,0.0,0.0,0007
71028957,0.93275605095761,0.0,0.0,0.0,0.0,0.0,0.0,0.0672439490423901,0.0,0.0,0.0,0.0,0.0,0.0,0.0,0001
71028961,0.6147097247354768,0.0,0.0,0.0,0.1995802401618998,0.0,0.0,0.1857100351026233,0.0,0.0,0.0,0.0,0.0,0.0,0.0,0001
71028963,0.0959672389954449,0.0,0.0,0.2891310005291558,0.0928565288215646,0.0,0.5220452316538347,0.0,0.0,0.0,0.0,0.0,0.0,0.0,0.0,0007
71028968,0.5098777473410873,0.0,0.0,0.3410595141850739,0.1490627384738387,0.0,0.0,0.0,0.0,0.0,0.0,0.0,0.0,0.0,0.0,0001
71028974,0.8161389434551729,0.0,0.0,0.0,0.1109271663270924,0.0,0.0,0.0729338902177346,0.0,0.0,0.0,0.0,0.0,0.0,0.0,0001
71028975,0.0,0.0,0.0,0.0,0.0,0.0,1.0,0.0,0.0,0.0,0.0,0.0,0.0,0.0,0.0,0007
71029016,0.8564114643911201,0.0,0.0,0.0,0.0,0.0,0.0,0.0,0.1435885356088798,0.0,0.0,0.0,0.0,0.0,0.0,0001
71029022,0.3778115836694872,0.0,0.0,0.0,0.0,0.0,0.0,0.0,0.6221884163305128,0.0,0.0,0.0,0.0,0.0,0.0,0009
71029028,0.3995274341753582,0.0,0.0,0.2213148301780459,0.0878034655148513,0.0,0.2913542701317445,0.0,0.0,0.0,0.0,0.0,0.0,0.0,0.0,0001
71029042,0.5764054865357506,0.0,0.0,0.1374014196626675,0.1411989799856399,0.0,0.0,0.0670472722816917,0.0,0.0779468415342502,0.0,0.0,0.0,0.0,0.0,0001
71029057,0.3089026697199916,0.0,0.0689927686123582,0.4091456054697628,0.0524213743898605,0.0791395724923489,0.0813980093156778,0.0,0.0,0.0,0.0,0.0,0.0,0.0,0.0,0004
71029064,0.8961958253890475,0.0,0.0,0.0,0.1038041746109525,0.0,0.0,0.0,0.0,0.0,0.0,0.0,0.0,0.0,0.0,0001
71029071,0.8659572765874771,0.0,0.0,0.0,0.0,0.0,0.0,0.0,0.1340427234125228,0.0,0.0,0.0,0.0,0.0,0.0,0001
71029118,0.6207468537698106,0.0,0.0,0.0,0.1290611871190134,0.0,0.0,0.2501919591111758,0.0,0.0,0.0,0.0,0.0,0.0,0.0,0001
71029134,0.4070553221703545,0.0,0.0899646774212652,0.3515129314282172,0.0,0.0,0.1514670689801631,0.0,0.0,0.0,0.0,0.0,0.0,0.0,0.0,0001
71029150,0.4675433516743794,0.0,0.0635119664319242,0.4689446818936964,0.0,0.0,0.0,0.0,0.0,0.0,0.0,0.0,0.0,0.0,0.0,0004
71029158,0.7846803081241357,0.0,0.0,0.0,0.0,0.0,0.0,0.2153196918758643,0.0,0.0,0.0,0.0,0.0,0.0,0.0,0001
71029189,0.4519040523632175,0.0,0.0,0.1122468748292458,0.0602420584846784,0.0,0.0,0.3756070143228581,0.0,0.0,0.0,0.0,0.0,0.0,0.0,0001
71029203,0.4312617010361074,0.0,0.0,0.0,0.1038287366389124,0.0,0.0,0.4649095623249802,0.0,0.0,0.0,0.0,0.0,0.0,0.0,0008
71029212,0.4392673700714334,0.0,0.0598631715520222,0.3626452660429828,0.0,0.0,0.1382241923335613,0.0,0.0,0.0,0.0,0.0,0.0,0.0,0.0,0001
71029225,0.5238331738847035,0.0,0.0,0.3444551405779021,0.0,0.1317116855373944,0.0,0.0,0.0,0.0,0.0,0.0,0.0,0.0,0.0,0001
71029334,0.0,0.0,0.0,0.0,0.0,0.0,1.0,0.0,0.0,0.0,0.0,0.0,0.0,0.0,0.0,0007
71029335,0.5503516063732161,0.0,0.0,0.0,0.1916104025204987,0.0,0.0,0.2580379911062851,0.0,0.0,0.0,0.0,0.0,0.0,0.0,0001
71029380,0.1126765911111374,0.0,0.0,0.072386436585278,0.2901399214921003,0.0677631542937121,0.2140432014536208,0.0,0.242990695064151,0.0,0.0,0.0,0.0,0.0,0.0,0005
71029391,0.4890710021861703,0.0,0.0,0.3985167388988752,0.1124122589149544,0.0,0.0,0.0,0.0,0.0,0.0,0.0,0.0,0.0,0.0,0001
71029414,0.6133821597794671,0.0,0.0,0.2037187547399356,0.1828990854805971,0.0,0.0,0.0,0.0,0.0,0.0,0.0,0.0,0.0,0.0,0001
71029434,0.4950438584467751,0.0,0.0,0.4292966481947626,0.0756594933584622,0.0,0.0,0.0,0.0,0.0,0.0,0.0,0.0,0.0,0.0,0001
71029448,0.5346320282404362,0.0,0.0,0.0,0.0708675968502048,0.0,0.0,0.3945003749093589,0.0,0.0,0.0,0.0,0.0,0.0,0.0,0001
71029450,0.0,0.0,0.0,0.0,0.8819419889930697,0.0,0.0,0.1180580110069302,0.0,0.0,0.0,0.0,0.0,0.0,0.0,0005
71029451,0.401938069226963,0.0,0.0,0.4013740640477249,0.1244701357710049,0.072217730954307,0.0,0.0,0.0,0.0,0.0,0.0,0.0,0.0,0.0,0001
71029490,0.5453015867749181,0.0,0.0,0.0,0.064031124331295,0.0,0.0,0.3906672888937868,0.0,0.0,0.0,0.0,0.0,0.0,0.0,0001
71029520,0.5313418851042296,0.0,0.0,0.0751388309957634,0.1782067646923214,0.0,0.0,0.2153125192076853,0.0,0.0,0.0,0.0,0.0,0.0,0.0,0001
71029528,0.8047208117789103,0.0,0.0,0.0,0.055438604565398,0.0,0.0,0.1398405836556915,0.0,0.0,0.0,0.0,0.0,0.0,0.0,0001
71029602,0.1865277227865053,0.0,0.0,0.3575933198625086,0.1723316930549285,0.0,0.2835472642960573,0.0,0.0,0.0,0.0,0.0,0.0,0.0,0.0,0004
71029639,0.936351973581098,0.0,0.0,0.0,0.0,0.0,0.0,0.0,0.0,0.0636480264189019,0.0,0.0,0.0,0.0,0.0,0001
71029646,0.4065425860470686,0.0,0.0,0.0,0.058017269296656,0.0,0.0,0.5354401446562753,0.0,0.0,0.0,0.0,0.0,0.0,0.0,0008
71029715,0.3066945495369826,0.0,0.0,0.6933054504630174,0.0,0.0,0.0,0.0,0.0,0.0,0.0,0.0,0.0,0.0,0.0,0004
71029721,0.9299403000548212,0.0,0.0,0.0700596999451788,0.0,0.0,0.0,0.0,0.0,0.0,0.0,0.0,0.0,0.0,0.0,0001
71029759,0.0,0.0,0.0,0.0,0.0566968302506406,0.0,0.9433031697493592,0.0,0.0,0.0,0.0,0.0,0.0,0.0,0.0,0007
71029766,0.7921590801968492,0.0,0.0,0.0,0.0,0.0,0.0,0.2078409198031508,0.0,0.0,0.0,0.0,0.0,0.0,0.0,0001
71029770,0.4041658641755912,0.0,0.0,0.4536789932240408,0.1421551426003679,0.0,0.0,0.0,0.0,0.0,0.0,0.0,0.0,0.0,0.0,0004
71029778,0.5399643618293971,0.0,0.0,0.0,0.0,0.0,0.0,0.4600356381706028,0.0,0.0,0.0,0.0,0.0,0.0,0.0,0001
71029798,0.9041850295180218,0.0,0.0,0.0,0.0,0.0,0.0,0.0958149704819781,0.0,0.0,0.0,0.0,0.0,0.0,0.0,0001
71029800,0.6226841044952008,0.0,0.0,0.0,0.1466781070916798,0.0,0.0,0.2306377884131193,0.0,0.0,0.0,0.0,0.0,0.0,0.0,0001
71029803,0.4673374835883489,0.0,0.0,0.5326625164116511,0.0,0.0,0.0,0.0,0.0,0.0,0.0,0.0,0.0,0.0,0.0,0004
71029857,0.5860185716938782,0.0,0.0,0.0,0.0963464573616636,0.0,0.0,0.204161727067878,0.1134732438765801,0.0,0.0,0.0,0.0,0.0,0.0,0001
71029863,0.5659814566288928,0.0,0.0,0.4340185433711073,0.0,0.0,0.0,0.0,0.0,0.0,0.0,0.0,0.0,0.0,0.0,0001
71029879,0.0768740794917016,0.0,0.0,0.4782888752679803,0.1781179420019067,0.0,0.2667191032384113,0.0,0.0,0.0,0.0,0.0,0.0,0.0,0.0,0004
71029924,0.8453125643026757,0.0,0.0,0.0,0.1546874356973244,0.0,0.0,0.0,0.0,0.0,0.0,0.0,0.0,0.0,0.0,0001
71029930,0.1734140934172945,0.0,0.0,0.7474381228591237,0.0791477837235817,0.0,0.0,0.0,0.0,0.0,0.0,0.0,0.0,0.0,0.0,0004
71029963,0.6926535512463887,0.0,0.0,0.0,0.0702903086551246,0.0,0.0,0.2370561400984866,0.0,0.0,0.0,0.0,0.0,0.0,0.0,0001
71029992,0.6743055390038026,0.0,0.0,0.0,0.0936531978380453,0.0,0.0,0.232041263158152,0.0,0.0,0.0,0.0,0.0,0.0,0.0,0001
71030026,1.0,0.0,0.0,0.0,0.0,0.0,0.0,0.0,0.0,0.0,0.0,0.0,0.0,0.0,0.0,0001
71030034,0.4635229879134958,0.0,0.0,0.0,0.0911741735146936,0.0,0.0,0.4453028385718106,0.0,0.0,0.0,0.0,0.0,0.0,0.0,0001
71030035,0.4628682692673467,0.0,0.0,0.0,0.2490862168972344,0.0,0.0,0.288045513835419,0.0,0.0,0.0,0.0,0.0,0.0,0.0,0001
71030057,0.692534903725097,0.0,0.0,0.0,0.3074650962749031,0.0,0.0,0.0,0.0,0.0,0.0,0.0,0.0,0.0,0.0,0001
71030071,0.65392173777172,0.0,0.0,0.0,0.0624397677609643,0.0,0.0,0.2836384944673156,0.0,0.0,0.0,0.0,0.0,0.0,0.0,0001
71030100,0.5789099360988559,0.0,0.0,0.0,0.0968765880185225,0.0,0.0,0.3242134758826215,0.0,0.0,0.0,0.0,0.0,0.0,0.0,0001
71030156,0.6719003070579095,0.0,0.0585031978448158,0.2695964950972748,0.0,0.0,0.0,0.0,0.0,0.0,0.0,0.0,0.0,0.0,0.0,0001
71030177,0.550090125707965,0.0,0.0,0.0788768161608775,0.0728322565380904,0.0,0.0,0.298200801593067,0.0,0.0,0.0,0.0,0.0,0.0,0.0,0001
71030189,0.0,0.0,0.0,0.3092473796879431,0.385072167574185,0.0,0.1458762844078151,0.0,0.1598041683300567,0.0,0.0,0.0,0.0,0.0,0.0,0005
71030191,0.9231369827896984,0.0,0.0,0.0,0.0768630172103015,0.0,0.0,0.0,0.0,0.0,0.0,0.0,0.0,0.0,0.0,0001
71030202,0.1227778290328931,0.0,0.0,0.4805388928205087,0.102956830814976,0.0,0.2937264473316222,0.0,0.0,0.0,0.0,0.0,0.0,0.0,0.0,0004
71030231,0.5797702724357481,0.0,0.0,0.0,0.0728650240507464,0.0,0.0,0.3473647035135055,0.0,0.0,0.0,0.0,0.0,0.0,0.0,0001
71030243,0.7032918140018228,0.0,0.0,0.0,0.1676334298324848,0.0,0.0,0.1290747561656924,0.0,0.0,0.0,0.0,0.0,0.0,0.0,0001
71030265,0.0,0.0,0.0,0.822034379192111,0.177965620807889,0.0,0.0,0.0,0.0,0.0,0.0,0.0,0.0,0.0,0.0,0004
71030270,0.4872269531054942,0.0,0.0,0.0,0.091729429805376,0.0,0.0,0.4210436170891297,0.0,0.0,0.0,0.0,0.0,0.0,0.0,0001
71030287,0.7142675926031278,0.0,0.0,0.0,0.0652451766120297,0.0,0.0,0.2204872307848425,0.0,0.0,0.0,0.0,0.0,0.0,0.0,0001
71030292,0.6544037692951288,0.0,0.0,0.2537840240015266,0.0918122067033447,0.0,0.0,0.0,0.0,0.0,0.0,0.0,0.0,0.0,0.0,0001
71030302,0.7115843131539211,0.0,0.0,0.0,0.0648145416547986,0.0,0.0,0.2236011451912803,0.0,0.0,0.0,0.0,0.0,0.0,0.0,0001
71030308,0.4368511310020898,0.0,0.0,0.0,0.1221964151704197,0.0,0.0,0.4409524538274905,0.0,0.0,0.0,0.0,0.0,0.0,0.0,0008
71030313,0.0,0.0,0.0,0.3125256126879558,0.4414978458350381,0.0,0.2459765414770061,0.0,0.0,0.0,0.0,0.0,0.0,0.0,0.0,0005
71030314,0.0,0.0,0.0,0.4371803248806269,0.4888804946049899,0.0,0.0739391805143831,0.0,0.0,0.0,0.0,0.0,0.0,0.0,0.0,0005
71030390,0.5394937374681974,0.0,0.0,0.0,0.083375694193992,0.0,0.0,0.3771305683378106,0.0,0.0,0.0,0.0,0.0,0.0,0.0,0001
71030418,0.368349672810904,0.0,0.0,0.0,0.0930117055872269,0.0,0.0,0.538638621601869,0.0,0.0,0.0,0.0,0.0,0.0,0.0,0008
71030428,0.2179816859405357,0.0,0.0,0.7820183140594642,0.0,0.0,0.0,0.0,0.0,0.0,0.0,0.0,0.0,0.0,0.0,0004
71030431,0.638227536054369,0.0,0.0,0.0696482226504462,0.1167068324121566,0.0,0.0,0.175417408883028,0.0,0.0,0.0,0.0,0.0,0.0,0.0,0001
71030460,0.8312230050276183,0.0,0.0,0.0842603704383136,0.0845166245340681,0.0,0.0,0.0,0.0,0.0,0.0,0.0,0.0,0.0,0.0,0001
71030474,0.6057442554135246,0.0,0.0,0.0,0.0789151273513018,0.0,0.0,0.3153406172351735,0.0,0.0,0.0,0.0,0.0,0.0,0.0,0001
71030527,0.4478429137766025,0.0,0.0,0.0,0.0768499099997361,0.0,0.0,0.4753071762236613,0.0,0.0,0.0,0.0,0.0,0.0,0.0,0008
71030563,0.4163553275921831,0.0,0.0,0.0,0.2304164718890139,0.0,0.0,0.353228200518803,0.0,0.0,0.0,0.0,0.0,0.0,0.0,0001
71030588,0.3603018345318212,0.0,0.0,0.6396981654681788,0.0,0.0,0.0,0.0,0.0,0.0,0.0,0.0,0.0,0.0,0.0,0004
71030626,0.4749366914391372,0.0,0.0,0.0,0.1282198553139538,0.0,0.0,0.3968434532469089,0.0,0.0,0.0,0.0,0.0,0.0,0.0,0001
71030660,0.3861847938387308,0.0,0.0,0.539505405581883,0.0743098005793862,0.0,0.0,0.0,0.0,0.0,0.0,0.0,0.0,0.0,0.0,0004
71030690,0.4842914497036218,0.0,0.0,0.0580362876342164,0.2126059138994151,0.0,0.0,0.2450663487627466,0.0,0.0,0.0,0.0,0.0,0.0,0.0,0001
71030703,0.1777256177897372,0.0,0.0,0.6604892950551077,0.1617850871551549,0.0,0.0,0.0,0.0,0.0,0.0,0.0,0.0,0.0,0.0,0004
71030716,0.0,0.0,0.0,0.5863399434865623,0.2596049469177298,0.0,0.1540551095957077,0.0,0.0,0.0,0.0,0.0,0.0,0.0,0.0,0004
71030717,0.28163899096249,0.0,0.0,0.0,0.1036405418864155,0.0,0.0,0.514305977932083,0.1004144892190114,0.0,0.0,0.0,0.0,0.0,0.0,0008
71030749,0.0,0.0,0.0,0.1047436094353447,0.3762779558366672,0.0,0.3985177492456028,0.0,0.1204606854823852,0.0,0.0,0.0,0.0,0.0,0.0,0007
71030774,0.7881090529621494,0.0,0.0,0.0,0.0,0.0,0.0,0.2118909470378506,0.0,0.0,0.0,0.0,0.0,0.0,0.0,0001
71030784,0.6964453289285062,0.0,0.0,0.052657947014484,0.0718462664536141,0.0,0.0,0.1790504576033956,0.0,0.0,0.0,0.0,0.0,0.0,0.0,0001
71030831,0.3065499635288186,0.0,0.0,0.6934500364711814,0.0,0.0,0.0,0.0,0.0,0.0,0.0,0.0,0.0,0.0,0.0,0004
71030835,0.3736346541011784,0.0,0.0,0.1670187266141426,0.0844197862681974,0.0,0.0,0.3749268330164814,0.0,0.0,0.0,0.0,0.0,0.0,0.0,0008
71030838,0.4972234390468176,0.0,0.0,0.0,0.0,0.0,0.0,0.4304734176707998,0.0,0.0,0.0723031432823825,0.0,0.0,0.0,0.0,0001
71030896,0.4709841050699014,0.0,0.0,0.0895905641601556,0.1648741406002311,0.0,0.0,0.2745511901697119,0.0,0.0,0.0,0.0,0.0,0.0,0.0,0001
71030906,0.421817437513318,0.0,0.0,0.4351324752468125,0.1430500872398694,0.0,0.0,0.0,0.0,0.0,0.0,0.0,0.0,0.0,0.0,0004
71030944,0.3430672919216967,0.0,0.0,0.0,0.1010641856965372,0.0,0.0,0.555868522381766,0.0,0.0,0.0,0.0,0.0,0.0,0.0,0008
71030950,0.4815417955194658,0.0,0.0,0.0,0.2045230283809455,0.0,0.0,0.3139351760995886,0.0,0.0,0.0,0.0,0.0,0.0,0.0,0001
71031068,0.1684279856529091,0.0,0.0,0.4333111868716564,0.318617509639405,0.0,0.0796433178360294,0.0,0.0,0.0,0.0,0.0,0.0,0.0,0.0,0004
71031077,0.7214077928700805,0.0,0.0,0.2785922071299195,0.0,0.0,0.0,0.0,0.0,0.0,0.0,0.0,0.0,0.0,0.0,0001
71031094,0.5638603259657662,0.0,0.0,0.0,0.0,0.0,0.0,0.4361396740342337,0.0,0.0,0.0,0.0,0.0,0.0,0.0,0001
71031120,0.7583393986392316,0.0,0.0,0.0,0.0,0.0,0.0,0.2416606013607684,0.0,0.0,0.0,0.0,0.0,0.0,0.0,0001
71031130,0.1765762672708777,0.0,0.0,0.673837221548109,0.1495865111810133,0.0,0.0,0.0,0.0,0.0,0.0,0.0,0.0,0.0,0.0,0004
71031155,0.0,0.0,0.0,0.3794615354042245,0.2289570265321725,0.0,0.391581438063603,0.0,0.0,0.0,0.0,0.0,0.0,0.0,0.0,0007
71031177,0.3589721947130979,0.0,0.0,0.0,0.0930898270134633,0.0,0.0,0.4014140993056679,0.0,0.1465238789677707,0.0,0.0,0.0,0.0,0.0,0008
71031181,0.454885159464671,0.0,0.0,0.3337412290471065,0.2113736114882223,0.0,0.0,0.0,0.0,0.0,0.0,0.0,0.0,0.0,0.0,0001
71031215,0.0,0.0,0.0,0.2035372603464009,0.3838363902912811,0.0,0.2626822187327472,0.0,0.0868892491176866,0.063054881511884,0.0,0.0,0.0,0.0,0.0,0005
71031267,0.0,0.0,0.0,0.3639659032146919,0.2181046142849903,0.0,0.4179294825003177,0.0,0.0,0.0,0.0,0.0,0.0,0.0,0.0,0007
71031276,0.0,0.0,0.0,0.2744141932002652,0.2679038201869675,0.0,0.3976841187264538,0.0,0.0,0.0599978678863135,0.0,0.0,0.0,0.0,0.0,0007
71031279,0.5076902972998486,0.0,0.0,0.379062050028522,0.1132476526716293,0.0,0.0,0.0,0.0,0.0,0.0,0.0,0.0,0.0,0.0,0001
71031296,0.4618201785414089,0.0,0.0,0.0,0.086859380417007,0.0,0.0,0.4513204410415841,0.0,0.0,0.0,0.0,0.0,0.0,0.0,0001
71031303,0.0,0.0,0.0,0.5287454827519487,0.3019589473058816,0.0,0.1692955699421697,0.0,0.0,0.0,0.0,0.0,0.0,0.0,0.0,0004
71031359,0.403981045472053,0.0,0.0,0.0,0.0,0.0,0.0,0.5250048681159282,0.0,0.0,0.0710140864120187,0.0,0.0,0.0,0.0,0008
71031397,0.6206767357864035,0.0,0.0,0.0,0.0670434313992,0.0,0.0,0.3122798328143965,0.0,0.0,0.0,0.0,0.0,0.0,0.0,0001
71031414,0.0,0.0,0.0,0.3613075507205979,0.3174600917213524,0.0,0.3212323575580497,0.0,0.0,0.0,0.0,0.0,0.0,0.0,0.0,0004
71031429,0.268224709759031,0.0,0.0,0.0,0.0883241553009547,0.0,0.0,0.6434511349400142,0.0,0.0,0.0,0.0,0.0,0.0,0.0,0008
71031431,0.1586263429342213,0.0,0.0,0.4739521629451928,0.2892786923447406,0.0,0.0781428017758453,0.0,0.0,0.0,0.0,0.0,0.0,0.0,0.0,0004
71031478,0.8057319314489001,0.0,0.0,0.1175990741878588,0.076668994363241,0.0,0.0,0.0,0.0,0.0,0.0,0.0,0.0,0.0,0.0,0001
71031489,0.6805689767875557,0.0,0.0,0.0,0.0686674768132853,0.0,0.0,0.2507635463991589,0.0,0.0,0.0,0.0,0.0,0.0,0.0,0001
71031502,0.242758237204171,0.0,0.0,0.0,0.0804679338550459,0.0,0.0,0.6767738289407831,0.0,0.0,0.0,0.0,0.0,0.0,0.0,0008
71031503,0.4115809049639882,0.0,0.0,0.0,0.0,0.0,0.0,0.5884190950360119,0.0,0.0,0.0,0.0,0.0,0.0,0.0,0008
71031506,0.430779535480201,0.0,0.0,0.0,0.0877430761752457,0.0,0.0,0.4814773883445532,0.0,0.0,0.0,0.0,0.0,0.0,0.0,0008
71031524,0.4425731546155741,0.0,0.0564177248686416,0.5010091205157843,0.0,0.0,0.0,0.0,0.0,0.0,0.0,0.0,0.0,0.0,0.0,0004
71031528,0.1654877319803586,0.0,0.0,0.3187710009977981,0.1204642523219913,0.0,0.395277014699852,0.0,0.0,0.0,0.0,0.0,0.0,0.0,0.0,0007
71031529,0.2710937732515559,0.0,0.0,0.0,0.0,0.0,0.0,0.7289062267484441,0.0,0.0,0.0,0.0,0.0,0.0,0.0,0008
71031561,0.2481538920438634,0.0,0.0,0.0,0.0974883069623681,0.0,0.0,0.6543578009937684,0.0,0.0,0.0,0.0,0.0,0.0,0.0,0008
71031569,0.4318321126797936,0.0,0.0,0.0576301073218232,0.0872320494336077,0.0,0.0,0.4233057305647754,0.0,0.0,0.0,0.0,0.0,0.0,0.0,0001
71031594,0.4482681403305855,0.0,0.0,0.0,0.0,0.0,0.0,0.5517318596694145,0.0,0.0,0.0,0.0,0.0,0.0,0.0,0008
71031611,0.7145442401853133,0.0,0.0,0.2854557598146867,0.0,0.0,0.0,0.0,0.0,0.0,0.0,0.0,0.0,0.0,0.0,0001
71031640,0.0,0.0,0.0,0.2453939049837263,0.3761237244605697,0.0,0.3784823705557039,0.0,0.0,0.0,0.0,0.0,0.0,0.0,0.0,0007
71031642,0.1725304607226294,0.0,0.0,0.0,0.1296918912459811,0.0,0.0,0.6977776480313894,0.0,0.0,0.0,0.0,0.0,0.0,0.0,0008
71031643,0.2814641254967983,0.0,0.0,0.0,0.0556885355076552,0.0,0.0,0.5400490799395691,0.0,0.0,0.1227982590559774,0.0,0.0,0.0,0.0,0008
71031654,0.4622231808225993,0.0,0.0,0.0886333099596133,0.1355374109423479,0.0,0.0,0.3136060982754393,0.0,0.0,0.0,0.0,0.0,0.0,0.0,0001
71031687,0.1547281707086747,0.0,0.0,0.0,0.0789443263891865,0.0,0.0,0.7663275029021387,0.0,0.0,0.0,0.0,0.0,0.0,0.0,0008
71031719,0.2490501933537243,0.0,0.0,0.0,0.1025462966238474,0.0,0.0,0.6484035100224282,0.0,0.0,0.0,0.0,0.0,0.0,0.0,0008
71031739,0.7397128740001286,0.0,0.0,0.2001507640016551,0.0601363619982161,0.0,0.0,0.0,0.0,0.0,0.0,0.0,0.0,0.0,0.0,0001
71031769,0.5412452461364774,0.0,0.0,0.0864859432230222,0.1418939212101951,0.0,0.0,0.2303748894303053,0.0,0.0,0.0,0.0,0.0,0.0,0.0,0001
71031785,0.915634845451239,0.0,0.0,0.0843651545487611,0.0,0.0,0.0,0.0,0.0,0.0,0.0,0.0,0.0,0.0,0.0,0001
71031838,0.227893351545309,0.0,0.0,0.0725533070317435,0.1552136051192955,0.0,0.0,0.5443397363036518,0.0,0.0,0.0,0.0,0.0,0.0,0.0,0008
71031849,0.2066889162434377,0.0,0.0,0.0,0.0967992384848894,0.0,0.0,0.6965118452716729,0.0,0.0,0.0,0.0,0.0,0.0,0.0,0008
71031850,0.0,0.0,0.0,0.0,0.0,0.0,0.0,0.0,0.0,0.0,0.0,0.2886556980993856,0.0754015403552781,0.5135175806610422,0.122425180884294,0014
71031855,0.7954838700273039,0.0,0.0,0.0,0.2045161299726961,0.0,0.0,0.0,0.0,0.0,0.0,0.0,0.0,0.0,0.0,0001
71031856,0.7858683212765608,0.0,0.0,0.0,0.1016243109996332,0.0,0.0,0.1125073677238059,0.0,0.0,0.0,0.0,0.0,0.0,0.0,0001
71031863,0.6260481752133983,0.0,0.0,0.3739518247866016,0.0,0.0,0.0,0.0,0.0,0.0,0.0,0.0,0.0,0.0,0.0,0001
71031870,0.545209292472562,0.0,0.0,0.0,0.1077934656609806,0.0,0.0,0.3469972418664573,0.0,0.0,0.0,0.0,0.0,0.0,0.0,0001
71031893,0.4795848532063729,0.0,0.0,0.0,0.0,0.0,0.0,0.4149038936395076,0.0,0.0,0.1055112531541194,0.0,0.0,0.0,0.0,0001
71031911,1.0,0.0,0.0,0.0,0.0,0.0,0.0,0.0,0.0,0.0,0.0,0.0,0.0,0.0,0.0,0001
71031922,0.2928130649506681,0.0,0.0,0.0,0.1188537292021751,0.0,0.0,0.5883332058471568,0.0,0.0,0.0,0.0,0.0,0.0,0.0,0008
71031931,0.0,0.0,0.0,0.0,0.0,0.0,1.0,0.0,0.0,0.0,0.0,0.0,0.0,0.0,0.0,0007
71031965,0.2378918309999046,0.0,0.0,0.4678669607239496,0.0938125618845332,0.0,0.2004286463916126,0.0,0.0,0.0,0.0,0.0,0.0,0.0,0.0,0004
71031968,0.3673617597927164,0.0,0.0,0.0594123904309632,0.1957365365703538,0.0,0.0,0.3774893132059665,0.0,0.0,0.0,0.0,0.0,0.0,0.0,0008
71031975,0.5169869331481137,0.0,0.0,0.4070758514960637,0.0759372153558225,0.0,0.0,0.0,0.0,0.0,0.0,0.0,0.0,0.0,0.0,0001
71031986,0.5466003876370173,0.0,0.0,0.0804837416791705,0.1150136058932906,0.0,0.0,0.2579022647905215,0.0,0.0,0.0,0.0,0.0,0.0,0.0,0001
71032024,0.4823798275505352,0.0,0.0867343350961533,0.4308858373533115,0.0,0.0,0.0,0.0,0.0,0.0,0.0,0.0,0.0,0.0,0.0,0001
71032048,0.4995152875983546,0.0,0.0,0.5004847124016454,0.0,0.0,0.0,0.0,0.0,0.0,0.0,0.0,0.0,0.0,0.0,0004
71032073,0.3887168911872773,0.0,0.0,0.0,0.077400976512727,0.0,0.0,0.5338821322999956,0.0,0.0,0.0,0.0,0.0,0.0,0.0,0008
71032089,0.0,0.0,0.0,0.171477600114396,0.1175724808481282,0.0,0.7109499190374757,0.0,0.0,0.0,0.0,0.0,0.0,0.0,0.0,0007
71032090,0.5691273963149438,0.0,0.0,0.0,0.078713899525053,0.0,0.0,0.3521587041600032,0.0,0.0,0.0,0.0,0.0,0.0,0.0,0001
71032095,0.0,0.0,0.0,0.0787097301838979,0.0,0.0,0.921290269816102,0.0,0.0,0.0,0.0,0.0,0.0,0.0,0.0,0007
71032102,0.467631886782246,0.0,0.0,0.0,0.0729855438408185,0.0,0.0,0.4593825693769354,0.0,0.0,0.0,0.0,0.0,0.0,0.0,0001
71032106,0.1317568692371326,0.0,0.0,0.0,0.0,0.0,0.0,0.6152570145119586,0.0,0.0,0.2529861162509088,0.0,0.0,0.0,0.0,0008
71032109,0.3195770486117669,0.0,0.1190289882891425,0.4366418857029496,0.0,0.0,0.1247520773961409,0.0,0.0,0.0,0.0,0.0,0.0,0.0,0.0,0004
71032117,0.3339764004639565,0.0,0.0,0.1608656582303937,0.19333183141165,0.0,0.0,0.3118261098939996,0.0,0.0,0.0,0.0,0.0,0.0,0.0,0001
71032185,0.1605243808042648,0.0,0.0,0.0,0.0,0.0,0.0,0.4744962233328686,0.0,0.1031200363677879,0.2618593594950786,0.0,0.0,0.0,0.0,0008
71032200,0.0,0.0,0.0,0.0558430979338857,0.0534535532364672,0.0,0.8320452578252984,0.0,0.0,0.0586580910043486,0.0,0.0,0.0,0.0,0.0,0007
71032217,0.308134458227644,0.0,0.0,0.0,0.1574436514347277,0.0,0.0,0.4739601588339638,0.0,0.0,0.0604617315036643,0.0,0.0,0.0,0.0,0008
71032233,0.2819387936642751,0.0,0.0,0.0,0.0733613231643011,0.0,0.0,0.6446998831714236,0.0,0.0,0.0,0.0,0.0,0.0,0.0,0008
71032259,0.7202470790542158,0.0,0.0,0.0,0.2797529209457842,0.0,0.0,0.0,0.0,0.0,0.0,0.0,0.0,0.0,0.0,0001
71032265,0.6058364811919175,0.0,0.0,0.3941635188080826,0.0,0.0,0.0,0.0,0.0,0.0,0.0,0.0,0.0,0.0,0.0,0001
71032269,0.1838194273521314,0.0,0.0,0.0,0.0761253230785298,0.0,0.0,0.7400552495693387,0.0,0.0,0.0,0.0,0.0,0.0,0.0,0008
71032287,0.3377424262757489,0.0,0.0,0.0,0.1591250430927566,0.0,0.0,0.5031325306314944,0.0,0.0,0.0,0.0,0.0,0.0,0.0,0008
71032292,0.104716268858372,0.0,0.0,0.0,0.0705097500618407,0.0,0.0,0.7423456958908555,0.0,0.0,0.0824282851889317,0.0,0.0,0.0,0.0,0008
71032377,0.0,0.0,0.0,0.0955194269367608,0.0,0.0,0.9044805730632391,0.0,0.0,0.0,0.0,0.0,0.0,0.0,0.0,0007
71032379,0.0,0.0,0.0,0.0,0.0,0.0,1.0,0.0,0.0,0.0,0.0,0.0,0.0,0.0,0.0,0007
71032380,0.5001559048923788,0.0,0.0,0.1276349660479425,0.3025863887371776,0.0,0.0,0.069622740322501,0.0,0.0,0.0,0.0,0.0,0.0,0.0,0001
71032409,0.2265943940887421,0.0,0.0,0.0632776270877873,0.1158837892282399,0.0,0.0,0.5942441895952305,0.0,0.0,0.0,0.0,0.0,0.0,0.0,0008
71032422,0.2250502864501773,0.0,0.0,0.0,0.1119874856810311,0.0,0.0,0.6629622278687914,0.0,0.0,0.0,0.0,0.0,0.0,0.0,0008
71032440,0.3525590694876872,0.0,0.0,0.0,0.066324037284181,0.0,0.0,0.4778606978657711,0.0,0.0,0.1032561953623606,0.0,0.0,0.0,0.0,0008
71032455,0.6789519074040555,0.0,0.0,0.0876778637180294,0.233370228877915,0.0,0.0,0.0,0.0,0.0,0.0,0.0,0.0,0.0,0.0,0001
71032479,0.1473814984729441,0.0,0.1088823802928384,0.4333531356176214,0.0,0.0,0.3103829856165961,0.0,0.0,0.0,0.0,0.0,0.0,0.0,0.0,0004
71032486,0.2633914528408408,0.0,0.0,0.3776100204894425,0.0554370576163185,0.0,0.303561469053398,0.0,0.0,0.0,0.0,0.0,0.0,0.0,0.0,0004
71032492,0.4141479330101162,0.0,0.1843770490331748,0.4014750179567089,0.0,0.0,0.0,0.0,0.0,0.0,0.0,0.0,0.0,0.0,0.0,0001
71032531,0.526402190093374,0.0,0.0,0.369514689349016,0.1040831205576099,0.0,0.0,0.0,0.0,0.0,0.0,0.0,0.0,0.0,0.0,0001
71032535,0.466360403149252,0.0,0.0,0.2731008822191664,0.2605387146315816,0.0,0.0,0.0,0.0,0.0,0.0,0.0,0.0,0.0,0.0,0001
71032574,0.2139572482556596,0.0,0.0,0.0,0.0886421237068201,0.0,0.0,0.6974006280375202,0.0,0.0,0.0,0.0,0.0,0.0,0.0,0008
71032580,0.2155010243917562,0.0,0.0,0.0872420935508796,0.1478730536232045,0.0,0.0,0.5493838284341597,0.0,0.0,0.0,0.0,0.0,0.0,0.0,0008
71032602,0.2182773614742674,0.0,0.0,0.1014027475393156,0.2377696470766138,0.0,0.0,0.4425502439098031,0.0,0.0,0.0,0.0,0.0,0.0,0.0,0008
71032618,0.5272624451577935,0.0,0.0,0.2820064871570897,0.1381443737501098,0.0525866939350068,0.0,0.0,0.0,0.0,0.0,0.0,0.0,0.0,0.0,0001
71032632,0.5889822866785941,0.0,0.0,0.2301064326462901,0.1809112806751156,0.0,0.0,0.0,0.0,0.0,0.0,0.0,0.0,0.0,0.0,0001
71032649,0.0,0.0,0.0,0.0995490483826908,0.0,0.0,0.8438081241257275,0.0,0.0566428274915815,0.0,0.0,0.0,0.0,0.0,0.0,0007
71032673,0.1102338890341754,0.0,0.0,0.3182406386584912,0.071478574371526,0.0,0.5000468979358073,0.0,0.0,0.0,0.0,0.0,0.0,0.0,0.0,0007
71032682,0.6256965930019202,0.0,0.0,0.1876578469109438,0.1233414609744233,0.0,0.0,0.0633040991127127,0.0,0.0,0.0,0.0,0.0,0.0,0.0,0001
71032683,0.2532516109790649,0.0,0.0,0.0736621612141918,0.2821994501253271,0.0,0.0,0.390886777681416,0.0,0.0,0.0,0.0,0.0,0.0,0.0,0008
71032795,0.2693024517710006,0.0,0.0798686598082707,0.5888344120716833,0.0619944763490455,0.0,0.0,0.0,0.0,0.0,0.0,0.0,0.0,0.0,0.0,0004
71032802,0.4205852201430768,0.0,0.0,0.0724996261865601,0.2391805365416661,0.0,0.0,0.2677346171286968,0.0,0.0,0.0,0.0,0.0,0.0,0.0,0001
71032804,0.0,0.0,0.0,0.0702682026438523,0.0,0.0,0.9297317973561476,0.0,0.0,0.0,0.0,0.0,0.0,0.0,0.0,0007
71032823,0.2277791148500575,0.0,0.0,0.2711747739115104,0.1829435232492155,0.0,0.3181025879892163,0.0,0.0,0.0,0.0,0.0,0.0,0.0,0.0,0007
71032838,0.5224904471000693,0.0,0.0,0.0534382812489766,0.158476228402581,0.0,0.0,0.265595043248373,0.0,0.0,0.0,0.0,0.0,0.0,0.0,0001
71032842,0.0,0.0,0.0,0.0,0.0,0.0,0.8933927536847612,0.0,0.1066072463152388,0.0,0.0,0.0,0.0,0.0,0.0,0007
71032859,0.3602619124937696,0.0,0.0,0.304124758852591,0.2748696630114075,0.0607436656422317,0.0,0.0,0.0,0.0,0.0,0.0,0.0,0.0,0.0,0001
71032896,0.1822845873273446,0.0,0.0912263088520505,0.6457735015144065,0.0807156023061984,0.0,0.0,0.0,0.0,0.0,0.0,0.0,0.0,0.0,0.0,0004
71032903,0.0681632795002463,0.0,0.0,0.1550854058642348,0.0,0.0,0.7767513146355189,0.0,0.0,0.0,0.0,0.0,0.0,0.0,0.0,0007
71032914,0.5501566854122475,0.0,0.0,0.3390285625683336,0.1108147520194189,0.0,0.0,0.0,0.0,0.0,0.0,0.0,0.0,0.0,0.0,0001
71032972,0.1935256182634069,0.0,0.0904569020740782,0.5512407790137028,0.11035515449213,0.0544215461566819,0.0,0.0,0.0,0.0,0.0,0.0,0.0,0.0,0.0,0004
71032973,0.788399191226084,0.0,0.0,0.0690747949767574,0.0862710822457985,0.0,0.0,0.05625493155136,0.0,0.0,0.0,0.0,0.0,0.0,0.0,0001
71033026,0.4400333185340767,0.0,0.0,0.3659962288070062,0.193970452658917,0.0,0.0,0.0,0.0,0.0,0.0,0.0,0.0,0.0,0.0,0001
71033035,0.0,0.0,0.0,0.4529549923500449,0.0,0.0,0.5470450076499551,0.0,0.0,0.0,0.0,0.0,0.0,0.0,0.0,0007
71033120,0.7810327184457649,0.0,0.0,0.128202464160992,0.0907648173932429,0.0,0.0,0.0,0.0,0.0,0.0,0.0,0.0,0.0,0.0,0001
71033126,0.0,0.0,0.0,0.0,0.0,0.0,0.925104979891254,0.0,0.0748950201087459,0.0,0.0,0.0,0.0,0.0,0.0,0007
71033183,0.0,0.0,0.0,0.0,0.0,0.0,0.8377615169140589,0.0,0.0945468591504715,0.0676916239354696,0.0,0.0,0.0,0.0,0.0,0007
71033247,0.0,0.0,0.0,0.1155566293436504,0.0,0.0,0.8270204967123019,0.0,0.0574228739440476,0.0,0.0,0.0,0.0,0.0,0.0,0007
71033313,0.0,0.0,0.0,0.1216211236888883,0.0,0.0,0.8783788763111117,0.0,0.0,0.0,0.0,0.0,0.0,0.0,0.0,0007
71033318,0.0,0.0,0.0,0.0768839845745709,0.0,0.0,0.9231160154254292,0.0,0.0,0.0,0.0,0.0,0.0,0.0,0.0,0007
71033334,0.4724633225499821,0.0,0.0,0.3300971051309473,0.0800377061912676,0.1174018661278028,0.0,0.0,0.0,0.0,0.0,0.0,0.0,0.0,0.0,0001
71033362,0.1320793203760832,0.0,0.0,0.3814048271753899,0.0,0.0804845465615522,0.4060313058869744,0.0,0.0,0.0,0.0,0.0,0.0,0.0,0.0,0007
71033367,0.0,0.0,0.0,0.0,0.0,0.0,1.0,0.0,0.0,0.0,0.0,0.0,0.0,0.0,0.0,0007
71034975,0.0,0.0,0.0,0.0876264497711039,0.2396882422217545,0.0,0.590832310253601,0.0,0.0818529977535406,0.0,0.0,0.0,0.0,0.0,0.0,0007
71035002,0.0,0.0,0.0,0.1952990729954562,0.4257665328297977,0.0,0.3789343941747459,0.0,0.0,0.0,0.0,0.0,0.0,0.0,0.0,0005
71035044,0.0,0.0,0.0,0.2574278626362377,0.4880722760140168,0.0,0.2544998613497454,0.0,0.0,0.0,0.0,0.0,0.0,0.0,0.0,0005
71035105,0.0,0.0,0.0,0.6236394050914439,0.3763605949085561,0.0,0.0,0.0,0.0,0.0,0.0,0.0,0.0,0.0,0.0,0004
71035129,0.1037873312967327,0.0,0.0,0.6641924826572175,0.2320201860460497,0.0,0.0,0.0,0.0,0.0,0.0,0.0,0.0,0.0,0.0,0004
71035166,0.0987828383106938,0.0,0.0,0.7010021001617959,0.2002150615275104,0.0,0.0,0.0,0.0,0.0,0.0,0.0,0.0,0.0,0.0,0004
71035238,0.5696155409555819,0.0,0.0,0.062616494984601,0.1078412316567925,0.0,0.0,0.2599267324030245,0.0,0.0,0.0,0.0,0.0,0.0,0.0,0001
71035289,0.5780277510251334,0.0,0.0,0.2360966902808422,0.109441056977933,0.0,0.0,0.0764345017160912,0.0,0.0,0.0,0.0,0.0,0.0,0.0,0001
71035337,0.6448069539257438,0.0,0.0,0.0790988061736345,0.0715971246949103,0.0,0.0,0.2044971152057112,0.0,0.0,0.0,0.0,0.0,0.0,0.0,0001
71035349,0.0,0.0,0.0,0.1113796434009532,0.4282074958000382,0.0,0.4604128607990085,0.0,0.0,0.0,0.0,0.0,0.0,0.0,0.0,0007
71035360,0.7255515021524657,0.0,0.0,0.0548601230107876,0.1321143116626883,0.0,0.0,0.0874740631740584,0.0,0.0,0.0,0.0,0.0,0.0,0.0,0001
71035362,0.3390378116463428,0.0,0.0,0.4927505930311084,0.1682115953225487,0.0,0.0,0.0,0.0,0.0,0.0,0.0,0.0,0.0,0.0,0004
71035480,0.5074436619842745,0.0,0.0,0.0993515964071595,0.2158546350872578,0.0,0.0,0.1773501065213081,0.0,0.0,0.0,0.0,0.0,0.0,0.0,0001
71035677,0.7311152581371967,0.0,0.0,0.087773436599354,0.1183814360822284,0.0,0.0,0.0627298691812208,0.0,0.0,0.0,0.0,0.0,0.0,0.0,0001
71035692,0.5232161106101654,0.0,0.0,0.0794385127417088,0.1335516037762798,0.0,0.0,0.2637937728718458,0.0,0.0,0.0,0.0,0.0,0.0,0.0,0001
71035771,0.6588743250813214,0.0,0.0,0.0695877563114923,0.1071180135973453,0.0,0.0,0.164419905009841,0.0,0.0,0.0,0.0,0.0,0.0,0.0,0001
71035810,0.0,0.0,0.0,0.4404942117162641,0.4282849893319557,0.0,0.1312207989517801,0.0,0.0,0.0,0.0,0.0,0.0,0.0,0.0,0004
71035831,0.1219470692998851,0.0,0.0,0.0,0.0,0.0,0.0,0.0,0.0,0.8780529307001148,0.0,0.0,0.0,0.0,0.0,0010
71035895,0.6674051249097599,0.0,0.0,0.0579984548481973,0.0981059138210529,0.0,0.0,0.1764905064209899,0.0,0.0,0.0,0.0,0.0,0.0,0.0,0001
71035930,0.0,0.0,0.0,0.3626140265099851,0.3525702441889476,0.0,0.2848157293010673,0.0,0.0,0.0,0.0,0.0,0.0,0.0,0.0,0004
71035946,0.6009383713805136,0.0,0.0,0.0,0.0732551208375112,0.0,0.0,0.1075481134774733,0.0,0.2182583943045018,0.0,0.0,0.0,0.0,0.0,0001
71035979,0.6084523676446532,0.0,0.0,0.0,0.0629994164746361,0.0,0.0,0.1679730669808598,0.0,0.1605751488998508,0.0,0.0,0.0,0.0,0.0,0001
71036085,0.1446322077167199,0.0,0.0,0.7969539283624856,0.0584138639207945,0.0,0.0,0.0,0.0,0.0,0.0,0.0,0.0,0.0,0.0,0004
71036096,0.5716590104337763,0.0,0.0,0.0,0.1623980736149591,0.0,0.0,0.1182407755293172,0.0,0.1477021404219472,0.0,0.0,0.0,0.0,0.0,0001
71036098,0.7650342299019325,0.0,0.0,0.0609769020503184,0.0721227028882288,0.0,0.0,0.1018661651595203,0.0,0.0,0.0,0.0,0.0,0.0,0.0,0001
71036132,0.8922935327552237,0.0,0.0,0.0,0.1077064672447763,0.0,0.0,0.0,0.0,0.0,0.0,0.0,0.0,0.0,0.0,0001
71036170,0.6995941895641385,0.0,0.0,0.0601614333647022,0.0918319888488233,0.0,0.0,0.1484123882223357,0.0,0.0,0.0,0.0,0.0,0.0,0.0,0001
71036194,0.0,0.0,0.0,0.6651241440206836,0.3348758559793163,0.0,0.0,0.0,0.0,0.0,0.0,0.0,0.0,0.0,0.0,0004
71036211,0.392015303469959,0.0,0.0,0.0,0.0905502207383925,0.0,0.0,0.2763817521587919,0.0,0.2410527236328565,0.0,0.0,0.0,0.0,0.0,0001
71036250,0.9399332702952468,0.0,0.0,0.0600667297047531,0.0,0.0,0.0,0.0,0.0,0.0,0.0,0.0,0.0,0.0,0.0,0001
71036324,0.8770299913032393,0.0,0.0,0.0,0.0,0.0,0.0,0.1229700086967607,0.0,0.0,0.0,0.0,0.0,0.0,0.0,0001
71036389,0.4311040162354654,0.0,0.0,0.0,0.1629461116022136,0.0,0.0,0.4059498721623209,0.0,0.0,0.0,0.0,0.0,0.0,0.0,0001
71036422,0.2635519748294659,0.0,0.0,0.6180055695982365,0.1184424555722975,0.0,0.0,0.0,0.0,0.0,0.0,0.0,0.0,0.0,0.0,0004
71036466,0.8365711492295321,0.0,0.0,0.0746478677014926,0.0887809830689752,0.0,0.0,0.0,0.0,0.0,0.0,0.0,0.0,0.0,0.0,0001
71037058,0.866748737487527,0.0,0.0,0.0,0.1332512625124729,0.0,0.0,0.0,0.0,0.0,0.0,0.0,0.0,0.0,0.0,0001
71037075,0.8135547162756827,0.0,0.0,0.0579206111316635,0.0633507648704288,0.0,0.0,0.0651739077222248,0.0,0.0,0.0,0.0,0.0,0.0,0.0,0001
71037191,0.6930216560146838,0.0,0.0,0.0781313561662601,0.0725107804945176,0.0,0.0,0.1563362073245384,0.0,0.0,0.0,0.0,0.0,0.0,0.0,0001
71037229,0.1110235235886472,0.0,0.0,0.7780876486048598,0.1108888278064929,0.0,0.0,0.0,0.0,0.0,0.0,0.0,0.0,0.0,0.0,0004
71037254,0.6053874165535869,0.0,0.0,0.0,0.2252072676199989,0.0,0.0,0.169405315826414,0.0,0.0,0.0,0.0,0.0,0.0,0.0,0001
71037321,0.4970020119704732,0.0,0.0,0.3524148580673428,0.1505831299621838,0.0,0.0,0.0,0.0,0.0,0.0,0.0,0.0,0.0,0.0,0001
71037334,0.9322881648559962,0.0,0.0,0.0677118351440038,0.0,0.0,0.0,0.0,0.0,0.0,0.0,0.0,0.0,0.0,0.0,0001
71037400,0.1767096434399144,0.0,0.0,0.5321162954369325,0.291174061123153,0.0,0.0,0.0,0.0,0.0,0.0,0.0,0.0,0.0,0.0,0004
71037433,0.6269130158317086,0.0,0.0,0.0,0.1131799706263748,0.0,0.0,0.2599070135419166,0.0,0.0,0.0,0.0,0.0,0.0,0.0,0001
71037546,0.0,0.0,0.0,0.5011042776042258,0.4988957223957742,0.0,0.0,0.0,0.0,0.0,0.0,0.0,0.0,0.0,0.0,0004
71037612,0.0702678070899891,0.0,0.0,0.6302444982241164,0.2994876946858943,0.0,0.0,0.0,0.0,0.0,0.0,0.0,0.0,0.0,0.0,0004
71037682,0.5200962603576414,0.0,0.0,0.2200224705740416,0.097751005563856,0.0,0.0,0.1621302635044608,0.0,0.0,0.0,0.0,0.0,0.0,0.0,0001
71037762,0.7252330745142229,0.0,0.0,0.0799390862086609,0.0,0.0,0.0,0.1948278392771162,0.0,0.0,0.0,0.0,0.0,0.0,0.0,0001
71037815,0.0,0.0,0.0,0.6682270897106783,0.3317729102893217,0.0,0.0,0.0,0.0,0.0,0.0,0.0,0.0,0.0,0.0,0004
71037856,0.4187372285523764,0.0,0.0,0.2256265624288316,0.1317565513987453,0.0,0.0,0.2238796576200466,0.0,0.0,0.0,0.0,0.0,0.0,0.0,0001
71037879,0.6168495215809333,0.0,0.0,0.3006374196182485,0.0825130588008182,0.0,0.0,0.0,0.0,0.0,0.0,0.0,0.0,0.0,0.0,0001
71037949,0.6155133821759923,0.0,0.0,0.3844866178240076,0.0,0.0,0.0,0.0,0.0,0.0,0.0,0.0,0.0,0.0,0.0,0001
71037968,0.0,0.0,0.0,0.1477506821990642,0.3094696768702099,0.0,0.5427796409307258,0.0,0.0,0.0,0.0,0.0,0.0,0.0,0.0,0007
71037977,0.4887179830324972,0.0,0.0,0.1007672303597734,0.135727883810184,0.0,0.0,0.2747869027975453,0.0,0.0,0.0,0.0,0.0,0.0,0.0,0001
71037990,0.7254182461216478,0.0,0.0,0.1827241817931021,0.0918575720852499,0.0,0.0,0.0,0.0,0.0,0.0,0.0,0.0,0.0,0.0,0001
71038014,0.5699469836221963,0.0,0.0,0.0613383132622677,0.1494984915728831,0.0,0.0,0.2192162115426528,0.0,0.0,0.0,0.0,0.0,0.0,0.0,0001
71038064,0.2881291518938187,0.0,0.0,0.5110896336766559,0.2007812144295253,0.0,0.0,0.0,0.0,0.0,0.0,0.0,0.0,0.0,0.0,0004
71038127,0.0,0.0,0.0,0.0,0.0,0.0,0.0,0.0,0.0,0.0,0.0,0.1083233333285653,0.0790797040850406,0.6420254260591364,0.1705715365272576,0014
71038233,0.8539059990268894,0.0,0.0,0.0,0.0,0.0,0.0,0.1460940009731107,0.0,0.0,0.0,0.0,0.0,0.0,0.0,0001
71038278,0.5747698404746343,0.0,0.0,0.0581859505351906,0.1019421921086687,0.0,0.0,0.2651020168815061,0.0,0.0,0.0,0.0,0.0,0.0,0.0,0001
71038383,0.2586209655647708,0.0,0.0,0.0,0.0945538936879225,0.0,0.0,0.5606237436799889,0.0,0.0,0.0862013970673178,0.0,0.0,0.0,0.0,0008
71038637,0.4872094995223207,0.0,0.0,0.1272202005739377,0.1034940065261871,0.0,0.0,0.2820762933775544,0.0,0.0,0.0,0.0,0.0,0.0,0.0,0001
71038722,0.4929212958683185,0.0,0.0,0.0,0.0817848462716606,0.0,0.0,0.4252938578600209,0.0,0.0,0.0,0.0,0.0,0.0,0.0,0001
71038826,0.3689457563194518,0.0,0.0,0.0525502601048336,0.121507845727946,0.0,0.0,0.4569961378477685,0.0,0.0,0.0,0.0,0.0,0.0,0.0,0008
71038844,0.5259362325686651,0.0,0.0,0.060765750600142,0.0792188581219793,0.0,0.0,0.3340791587092135,0.0,0.0,0.0,0.0,0.0,0.0,0.0,0001
71038890,0.4194616421171586,0.0,0.0,0.0,0.1936784499275612,0.0,0.0,0.3868599079552803,0.0,0.0,0.0,0.0,0.0,0.0,0.0,0001
71038901,0.4465608048336483,0.0,0.0,0.0,0.1081417387126948,0.0,0.0,0.4452974564536568,0.0,0.0,0.0,0.0,0.0,0.0,0.0,0001
71038946,0.373162386776903,0.0,0.0,0.096809174312712,0.1302724725499041,0.0,0.0,0.3997559663604808,0.0,0.0,0.0,0.0,0.0,0.0,0.0,0008
71038961,0.3077700371167332,0.0,0.0,0.0,0.1135631803159782,0.0,0.0,0.355756350951316,0.0,0.0803824305270544,0.1425280010889181,0.0,0.0,0.0,0.0,0008
71039048,0.3146221952545801,0.0,0.0,0.0,0.1732794541804683,0.0,0.0,0.5120983505649516,0.0,0.0,0.0,0.0,0.0,0.0,0.0,0008
71039109,0.2642651607668265,0.0,0.0,0.0846402341725995,0.1600798098676108,0.0,0.0,0.491014795192963,0.0,0.0,0.0,0.0,0.0,0.0,0.0,0008
71039121,0.3187075298582815,0.0,0.0,0.0870571483299729,0.1052984910663808,0.0,0.0,0.4889368307453648,0.0,0.0,0.0,0.0,0.0,0.0,0.0,0008
71039250,0.5071477871564007,0.0,0.0,0.0,0.0958688772919319,0.0,0.0,0.3969833355516674,0.0,0.0,0.0,0.0,0.0,0.0,0.0,0001
71039266,0.328791466359611,0.0,0.0,0.0,0.0938992906050925,0.0,0.0,0.4621665919027724,0.0,0.115142651132524,0.0,0.0,0.0,0.0,0.0,0008
