COMID,lat,lon,frac_1,frac_2,frac_3,frac_4,frac_5,frac_6,frac_7,frac_8,frac_9,frac_10,frac_11,frac_12,frac_13,frac_14,frac_15,frac_16,frac_17,frac_18,frac_19
71022153,52.27606304,-113.8689662,0.006206322,0,0,0,0.000327857,0.00733254,0,0.062492397,0,0.049843524,0,0,0,0.022871565,0.412466347,0.007824737,0.383277506,0.047357175,0
71022160,52.15327494,-113.9637182,0.020159787,0,0,0,0.00040108,0.009748237,0,0.048052534,0,0.034741111,0,0,0,0.013718119,0.77396512,0.003115122,0.046311859,0.049787108,0
71022164,52.07102472,-114.0409003,0.028956298,0,0,0,0,0.001581044,0,0.035505563,0,0.023226283,0,0,0,0.028272714,0.794069529,0.002698859,0.032636516,0.0530532,0
71022165,52.06276679,-114.0697212,0.10005787,0,0,0,0,0.001018977,0,0.01730926,0,0.049464066,0,0,0,0.062767357,0.662400961,0,0.011229233,0.095752269,0
71022168,52.05405671,-114.0967589,0.032444172,0,0,0,0,0,0,0.018457109,0,0.02085723,0,0,0,0.019094897,0.849063396,0.002225131,0.014909497,0.042948529,0
71022170,52.05117433,-114.1287977,0.03162884,0,0,0,0,0,0,0.01292525,0,0.057754856,0,0,0,0.038634669,0.781091034,0.009187586,0.033549342,0.035228446,0
71022198,52.03241609,-114.2582534,0.032381184,0,0,0,0.000149908,0.012025908,0,0.058478817,0,0.031779021,0,0,0,0.033916257,0.527721107,0.007282406,0.0451729,0.251092523,0
71022209,52.04889234,-114.3941099,0.127819583,0,0,0,0.00085981,0.006800625,0,0.042884517,0,0.040810585,0,0,0,0.023300311,0.72211957,0,0.03438881,0.001016185,0
71022220,52.06330829,-114.4630133,0.097285755,0,0,0,0,0.004094403,0,0.121218503,0,0.041222744,0,0,0,0.097134501,0.570843995,0.000587105,0.042048093,0.025564911,0
71022225,52.07641511,-114.5129113,0.255300403,0,0,0,0,0.007743748,0,0.107191257,0,0.030871315,0,0,0,0.212535307,0.354037613,0,0.032084577,0.000235755,0
71022242,52.08646206,-114.6038891,0.091716357,0,0,0,0.002335393,0.01967812,0,0.132007599,0,0.028937731,0,0,0,0.073934346,0.610289216,0.00311516,0.03446858,0.003517483,0
71022248,52.07640393,-114.6498673,0.039448373,0,0,0,0,0.001623102,0,0.110890307,0,0.016501535,0,0,0,0.020635821,0.785982966,0,0.024917893,0,0
71022253,52.06235369,-114.6707615,0.12630333,0,0,0,0.001296426,0.034529213,0,0.148098305,0,0.013566307,0,0,0,0.027015217,0.584591925,0,0.064599283,0,0
71022302,52.0388888,-114.1576423,0.013757654,0,0,0,0,0.005690314,0,0.034373537,0,0.00535744,0,0,0,0.003666414,0.87804991,0,0.035274766,0.02382995,0
71022305,52.01553514,-114.1408413,0.031596448,0,0,0,0,0.016260942,0,0.04255221,0,0.019587962,0,0,0,0.004313113,0.848042071,0,0.016230974,0.02141629,0
71022365,51.99419197,-114.2183925,0.080799282,0,0,0,0,0.004261721,0,0.104491055,0,0.040884756,0,0,0,0.083610296,0.587311387,0.004262767,0.037931919,0.056446757,0
71022407,51.96426357,-114.1224291,0.003417623,0,0,0,0,0.002335792,0,0.095048741,0,0.039726067,0,0,0,0.007077597,0.805530429,0.000243774,0.036097039,0.010522917,0
71022409,52.01386515,-114.9499575,0.382532358,0,0,0,0.000115381,0.012276578,0,0.192486465,0,0.098180011,0,0,0,0.071327634,0.209658355,0.001022577,0.03077561,0.001625061,0
71022426,52.02215295,-114.0012568,0.019208198,0,0,0,0,0.002498328,0,0.08306808,0,0.062992506,0,0,0,0.022251729,0.606497943,0.001255592,0.179953426,0.022274198,0
71022435,51.95022286,-114.1666607,0.08051911,0,0,0,0.000721682,0.011496451,0,0.154819801,0,0.055869263,0,0,0,0.038701102,0.535654426,0,0.033563558,0.088654555,0
71022444,51.9884542,-114.0606594,0.002722498,0,0,0,0,0.000555748,0,0.033891354,0,0.017443573,0,0,0,0.005689557,0.863913476,0.000413547,0.069704913,0.005665279,0
71022454,51.9913161,-114.3923127,0.092153259,0,0,0,0,0.007038696,0,0.123614684,0,0.078625076,0,0,0,0.093119681,0.510856748,0.022819823,0.028621536,0.043150503,0
71022635,52.09301888,-114.12201,0.034644362,0,0,0,0,0,0,0.024798276,0,0.031485461,0,0,0,0.024538804,0.822582781,0,0.032109622,0.029840741,0
71022639,52.11195278,-114.1613583,0.009067664,0,0,0,0,0,0,0.061637614,0,0.07228671,0,0,0,0.004515465,0.775752842,0,0.023122264,0.053617451,0
71022647,52.11282682,-114.205379,0.003004322,0,0,0,0,0.000504999,0,0.05046007,0,0.037430111,0,0,0,0.010810331,0.840981781,0,0.049576338,0.007232059,0
71022661,52.17524894,-114.2181675,0.013204871,0,0,0,0,0.003956837,0,0.149937809,0,0.043412257,0,0,0,0.033060402,0.678319693,0,0.044149842,0.033958316,0
71022679,52.20023364,-114.2571332,0.022488074,0,0,0,0,0,0,0.07659632,0,0.017195215,0,0,0,0.014678237,0.789142787,0,0.027586857,0.052312527,0
71022693,52.24140083,-114.2552721,0.004341822,0,0,0,0,0,0,0.030604372,0,0.006038589,0,0,0,0.008512668,0.863550961,0,0.047200043,0.039751645,0
71022754,52.29505365,-114.2720733,0.003316237,0,0,0,0.000145131,0.003689163,0,0.030456251,0,0.019396184,0,0,0,0.005180477,0.839814603,0.000323734,0.069396436,0.028281705,0
71022780,52.32136998,-114.3538491,0.007170775,0,0,0,0,0.002040355,0,0.03704308,0,0.02541142,0,0,0,0.004557809,0.824757814,0.001202917,0.066900834,0.030914931,0
71022911,52.4046048,-114.3440685,0.004807008,0,0,0,0.002630677,0.022355229,0,0.090737097,0,0.034729596,0,0,0,0.012863183,0.751403451,0.0004576,0.063587002,0.016429178,0
71022945,52.46458333,-114.4052182,0.041556608,0,0,0,0,0.022369351,0,0.114691474,0,0.049970664,0,0,0,0.078571729,0.612701118,0.001730947,0.075379014,0.003029157,0
71022992,52.49747649,-114.4298666,0.010899848,0,0,0,0.000182743,0.020281626,0,0.09125682,0,0.030878102,0,0,0,0.054077234,0.707221627,3.97E-05,0.054511134,0.030651174,0
71023020,52.36138566,-114.4344543,0.005782772,0,0,0,0.009283966,0.013460115,0,0.086989649,0,0.028114403,0,0,0,0.011429952,0.763773739,0.000614708,0.070700988,0.009849697,0
71023103,52.36448014,-114.534537,0.035578609,0,0,0,5.73E-05,0.009073807,0,0.099905498,0,0.026097067,0,0,0,0.030733867,0.757762969,0.001355347,0.035574775,0.003860685,0
71023104,52.52314687,-114.4630507,0.036975384,0,0,0,1.15E-05,0.017160295,0,0.071669705,0,0.033063419,0,0,0,0.042346284,0.738977015,0.00083191,0.05156697,0.007397469,0
71023181,52.56611929,-114.4927422,0.002119603,0,0,0,0.000632666,0.00294979,0,0.024621557,0,0.010279124,0,0,0,0.03062374,0.879772842,0.000576478,0.04535076,0.003073458,0
71023309,52.33419908,-114.5998172,0.023869995,0,0,0,0.000907329,0.012391217,0,0.100456797,0,0.031007832,0,0,0,0.038441658,0.732451737,0.001543914,0.049674124,0.009255402,0
71023477,52.62431317,-114.5026738,0.014156454,0,0,0,0.001646442,0.033627756,0,0.07364133,0,0.023884574,0,0,0,0.058298986,0.74759382,0,0.043535884,0.00361474,0
71023591,52.10256859,-114.5155967,0.025396371,0,0,0,0,0.000874398,0,0.095508859,0,0.022683272,0,0,0,0.048702966,0.769490063,0.000682831,0.034533516,0.00212774,0
71023606,52.27466012,-113.9486258,0.008328866,0,0,0,0.007357017,0.009108297,0,0.058396991,0,0.021256275,0,0,0,0.013501431,0.644016743,0.000317626,0.110002033,0.127714768,0
71023674,52.33062727,-114.669848,0.021721615,0,0,0,0,0.00952314,0,0.085851833,0,0.022594759,0,0,0,0.017251138,0.797846258,0.001365163,0.042698402,0.001147706,0
71023778,52.65504198,-114.5482367,0.013629679,0,0,0,0,0.08235316,0,0.121660933,0,0.024486516,0,0,0,0.03677436,0.664731324,0,0.051292583,0.005071447,0
71023889,52.2104283,-114.3137926,0.002246562,0,0,0,0.000432299,0.002302131,0,0.028291071,0,0.009458149,0,0,0,0.007058928,0.880229771,0.000102116,0.056462247,0.013416667,0
71023895,52.54707336,-114.5382878,0.035395827,0,0,0,0.007617901,0.055464994,0,0.1496225,0,0.029722923,0,0,0,0.063071899,0.619027197,0,0.036686063,0.003390687,0
71023936,52.70731239,-114.534709,0.12004111,0,0,0,0.038831741,0.107416168,0,0.155674562,0,0.022608845,0,0,0,0.100704178,0.404573441,0.000727119,0.036257911,0.013164959,0
71023982,52.29241439,-114.7094222,0.05889577,0,0,0,0.000572739,0.021934737,0,0.123666696,0,0.015307803,0,0,0,0.055763632,0.677723885,0.001431823,0.044157468,0.000545466,0
71023994,52.31255093,-114.0359108,0.000173636,0,0,0,0.008913371,0.02338686,0,0.050023183,0,0.013417311,0,0,0,0.005799622,0.560571671,0.001639893,0.147039786,0.189034626,0
71024080,52.136448,-114.5864494,0.096639164,0,0,0,0.00339082,0.032574955,0,0.213660777,0,0.02532992,0,0,0,0.047688853,0.533277988,0.001376785,0.03634575,0.00971497,0
71024082,52.39699335,-114.51445,0.001632386,0,0,0,0.004967624,0.008013533,0,0.094556861,0,0.018253049,0,0,0,0.010246189,0.796103418,0,0.066226944,0,0
71024128,52.44231613,-114.6777301,0.026514389,0,0,0,0.00201742,0.012432923,0,0.154794052,0,0.039299008,0,0,0,0.043987326,0.660204291,0.000681473,0.056888226,0.003180864,0
71024198,52.0629668,-114.2839901,0.00609797,0,0,0,0.0001819,0.002141616,0,0.050042424,0,0.022262769,0,0,0,0.007077641,0.851359367,0.001716141,0.058048964,0.00107119,0
71024229,52.24407763,-114.3929398,0.009395437,0,0,0,0.00120097,0.006407097,0,0.036130775,0,0.02098603,0,0,0,0.007206843,0.853462398,0.000237368,0.062747747,0.002225327,0
71024292,52.47538534,-114.482369,0.014799399,0,0,0,0.000601088,0.018630901,0,0.089976966,0,0.028862031,0,0,0,0.031897362,0.752866149,0.001075926,0.053604897,0.007685296,0
71024386,52.56225368,-114.4472829,0,0,0,0,0,0,0,0.009321832,0,0.008572569,0,0,0,0.003158724,0.924758673,0,0.053403165,0.000785003,0
71024448,52.00793775,-114.6954807,0.058842082,0,0,0,0.006074087,0.083404526,0,0.36166358,0,0.011475207,0,0,0,0.039195612,0.370495796,0.000691678,0.040515587,0.027641842,0
71024474,52.01749229,-114.7724872,0.141034514,0,0,0,0.008253443,0.133102253,0,0.36690557,0,0.015812751,0,0,0,0.082173832,0.193488449,0.000480468,0.035811331,0.022937374,0
71024483,52.01730126,-114.4745528,0.06254755,0,0,0,0.001182496,0.025121517,0,0.227866665,0,0.057411239,0,0,0,0.064779617,0.514087975,0.004475956,0.039802067,0.002724882,0
71024488,52.03927375,-114.5721938,0.105340958,0,0,0,0.003513755,0.036439661,0,0.214654058,0,0.025917934,0,0,0,0.079776205,0.495265931,0.001457821,0.031800542,0.005833124,0
71024578,52.11039949,-114.0731275,0.001134578,0,0,0,0.000177023,0,0,0.012191098,0,0.008729716,0,0,0,0.018403238,0.903739154,0.000543129,0.054854807,0.000227278,0
71024598,52.089596,-114.3995428,0.020314088,0,0,0,0.000103869,0.00678307,0,0.105873376,0,0.016871838,0,0,0,0.035267428,0.770609558,0,0.034933612,0.009243186,0
71024619,52.09678144,-114.7168235,0.087812275,0,0,0,0,0.003160829,0,0.082122013,0,0.025274377,0,0,0,0.045330755,0.689133167,0.003872276,0.059219424,0.004074877,0
71024720,52.12661795,-114.3847431,0.024025289,0,0,0,0.001479265,0.00940898,0,0.136351168,0,0.018574473,0,0,0,0.050631877,0.709155917,0.000803373,0.045492545,0.004077119,0
71024795,52.15553267,-114.5043861,0.056672391,0,0,0,0.001145869,0.025606737,0,0.161291093,0,0.010420863,0,0,0,0.086011678,0.611762404,0.000229684,0.034247756,0.012611494,0
71024843,52.13774835,-114.2884996,0.001224804,0,0,0,0.000290265,0.000813843,0,0.024229795,0,0.009549569,0,0,0,0.008649216,0.907317102,0.000134834,0.044872455,0.002918161,0
71024862,52.15421857,-114.697708,0.044178639,0,0,0,0.003295237,0.015423977,0,0.157647401,0,0.027608996,0,0,0,0.03930058,0.670859516,0.000775197,0.039407633,0.001502863,0
71024996,52.20348696,-114.1853344,0.003734517,0,0,0,7.24E-05,0.002590267,0,0.063322879,0,0.035863649,0,0,0,0.015266081,0.836034179,0,0.039541069,0.003574905,0
71025043,52.19000396,-114.3969938,0,0,0,0,0.00545088,0.009759054,0,0.053279359,0,0.008741015,0,0,0,0.003580449,0.853479564,0.000452393,0.065042987,0.000214291,0
71025044,52.21394806,-114.4908087,0.018307459,0,0,0,0.004232791,0.032315601,0,0.196487948,0,0.017470492,0,0,0,0.046910465,0.62768054,0,0.046310071,0.010284654,0
71025052,52.20559693,-114.6176306,0.083319679,0,0,0,0.000207026,0.014496828,0,0.143641979,0,0.027317137,0,0,0,0.077404834,0.592519879,0.00120058,0.037351225,0.02254081,0
71025086,52.19620777,-114.0811189,0.0017283,0,0,0,0.000227332,0.001795619,0,0.026818503,0,0.008543851,0,0,0,0.009423781,0.905957282,0.000773728,0.040253844,0.00447776,0
71025125,52.24609978,-114.7241454,0.09374664,0,0,0,0.002026441,0.021319944,0,0.166478992,0,0.020618631,0,0,0,0.136650205,0.475599259,0.001382469,0.02915588,0.053021573,0
71025142,52.25760654,-114.4898213,0.004671982,0,0,0,0.004574636,0.015563449,0,0.118490972,0,0.019591864,0,0,0,0.014876017,0.767393529,0.000357123,0.045931801,0.008548582,0
71025201,52.26465034,-114.0475366,0.001731956,0,0,0,0.002526662,0.00524891,0,0.031675313,0,0.010990261,0,0,0,0.004425476,0.723626852,0.000549157,0.048783962,0.170441389,0
71025219,52.26520515,-114.5943939,0.025972031,0,0,0,0.001074814,0.019936142,0,0.133637577,0,0.013773279,0,0,0,0.049904026,0.704671144,0.000514767,0.032617498,0.017898733,0
71025298,52.29292846,-114.4119418,0.011934071,0,0,0,0.000879174,0.00991133,0,0.067297921,0,0.022001565,0,0,0,0.010373144,0.812423646,0.001230122,0.050903857,0.013045209,0
71025323,52.29837618,-114.1418365,0.005228526,0,0,0,0.000245047,0.003603078,0,0.047194839,0,0.012860079,0,0,0,0.007340659,0.623631179,0.001923447,0.222857758,0.075115405,0
71025411,52.34355852,-114.2828641,0.007145497,0,0,0,0.000218421,0.001560152,0,0.0675449,0,0.028424166,0,0,0,0.020394146,0.804726124,0.000530452,0.047676444,0.021779725,0
71025440,52.3501704,-114.7781597,0.022870077,0,0,0,0.000616694,0.014261009,0,0.171195537,0,0.037536431,0,0,0,0.103402384,0.610345066,0.002116761,0.037656043,0,0
71025547,52.36919238,-114.1896929,0.001648881,0,0,0,0.013698088,0.04774214,0,0.053438473,0,0.012257089,0,0,0,0.007250338,0.469014615,0.000387487,0.041846778,0.352716118,0
71025568,52.42038285,-114.5966279,0.015393435,0,0,0,0.001131335,0.005707197,0,0.059148833,0,0.015576043,0,0,0,0.040237188,0.812685251,0.00079877,0.043445315,0.005876668,0
71025583,52.42145267,-114.8090515,0.078108199,0,0,0,0.000943914,0.013207122,0,0.145880729,0,0.043667339,0,0,0,0.108953528,0.550285637,0.003913567,0.045445371,0.009594614,0
71025693,52.43143039,-114.4581017,0.013582622,0,0,0,0.024865961,0.063808329,0,0.102519438,0,0.015237718,0,0,0,0.019907096,0.646128774,0.001455853,0.039120056,0.073374175,0
71025799,52.46292391,-114.6086354,0.059965238,0,0,0,0.009327868,0.055812418,0,0.199000567,0,0.03466836,0,0,0,0.036902286,0.550202429,0.001018534,0.045919675,0.007182644,0
71025839,52.46796101,-114.5376931,0.036722124,0,0,0,0.023585547,0.070088848,0,0.233126625,0,0.030694166,0,0,0,0.041286886,0.520660698,0.000651656,0.031737663,0.011445801,0
71025869,52.49206169,-114.3633685,0.006379917,0,0,0,0.01102726,0.024278499,0,0.065010846,0,0.021549672,0,0,0,0.028806308,0.777638853,0,0.06402915,0.001279502,0
71025911,52.50749058,-114.5695444,0.074529201,0,0,0,0.008521106,0.0931269,0,0.219531387,0,0.02885516,0,0,0,0.088194497,0.444116116,0.002106342,0.039056327,0.001962966,0
71026015,52.53473767,-114.8335818,0.259224534,0,0,0,0.005651058,0.075637519,0,0.204107717,0,0.022925757,0,0,0,0.105353661,0.298634022,0.002842399,0.023304749,0.002318614,0
71026036,52.55114866,-114.6580849,0.066184916,0,0,0,0.013596709,0.091464542,0,0.201323718,0,0.028659381,0,0,0,0.074766994,0.476781756,0.001221314,0.044961873,0.001038748,0
71026037,52.5493679,-114.7633392,0.10646458,0,0,0,0.004585947,0.066177607,0,0.178555042,0,0.02580449,0,0,0,0.07883513,0.495053023,0.001127388,0.042196535,0.001200289,0
71026134,52.56055783,-114.3889458,0.006182685,0,0,0,0.004694194,0.026858868,0,0.042577617,0,0.006081805,0,0,0,0.035945002,0.831469655,0,0.042964872,0.003225305,0
71026193,52.61076562,-114.4229927,0.030840302,0,0,0,0.001431116,0.037157211,0,0.055806365,0,0.016903503,0,0,0,0.054707494,0.753500402,0,0.04265327,0.007000289,0
71026196,52.60134809,-114.667914,0.061327916,0,0,0,0.082845032,0.139755651,0,0.240371555,0,0.015299939,0,0,0,0.097897038,0.31893146,0.000486949,0.040191926,0.002892478,0
71026344,52.64733813,-114.6633142,0.132104963,0,0,0,0.050166097,0.170802101,0,0.156457484,0,0.014874883,0,0,0,0.152954191,0.264940262,0.000797096,0.03934592,0.017556993,0
71026572,52.71784924,-114.68515,0.280489683,0,0,0,0.055768162,0.164903626,0,0.117923893,0,0.010292174,0,0,0,0.140834793,0.184561878,0.000124431,0.025748989,0.019352356,0
71026700,52.78582948,-114.6890143,0.395341158,0,0,0,0.081283949,0.230260298,0,0.07951048,0,0.00407232,0,0,0,0.143532693,0.000746067,0.001131674,0.025123063,0.038998287,0
71026853,52.8199213,-114.6110922,0.314994812,0,0,0,0.047204457,0.274907231,0,0.13947776,0,0.00679271,0,0,0,0.127140224,0.0516636,0.000358786,0.016741144,0.02071928,0
71027942,51.09753442,-114.2095545,0.01375189,0,0,0,2.94E-05,0.002722481,0,0.126753166,0,0.136522949,0,0,0,0.000411606,0.051964428,0.003923929,0.637853742,0.02606643,0
71027957,51.15615971,-114.4065077,0.009832983,0,0,0,5.83E-05,0.000645199,0,0.223329872,0,0.391275883,0,0,0,0.000780017,0.21351032,0.000838758,0.125328809,0.03439977,0
71027962,51.18464805,-114.4917961,0.029873088,0,0,0,0,0,0,0.161311194,0,0.24310717,0,0,0,0,0.004966442,0,0.469290793,0.091451302,0
71027963,51.20096173,-114.506737,0.008765595,0,0,0,0,0,0,0.147840381,0,0.333269268,0,0,0,0.001111132,0.061087485,0.000246348,0.427194893,0.020484887,0
71027969,51.19409712,-114.5729812,0.002277507,0,0,0,0.008546539,0.00798465,0,0.412921488,0,0.322306246,0,0,0,0.000304988,0.193453878,0.000396484,0.026251353,0.025556872,0
71027979,51.21367786,-114.5939596,0.014573291,0,0,0,0.004475964,0.006613644,0,0.408068508,0,0.369094282,0,0,0,0.007159554,0.142532468,0.000568219,0.021428281,0.025485765,0
71027981,51.21400714,-114.6415189,0.029363159,0,0,0,0.008049063,0.02519081,0,0.439282089,0,0.29867509,0,0,0,0.002015715,0.049893167,0,0.088062517,0.059468389,0
71027992,51.20581509,-114.6839943,0.036547981,0,0,0,0.017061098,0.019925235,0,0.484930903,0,0.31994769,0,0,0,0,0.006926562,0.003313582,0.04086462,0.070482351,0
71028007,51.186093,-114.7823765,0.105486386,0,0,0,0.001183777,0.005337645,0,0.419736803,0,0.268951029,0,0,0,0,0.017442232,0.000194905,0.060518697,0.121148482,0
71028014,51.16640301,-114.8639154,0.082243808,0,0,0,0,0,0,0.303069562,0,0.336345106,0,0,0,0,0.022853157,0.002525679,0.213057086,0.039905615,0
71028023,51.13651095,-114.9370767,0.190894961,0,0,0,0,0.000324191,0,0.329800695,0,0.300668925,0,0,0,0,0.018012296,0.006525875,0.131946057,0.021827001,0
71028027,51.11996462,-114.9945589,0.144269094,0,0,0,0,0,0,0.182547316,0,0.456513077,0,0,0,0,0.007098707,0.003133383,0.187125415,0.019313021,0
71028039,51.12327521,-115.0577562,0.305098832,0,0,0,0,0.00028617,0,0.415818304,0,0.16373165,0,0,0,0.000413357,0.001030587,0.010329423,0.046002593,0.057289075,0
71028054,51.07351667,-115.1298567,0.486050338,0,0,0,7.84E-05,0,0,0.097176887,0,0.125933737,0,0,0,0.000705242,0.001005623,0.214841694,0.047925621,0.026282515,0
71028062,51.14425439,-114.5282989,0.011004565,0,0,0,0.003488488,0.00895095,0,0.426101178,0,0.280284375,0,0,0,0.000162071,0.22474812,0,0.034931652,0.01032859,0
71028073,51.05646011,-115.21781,0.447293103,0,0,0,0,0,0,0.039541475,0,0.087365456,0,0,0,0.000381052,0,0.292354971,0.064086325,0.068977602,0
71028095,51.0467123,-115.3156608,0.568805933,0,0,0,0,0,0,0.053536016,0,0.075712934,0,0,0,0,0,0.207571462,0.073680662,0.020692941,0
71028097,51.10152876,-114.5652843,0.031075392,0,0,0,0.000236243,0.000669354,0,0.445502192,0,0.257520169,0,0,0,0.000236243,0.19556269,0,0.06134079,0.00785693,0
71028132,51.03958263,-114.5782401,0.199654192,0,0,0,0.000992891,0.001907766,0,0.521995306,0,0.189354017,0,0,0,0.000200472,0.06394878,0.003518956,0.015014189,0.003413387,0
71028140,51.11141883,-115.3953222,0.553639412,0,0,0,0,0,0,0.031780887,0,0.115179673,0,0,0,0,0,0.22268258,0.053133804,0.023583643,0
71028159,51.14916712,-115.467817,0.595286191,0,0,0,0,0,0,0.011172391,0,0.05251636,0,0,0,0,0,0.286246151,0.015198327,0.03958055,0
71028189,51.17146648,-115.5183519,0.579436362,0.006106007,0,0,0,0,0,0.032660317,0,0.026461957,0,0,0,0,0.000793919,0.174537316,0.069004066,0.110523701,0.000476352
71028215,51.02161086,-114.7596553,0.4120107,0,0,0,0.000145188,0.006204588,0,0.452416062,0,0.069886029,0,0,0,0,0.002237707,0.037771795,0.018409032,0.000918878,0
71028221,51.13224128,-115.5246014,0.646836698,0.007473422,0,0,0,0,0,0.000328193,0,0.021465851,0,0,0,0,0,0.286871105,0.011280488,0.025744241,0
71028249,51.0644109,-115.0412446,0.540491939,0,0,0,0,0,0,0.203356966,0,0.128283739,0,0,0,0.000166683,0.003323478,0.00338774,0.077181309,0.04380808,0
71028304,51.01441544,-115.0686048,0.559096098,0,0,0,0,0,0,0.129262984,0,0.10541106,0,0,0,0,0,0.119752064,0.021252844,0.065224968,0
71028311,51.00226064,-115.48497,0.527123392,0.000254951,0,0,0,0,0,0.026542269,0,0.15411815,0,0,0,0,0,0.285931051,0.000132219,0.005170112,0.00072791
71028377,51.01538304,-114.9198353,0.646394491,0,0,0,7.48E-05,0.00046518,0,0.163893491,0,0.124229848,0,0,0,5.81E-05,0.00034054,0.044565,0.018234262,0.001744228,0
71028380,50.98903136,-114.8607695,0.740139186,0,0,0,0,0.000100824,0,0.124958515,0,0.098261416,0,0,0,0.000100824,0,0.021271518,0.014885442,0.000282307,0
71028490,51.97351804,-114.4566358,0.116396978,0,0,0,0.000621937,0.024974532,0,0.16417776,0,0.085368894,0,0,0,0.060542434,0.437220693,0.03459027,0.045591906,0.030514635,0
71028494,51.90359847,-114.5429194,0.080273904,0,0,0,0.000943263,0.016414074,0,0.237497002,0,0.058560681,0,0,0,0.075177193,0.44261837,0.01283557,0.045419902,0.030260032,0
71028498,51.87982525,-114.6362744,0.103148647,0,0,0,0.000439668,0.012560649,0,0.185375333,0,0.06467241,0,0,0,0.044463936,0.502683818,0.008273114,0.043884475,0.034497976,0
71028505,51.82306976,-114.6522114,0.097387388,0,0,0,0.000493969,0.025794273,0,0.210358411,0,0.064909659,0,0,0,0.034906249,0.418795526,0.009783885,0.09714862,0.04042203,0
71028510,51.76246345,-114.6404878,0.252933711,0,0,0,0,0.001510647,0,0.123277441,0,0.128261492,0,0,0,0.046911549,0.324902713,0.019853391,0.056448281,0.045900799,0
71028524,51.95773092,-114.2485485,0.066735409,0,0,0,0.002478887,0.031081613,0,0.314709038,0,0.116273284,0,0,0,0.053825416,0.303030103,0,0.056313165,0.055553131,0
71028526,51.74858489,-114.7498335,0.189285576,0,0,0,0.000688752,0.034409031,0,0.199118748,0,0.108813636,0,0,0,0.021556651,0.319075346,0.022810441,0.026807666,0.077434123,0
71028531,51.93159581,-114.2482995,0.201706082,0,0,0,0,0.013270996,0,0.169890851,0,0.023112932,0,0,0,0.081070051,0.385253549,0,0.022858283,0.102837287,0
71028546,51.90125304,-114.289386,0.019228371,0,0,0,0.000893025,0.003391725,0,0.098066516,0,0.032340556,0,0,0,0.019352321,0.759266138,0.000210124,0.035537831,0.031713434,0
71028558,51.69536664,-114.8885137,0.47030586,0,0,0,0.000167165,0.074181534,0,0.359939098,0,0.019261619,0,0,0,0.016898546,0.023833651,0.005126396,0.01115449,0.019131625,0
71028580,51.85723187,-114.3733488,0.047348402,0,0,0,0.001633052,0.00693658,0,0.091380849,0,0.026124876,0,0,0,0.018529404,0.751846135,0.000459616,0.04336248,0.012378691,0
71028585,51.16759235,-115.5736183,0.502606511,0,0,0,0,0,0,0.039891269,0,0.010783902,0,0,0,0,0,0.016454788,0.398207903,0.032055665,0
71028597,51.17700428,-115.6130034,0.429949552,0.000916136,0,0,0,0,0,0.099169508,0,0.105201907,0,0,0,0,0,0.211616039,0.046447355,0.106699459,0
71028598,51.63393697,-115.0285995,0.571413398,0,0,0,9.55E-05,0.017325064,0,0.311259866,0,0.045819763,0,0,0,0.01027388,0.006086192,0.004994555,0.010804424,0.021927375,0
71028609,51.17266566,-115.6498257,0.616913974,0,0,0,0,0,0,0.015227999,0,0.069023028,0,0,0,0.000240289,0,0.262309134,0.007085845,0.029199751,0
71028657,51.65659857,-115.1893607,0.564628184,0,0,0,0,0.005235206,0,0.238872334,0,0.14646022,0,0,0,0.006218513,0.00746677,0.003628803,0.017858595,0.009631306,0
71028663,51.63912289,-115.2651376,0.450591594,0,0,0,0,0,0,0.099457428,0,0.365765005,0,0,0,0,0,0.031893488,0.01963464,0.032657843,0
71028675,51.7824778,-114.3491619,0.003268049,0,0,0,0.000179848,0.000900976,0,0.062682413,0,0.035341151,0,0,0,0.009122625,0.839015424,0.000209822,0.044150151,0.005129528,0
71028676,51.19488472,-115.7549292,0.545925975,4.50E-05,0,0,0,0,0,0.029380983,0,0.120877899,0,0,0,0.000149843,0,0.266650438,0.016915403,0.020054452,0
71028681,51.74949561,-114.6551974,0.956910789,0,0,0,0,0,0,0.000702655,0,0,0,0,0,0.032436814,0.009949762,0,0,0,0
71028685,51.65829768,-115.3068969,0.533315003,0,0,0,0,0,0,0.071507186,0,0.24864991,0,0,0,0,0,0.035637189,0.093265109,0.017625567,0
71028699,51.65366944,-115.3342516,0.86358434,0,0,0,0,0,0,0.008748017,0,0.041676186,0,0,0,0,0,0.020840468,0.027155716,0.037995256,0
71028700,51.23153394,-115.8392352,0.797610521,0,0,0,0,0,0,0.015489202,0,0.040341601,0,0,0,0,0,0.077801935,0.04765372,0.021103036,0
71028722,51.76131426,-114.4955793,0.070949689,0,0,0,0.000190416,0.004750784,0,0.187525496,0,0.041342083,0,0,0,0.024847196,0.606869459,0.001858461,0.046954267,0.014712152,0
71028727,51.93518797,-114.6857127,0.102648765,0,0,0,0.001161876,0.017444611,0,0.261682779,0,0.03076875,0,0,0,0.052076433,0.457858503,0.002144156,0.05137242,0.02284174,0
71028734,51.71165545,-114.643308,0.150558233,0,0,0,0,0.009507896,0,0.216533571,0,0.086850487,0,0,0,0.018581709,0.469152778,0.001573467,0.045085602,0.002156273,0
71028740,51.26779745,-115.8956955,0.734719157,0,0,0,0,0,0,0.017192561,0,0.046122339,0,0,0,0,0,0.170006558,0.017450148,0.014509227,0
71028757,51.23904182,-114.7338579,0.143718407,0,0,0,0,0.008153543,0,0.383370131,0,0.336269975,0,0,0,0,0.001608428,0.000903283,0.04135726,0.084618956,0
71028795,51.70543196,-114.3494484,0.000854954,0,0,0,0.000503812,0.000366409,0,0.08435256,0,0.047666028,0,0,0,0.0071947,0.816664159,0.000479878,0.039199904,0.002717604,0
71028833,51.27466611,-114.8188227,0.493223876,0,0,0,0,0.006737773,0,0.330217034,0,0.124113277,0,0,0,0.000389756,0.010184494,0.001186214,0.027571464,0.006376084,0
71028835,51.65697494,-114.345837,0,0,0,0,0,0.001050056,0,0.04708359,0,0.009992786,0,0,0,0.000525028,0.862753332,0.000735039,0.05798316,0.01987703,0
71028847,51.69246724,-115.4582669,0.622716784,0,0,0,0,0.000610464,0,0.062187023,0,0.149447426,0,0,0,0.000142163,0.000459938,0.142858014,0.007496507,0.014081654,0
71028852,51.30871167,-116.0181584,0.754442513,0,0,0,0,0,0,0.009102293,0,0.027753068,0,0,0,0,0,0.173496768,0.021915937,0.013090748,0.000198669
71028865,51.73605353,-115.5582765,0.547179043,0,0,0,0,0.032159749,0,0.183158427,0,0.206616372,0,0,0,0,0,0.011564814,0.008710417,0.010611244,0
71028867,51.62912256,-114.5227183,0.090108149,0,0,0,4.69E-05,0.006177622,0,0.205747843,0,0.050552566,0,0,0,0.011897644,0.567082226,0.001012255,0.046947725,0.0204271,0
71028893,51.62053361,-114.3613075,0.000487123,0,0,0,0,0.000442839,0,0.081575006,0,0.048114426,0,0,0,0.002655851,0.809148014,0.000619974,0.037606619,0.01935013,0
71028904,51.3510147,-116.101124,0.85115248,0,0,0,0,0,0,0.011890311,0,0.01564391,0,0,0,0,0,0.092530377,0.019780386,0.009002525,0
71028945,51.59256338,-114.3504594,0,0,0,0,0,0,0,0.110686183,0,0.045669127,0,0,0,0.006329306,0.76704967,0.00042375,0.032260861,0.037581112,0
71028957,51.39179516,-116.124331,0.858220041,0,0,0,0,0,0,0.006445671,0,0.032455709,0,0,0,0,0,0.061870523,0.025811456,0.015196655,0
71028961,51.71262627,-115.6120956,0.59609586,0,0,0,0,0.000281038,0,0.017323289,0,0.193536803,0,0,0,0,0,0.180086598,0,0.012676437,0
71028963,51.55812151,-114.5627181,0.090554066,0,0,0,0,0.003167793,0,0.272822142,0,0.08761882,0,0,0,0.008174819,0.492598504,0.000219349,0.03283922,0.012005255,0
71028968,51.26378092,-114.9288055,0.485771298,0,0,0,0.000239816,0.004656415,0,0.324934602,0,0.142015219,0,0,0,0.0006338,0.000188427,0.00822971,0.025078284,0.008252379,0
71028974,51.43795268,-116.1526982,0.768919289,0,0,0,0,0,0,0.022849934,0,0.104509212,0,0,0,0,0,0.068714127,0.02935921,0.005648242,0
71028975,51.56408404,-114.3405608,0,0,0,0,0,0,0,0.043151435,0,0.008859887,0,0,0,0.002126373,0.909043729,0,0.01909879,0.017719774,0
71029016,51.4097199,-116.1770207,0.83272028,0,0,0,0,0,0,0.003538867,0,0.003335588,0,0,0,0,0,0.00384417,0.1396164,0.016944703,0
71029022,51.42278846,-116.1802564,0.368740439,0,0,0,0,0,0,0,0,0.023846997,0,0,0,0,0,0,0.607249856,0.000162703,0
71029028,51.54050364,-114.5964809,0.373785198,0,0,0,0,0.001100966,0,0.207055137,0,0.082146138,0,0,0,0.013487922,0.272581816,0,0.021777062,0.028065776,0
71029042,51.26759272,-114.9964542,0.557284713,0,0,0,0,0,0,0.13284348,0,0.136515066,0,0,0,0.001410495,0,0.064823151,0.031761929,0.075361155,0
71029057,51.89601306,-114.9064412,0.29530704,0,0,0,0.003759444,0.065956213,0,0.391138017,0,0.05011417,0,0,0,0.075656429,0.077815466,0.001021754,0.025265014,0.013966409,0
71029064,51.59798737,-115.3599522,0.844718874,0,0,0,0,0,0,0.010088256,0,0.097841725,0,0,0,0.000190167,0,0.017595077,0.016714966,0.012850915,0
71029071,51.44211625,-116.2007534,0.839061022,0,0,0,0,0,0,0.003687374,0,0.01143861,0,0,0,0,0,0.000755075,0.129879415,0.015178426,0
71029118,51.21920523,-115.4800648,0.584015191,0,0,0,0,0,0,0.010248589,0,0.121424206,0,0,0,0.000132582,0.000609877,0.235387266,0.034500457,0.01358906,9.28E-05
71029134,51.52839292,-114.6494585,0.372946084,0,0,0,0.000857226,0.082426079,0,0.322057873,0,0.028705627,0,0,0,0.004102942,0.138774872,0.001755273,0.036885124,0.011488928,0
71029150,51.88467452,-115.09207,0.412349463,0,0,0,0,0.056014325,0,0.413585365,0,0.032998383,0,0,0,0.048665974,0.016679913,0.000244531,0.018783048,0.000678967,0
71029158,51.60473009,-115.4422699,0.716399431,0,0,0,0,0,0,0.035833791,0,0.044620074,0,0,0,0.000349366,0.000829744,0.196583122,0,0.005384469,0
71029189,51.60110396,-115.4831252,0.447063267,0,0,0,0,0.000344416,0,0.111044489,0,0.059596747,0,0,0,0,0,0.371583521,0,0.010367583,0
71029203,51.68038803,-115.7200892,0.420373589,0,0,0,0,0.000181125,0,0.014569104,0,0.101207361,0,0,0,4.53E-05,0,0.453171939,0.000498094,0.009953532,0
71029212,51.62042709,-114.721027,0.395639956,0,0,0,0.000433857,0.053917646,0,0.326627851,0,0.042092614,0,0,0,0.030092482,0.124495961,0.000155128,0.021280712,0.005263752,0
71029225,51.84942116,-115.1181544,0.456666321,0,0,0,0,0.03980903,0,0.300288469,0,0.047221582,0,0,0,0.114823371,0.009432204,0.000998118,0.030760894,0,0
71029334,51.54543086,-114.3223663,0,0,0,0,0,0,0,0.011962796,0,0.015370899,0,0,0,0,0.934550226,0,0.033921331,0.004194707,0
71029335,51.67057538,-115.8123639,0.533996046,0,0,0,0,0,0,0.018146144,0,0.185916051,0,0,0,0,0,0.250369519,0,0.011572246,0
71029380,51.78552328,-114.6975906,0.109741956,0,0,0,0,0.000210892,0,0.070501149,0,0.282583296,0,0,0,0.065998279,0.208468497,0.015711071,0.23666206,0.010122833,0
71029391,51.33890505,-114.9491308,0.472884744,0,0,0,0.000689144,0.011953168,0,0.385327458,0,0.108691871,0,0,0,0.000328546,4.81E-05,0.001874561,0.011718974,0.00648341,0
71029414,51.59481008,-115.1698589,0.597764552,0,0,0,0,0.002559012,0,0.198531777,0,0.178242207,0,0,0,0.000798911,0.001702215,0.00123765,0.016590774,0.00257294,0
71029434,51.48048536,-114.7096302,0.446782351,0,0,0,0.00020418,0.044834349,0,0.387444794,0,0.068283498,0,0,0,0.004581731,0.02145106,0.000314122,0.023502039,0.002601891,0
71029448,51.30417551,-115.5395867,0.521248937,0.000215347,0,0,0,0,0,0.011452507,0,0.069093615,0,0,0,0,0.000303443,0.384625107,0,0.012777178,0.000283866
71029450,51.34291667,-115.605,0.009505403,0,0,0,0,0,0,0,0,0.8735587,0,0,0,0,0,0.116935812,0,0,0
71029451,51.83123843,-115.171879,0.384525061,0,0,0,0,0.002894121,0,0.38398549,0,0.119077764,0,0,0,0.06908907,0.006684158,0.006834596,0.026909741,0,0
71029490,51.62990158,-115.5636586,0.526727974,0.000117426,0,0,0,0.000783991,0,0.031046133,0,0.061850149,0,0,0,0,0,0.377360702,0,0.002113668,0
71029520,51.64563022,-115.8614281,0.524784088,0,0,0,0,0.004154368,0,0.074211471,0,0.176007345,0,0,0,0,0,0.212655142,0,0.008187549,0
71029528,51.52335156,-116.2818692,0.77270931,0,0,0,0,0,0,0.013796041,0,0.053233277,0,0,0,0,0,0.134277776,0.006824843,0.018464135,0.000694621
71029602,51.69416667,-114.9674575,0.178773269,0,0,0,0,0,0,0.342727214,0,0.165167406,0,0,0,0,0.27175945,0,0.041572619,0,0
71029639,51.25257032,-115.0281912,0.837352633,0,0,0,0,0,0,0.03784873,0,0.037589818,0,0,0,0,0,0.030290278,0,0.056918599,0
71029646,51.64423732,-115.936099,0.395164847,0,0,0,0,0,0,0.018859738,0,0.056393564,0,0,0,0,0,0.520455003,0,0.009126773,0
71029715,51.70551478,-114.9848377,0.289592952,0,0,0,0,0,0,0.654646039,0,0.030591428,0,0,0,0.0173891,0.007780451,0,0,0,0
71029721,51.41016473,-115.0893271,0.87116015,0,0,0,0,0,0,0.06563133,0,0.03198095,0,0,0,0,0.000249646,0.002118642,0.021119898,0.007739356,0
71029759,51.45639886,-114.2834818,0,0,0,0,0,5.15E-05,0,0.035628665,0,0.051840503,0,0,0,0.001604511,0.862505198,0.000421269,0.042564295,0.005384038,0
71029766,51.61624249,-115.9363703,0.745657563,0,0,0,0,0,0,0.00380394,0,0.019847611,0,0,0,0,0,0.195640191,0,0.035050698,0
71029770,51.46529002,-114.7804737,0.38203752,0,0,0,0,0.002787729,0,0.428839773,0,0.134372056,0,0,0,0.005259519,0.03600172,0.000202983,0.010498683,0,0
71029778,51.61169029,-116.3113519,0.514145792,0,0,0,0,0,0,0.00371697,0,0.01692966,0,0,0,0,0,0.438038886,0.005960442,0.007479597,0.013728615
71029798,51.14528898,-115.673967,0.868513525,0,0,0,0,0,0,0.005841312,0,0.004563413,0,0,0,0,0,0.092034921,0.016876409,0.012170461,0
71029800,51.37974214,-115.6555363,0.584868789,0.000120167,0,0,0,0.000260363,0,0.048093423,0,0.137770414,0,0,0,0.000520725,0.008199042,0.216631263,0,0.003535752,0
71029803,51.41301666,-114.7834349,0.42844677,0,0,0,7.79E-05,0.025352627,0,0.488335609,0,0.029728411,0,0,0,0.004402688,0.004792408,0.000389489,0.018396206,7.79E-05,0
71029857,51.20475925,-115.5770043,0.561763406,0,0,0,0,0.000267711,0,0.030814705,0,0.092358701,0,0,0,0,0.000468494,0.195711523,0.108776614,0.009838823,0
71029863,51.42064394,-114.8402231,0.549984396,0,0,0,0,0,0,0.42175132,0,0.028264297,0,0,0,0,0,0,0,0,0
71029879,51.06914907,-114.6044511,0.07338094,0,0,0,0,0.005474854,0,0.456555545,0,0.170024306,0,0,0,0,0.254599452,0,0.024192115,0.015772818,0
71029924,51.5440145,-115.2585136,0.819314361,0,0,0,0,0,0,0.023457162,0,0.149929911,0,0,0,0.001475592,0,0.002090006,0.003630483,0.000102472,0
71029930,51.47750558,-114.829378,0.163808838,0,0,0,0,0.004349539,0,0.706038177,0,0.074763857,0,0,0,0.002245919,0.038248807,0,0.00984335,0.000701539,0
71029963,51.1132636,-115.6775211,0.690339625,0,0,0,0,0,0,0.003340744,0,0.070055492,0,0,0,0,0,0.236264214,0,0,0
71029992,51.51280034,-116.1791906,0.635645032,0,0,0,0,0,0,0.045565244,0,0.088283703,0,0,0,0,0,0.218737453,0.005161578,0.006575648,3.13E-05
71030026,51.56544674,-116.1533419,0.997290075,0,0,0,0,0,0,0.000758687,0,0.001951189,0,0,0,0,0,0,0,0,0
71030034,51.56044518,-115.920782,0.452931464,0,0,0,0,0,0,0.019436788,0,0.089090839,0,0,0,0,0,0.435127646,0,0.002996595,0.000416678
71030035,51.57676196,-115.6805316,0.440132141,0,0,0,0,0.000208101,0,0.04807036,0,0.236851081,0,0,0,0,0,0.273896694,3.23E-05,0.000809281,0
71030057,51.53886111,-115.7333333,0.689890802,0,0,0,0,0,0,0,0,0.306291193,0,0,0,0,0,0.003818046,0,0,0
71030071,51.09595142,-115.6539789,0.653481483,0,0,0,0,0,0,0.000673259,0,0.06239773,0,0,0,0,0,0.283447534,0,0,0
71030100,51.19584339,-115.8455001,0.554030716,0,0,0,0,0,0,0.039133295,0,0.092713222,0,0,0,0,0,0.310280085,0.000734541,0.003108144,0
71030156,51.84257143,-115.1058571,0.636576593,0,0,0,0,0.055427518,0,0.255423039,0,0,0,0,0,0.047210902,0,0.005362033,0,0,0
71030177,51.41861381,-115.7260805,0.549683273,0,0,0,0,0.000739637,0,0.078818478,0,0.072778389,0,0,0,0,0,0.297980249,0,0,0
71030189,51.22016035,-114.434547,0.037782989,0,0,0,0,0.003992641,0,0.293132812,0,0.365006447,0,0,0,0.001150199,0.138274819,0.006052994,0.151476935,0.003130105,0
71030191,51.40402564,-115.7632436,0.896417141,0,0,0,0,0,0,0,0,0.074638247,0,0,0,0,0,0.028944699,0,0,0
71030202,51.82449576,-114.8144145,0.110322669,0,0,0,0.002117077,0.020243121,0,0.431790769,0,0.092512406,0,0,0,0.039435755,0.263929456,0.000198566,0.034485999,0.004964158,0
71030231,51.57082726,-115.5595433,0.566968441,7.29E-05,0,0,0,0.000218761,0,0.021030892,0,0.071256101,0,0,0,7.29E-05,0.000350017,0.339694589,0,0.000335433,0
71030243,51.35330261,-115.5872763,0.676502466,0,0,0,0,0,0,0.014508495,0,0.161248043,0,0,0,0,0.005825238,0.124158122,0,0.017757617,0
71030265,51.82851096,-114.8848618,0.00213882,0,0,0,0.012890658,0.046769273,0,0.736409187,0,0.159428269,0,0,0,0.006164468,0.005556298,1.63E-06,0.030641414,0,0
71030270,51.60054763,-116.1430721,0.461362064,0,0,0,0,0,0,0.047495913,0,0.086859889,0,0,0,0,0,0.398692131,0,0.003026521,0.002563494
71030287,51.40184794,-116.0540295,0.698328257,0,0,0,0,0,0,0.020432763,0,0.063789189,0,0,0,0,0,0.215566918,0.001433248,0.000449597,0
71030292,51.55098443,-115.0294189,0.635664403,0,0,0,7.92E-05,0.009968542,0,0.246516719,0,0.089183092,0,0,0,0.002703451,0.003221177,0.000151637,0.012135141,0.000376647,0
71030302,51.18994497,-115.9093949,0.684321404,0,0,0,0,0,0,0.038049717,0,0.062331304,0,0,0,0,0,0.215034321,0,0.000263239,0
71030308,51.30925146,-115.2533054,0.420329869,4.31E-07,0,0,0,3.52E-05,0,0.020444896,0,0.117575072,0,0,0,3.02E-05,0,0.424276084,0.00682161,0.010486678,0
71030313,51.26527919,-114.3583054,0.005600112,0,0,0,0,0.000747196,0,0.291056216,0,0.411168516,0,0,0,0,0.229078829,0.001103052,0.034674857,0.026571212,0
71030314,51.24534106,-114.530782,0.001265329,0,0,0,0.000291999,0.002046376,0,0.418363243,0,0.467838138,0,0,0,0.003503989,0.070756696,0.000165196,0.035428286,0.000340703,0
71030390,51.54829825,-115.9767466,0.530686677,0,0,0,0,0,0,0.001559682,0,0.082014613,0,0,0,0,0,0.370974034,0,0.014764992,0
71030418,51.01642152,-115.5988836,0.35776794,0.004781363,0,0,0,0,0,0.008095232,0,0.09033972,0,0,0,0,0,0.523164928,0,0.012298515,0.003552236
71030428,50.99476173,-114.6783465,0.20498915,0,0,0,0.000795648,0.008466937,0,0.735407054,0,0.039677233,0,0,0,0,0.007374775,0,0.000600594,0.002688605,0
71030431,50.99675025,-115.242502,0.632879615,0,0,0,0,0,0,0.069064617,0,0.115728907,0,0,0,0,0,0.173947528,0.006840719,0.001538654,0
71030460,51.01167517,-114.998629,0.800121665,0,0,0,0,0,0,0.081107654,0,0.08135432,0,0,0,0,0,0.025508231,0.01187912,2.90E-05,0
71030474,51.04833754,-115.4329453,0.585047007,0.000101645,0,0,0,0,0,0.003879242,0,0.076218732,0,0,0,0,0,0.304565966,0.009902626,0.020284813,0
71030527,51.03585974,-115.6673755,0.43012026,0.004814675,0,0,0,0,0,0.011548054,0,0.0738087,0,0,0,0,0,0.456497669,0.011292063,0.009391786,0.002526784
71030563,51.05964422,-115.7233702,0.401115745,0.000842475,0,0,0,0,0,0.028925616,0,0.221982688,0,0,0,0,0,0.340299219,0,0.006834284,0
71030588,51.08426389,-114.7515883,0.326615185,0,0,0,0.000610764,0.005217593,0,0.579889178,0,0.047260139,0,0,0,0,0.01266686,0.000279356,0.014270476,0.013190473,0
71030626,51.11426734,-115.2029344,0.45451203,0,0,0,0,0,0,0.032479193,0,0.122705758,0,0,0,0,0,0.379777193,0.010522638,3.18E-06,0
71030660,51.10570311,-114.8951915,0.351020157,0,0,0,0.000117054,0.005706085,0,0.49037993,0,0.06754341,0,0,0,0,0.007980387,6.72E-05,0.042805575,0.034380306,0
71030690,51.1065733,-115.7773154,0.479362696,0.00024557,0,0,0,0,0,0.057445638,0,0.210442171,0,0,0,6.82E-05,0,0.242572248,0.004703855,0.005023137,0.000136428
71030703,51.11689755,-114.7180487,0.158735469,0,0,0,0,0.001811283,0,0.589915395,0,0.144498199,0,0,0,0,0.02956461,0.001221217,0.031624857,0.042629004,0
71030716,51.14293641,-114.6473976,0.008631861,0,0,0,0.003038934,0.00207868,0,0.545694172,0,0.241608828,0,0,0,0.000364105,0.143375829,0,0.033639297,0.021568285,0
71030717,51.12212252,-115.302328,0.271521658,0,0,0,0,0,0,0.035539463,0,0.099917457,0,0,0,0,0,0.495830536,0.096807294,0.000383578,0
71030749,51.11841097,-114.3815508,0.004753818,0,0,0,0,0,0,0.101130202,0,0.363297254,0,0,0,0.001779549,0.384769827,0.007166236,0.116305076,0.020797987,0
71030774,51.12230352,-115.5996168,0.739340425,0,0,0,0,0,0,0.019076062,0,0.035692915,0,0,0,0,0,0.198779017,0,0.007111555,0
71030784,51.12454605,-115.9013046,0.675830722,0,0,0,0,0,0,0.051099285,0,0.069719635,0,0,0,0,0,0.173750609,0,0.026350599,0.003249146
71030831,51.17270963,-115.0044069,0.283485651,0,0,0,0,0.000355099,0,0.641276002,0,0.045658641,0,0,0,0,0.0008918,0,0.026255691,0.002077076,0
71030835,51.15296086,-115.1194721,0.370503753,0,0,0,0,0,0,0.16561918,0,0.083712384,0,0,0,0,0,0.371785104,0.004177613,0.004201956,0
71030838,51.15346636,-115.9689055,0.459447473,0,0,0,0,0,0,0.014812469,0,0.043389283,0,0,0,0,0,0.397768706,0,0.017772067,0.066809997
71030896,51.14773635,-115.8531839,0.470731586,0,0,0,0,0,0,0.08954253,0,0.164785743,0,0,0,0,0,0.274403989,0,0.000536166,0
71030906,51.21485895,-114.9381015,0.382445723,0,0,0,0,0.002143282,0,0.394517958,0,0.129698038,0,0,0,0,0.000861669,0,0.043220792,0.047112502,0
71030944,51.20601045,-115.187507,0.320082217,0.00022804,0,0,0,0,0,0.04619278,0,0.094293013,0,0,0,0,0,0.518626034,0,0.020577936,0
71030950,51.18304508,-115.3679993,0.461708575,0,0,0,0,0,0,0.028600734,0,0.196099356,0,0,0,0,0,0.301005155,0.007796497,0.004789656,0
71031068,51.26951843,-114.6558183,0.161352918,0,0,0,0,0.008643618,0,0.415109307,0,0.305233508,0,0,0,0.001039973,0.076297782,0.000664427,0.030474002,0.001184414,0
71031077,51.20608237,-115.0591273,0.676317871,0,0,0,0,0,0,0.261179447,0,0.024781734,0,0,0,0,0.000155185,0.024739027,0,0.01282673,0
71031094,51.25589672,-115.614486,0.505203307,0.006416861,0,0,0,0.000198752,0,0.046086013,0,0.044681914,0,0,0,0,0.000198752,0.390769124,0,0.005479886,0.000965369
71031120,51.24199998,-116.0190438,0.688191116,0,0,0,0,0,0,0.007219099,0,0.038523298,0,0,0,0,0,0.219306394,0.004296709,0.021180136,0.021283282
71031130,51.23217284,-114.8104585,0.170005843,0,0,0,0.000861549,0.001601076,0,0.648763657,0,0.144020379,0,0,0,0.000394877,0.007215475,0,0.023976469,0.003160726,0
71031155,51.28460213,-114.4564915,0.001092409,0,0,0,0.000275847,0.001574649,0,0.357883662,0,0.21593751,0,0,0,0.000945806,0.369314373,0.003865066,0.03595195,0.013158768,0
71031177,51.25943802,-115.3324648,0.354373991,2.74E-05,0,0,0,3.29E-05,0,0.010477302,0,0.091897406,0,0,0,0,0.00063052,0.396272242,0.00161376,0.144647002,2.74E-05
71031181,51.28316634,-114.7219138,0.411505699,0,0,0,0.00021176,0.012687794,0,0.301914483,0,0.191216275,0,0,0,0.000716727,0.043731641,0.000527196,0.031296983,0.006191457,0
71031215,51.26424211,-114.4891665,0.001285157,0,0,0,0,0,0,0.202816218,0,0.382476628,0,0,0,0.000208404,0.261751652,0.002048975,0.086581439,0.062831506,0
71031267,51.31122192,-114.4275682,0.004895614,0,0,0,0.000118252,0.008064597,0,0.343289524,0,0.205714405,0,0,0,0.003422498,0.39418751,0.000825229,0.024392707,0.015089658,0
71031276,51.31736721,-114.3505081,0.000881177,0,0,0,0.000104902,0,0,0.264020771,0,0.257756978,0,0,0,0.001174902,0.382621855,0.001489608,0.034224372,0.057725452,0
71031279,51.30480419,-115.0587935,0.497831762,0,0,0,0,0.002778701,0,0.37170127,0,0.111048564,0,0,0,9.06E-05,0,0.006733487,0.004256135,0.005559497,0
71031296,51.27375469,-115.7018512,0.443815053,0.002092543,0,0,0,0,0,0.031012483,0,0.083472967,0,0,0,0,0.000308578,0.433724672,0,0.005457969,0.000115717
71031303,51.31748764,-114.5558542,0.009534596,0,0,0,0.000357629,0.006925383,0,0.497761458,0,0.284264416,0,0,0,0.005186703,0.159374997,0,0.030994585,0.005600261,0
71031359,51.32445918,-116.1844606,0.367752582,0,0,0,0,0,0,0.011905629,0,0.0487484,0,0,0,0,0,0.477923155,0.004266485,0.024758121,0.064645641
71031397,51.32108795,-115.649154,0.596193075,0.002321722,0,0,0,0,0,0.024272703,0,0.064398788,0,0,0,0,0.007320746,0.299961418,0,0.005531528,0
71031414,51.37691074,-114.4295395,0.003415093,0,0,0,0.000219924,0.004292656,0,0.344551146,0,0.302737206,0,0,0,0.000419834,0.306334525,0.000727441,0.029419372,0.007882793,0
71031429,51.34442741,-115.4562221,0.258668572,0.002176946,0,0,0,0.000178655,0,0.02473174,0,0.085177399,0,0,0,0.000393041,0.001214855,0.620526671,0,0.00586019,0.001071931
71031431,51.30801983,-114.6278022,0.15149574,0,0,0,0.000435279,0.022345472,0,0.452646971,0,0.276274979,0,0,0,0.001604515,0.074630111,0.000651127,0.017940797,0.001975028,0
71031478,51.35978472,-115.0901234,0.793519795,0,0,0,0,9.55E-05,0,0.115816675,0,0.075506955,0,0,0,0.000210006,0,0.012796774,0.001424283,0.000630017,0
71031489,51.3610184,-115.1948145,0.652909875,0,0,0,0,0,0,0.039087225,0,0.065876752,0,0,0,0,0,0.240572229,0,0.001553952,0
71031502,51.37538993,-115.525607,0.239744157,0.003886023,0,0,0,0,0,0.002723076,0,0.079468846,0,0,0,0.000793129,0.002855265,0.668371022,0,0.001572289,0.000586252
71031503,51.36395094,-116.2300473,0.360623211,0,0,0,0,0,0,0.019544521,0,0.04643929,0,0,0,0,0,0.515567124,0.001864408,0.018188877,0.037772533
71031506,51.3373553,-115.8713506,0.410963595,0,0,0,0,3.66E-05,0,0.038778193,0,0.083706878,0,0,0,0,0,0.459329337,0.000811695,0.004167303,0.002206427
71031524,51.3559711,-114.8311464,0.414046377,0,0,0,0.001345647,0.052781228,0,0.468715757,0,0.03584354,0,0,0,0.000318062,0.001553234,0.000253315,0.015258398,0.009884387,0
71031528,51.43596143,-114.5289779,0.156725541,0,0,0,0.000239652,0.01128164,0,0.301892817,0,0.11408595,0,0,0,0.00236125,0.374348015,0.000552502,0.032475378,0.006037257,0
71031529,51.3937732,-115.4211178,0.255117148,0.000122633,0,0,0,0,0,0.007334553,0,0.048904277,0,0,0,0,9.20E-05,0.685948908,0,0.002283916,0.000196598
71031561,51.38959075,-115.8457814,0.242623925,0,0,0,0,0,0,0.014973579,0,0.095315836,0,0,0,0,0,0.639775813,0,0.006367983,0.000942879
71031569,51.36221531,-115.7610835,0.428335011,0,0,0,0,0,0,0.057163402,0,0.086525619,0,0,0,0,0,0.419877678,0,0.007973766,0.00012459
71031594,51.39565029,-115.2546318,0.41701892,0,0,0,0,0,0,0.009824366,0,0.043002479,0,0,0,0,0,0.51327008,0.007539062,0.009345118,0
71031611,51.38960973,-114.8933537,0.685622096,0,0,0,0.000561294,0.018000549,0,0.273901552,0,0.011745505,0,0,0,0,0.000145521,0.00076183,0.009261671,0,0
71031640,51.38004055,-114.3042703,0.001778538,0,0,0,0,0,0,0.229614645,0,0.351938307,0,0,0,0.000824377,0.354145288,0.000412188,0.026415644,0.034870997,0
71031642,51.4181067,-115.5749196,0.166715384,0.002020537,0,0,0,0.000773487,0,0.024483226,0,0.125320673,0,0,0,0.001215479,0.000962912,0.674259305,0,0.003528495,0.000720462
71031643,51.39648356,-116.2544302,0.260573477,0,0,0,0,0,0,0.023666356,0,0.051555257,0,0,0,0,0,0.499965906,0.012898103,0.037656855,0.113684006
71031654,51.45293763,-116.1132067,0.458635539,0,0,0,0,0,0,0.087945364,0,0.134485409,0,0,0,0,0,0.311171979,0.002840884,0.004532292,0.000388536
71031687,51.39757363,-115.9993702,0.151357517,0,0,0,0,0,0,0.000161095,0,0.077224575,0,0,0,0,0,0.749633551,0,0.010922233,0.010701085
71031719,51.44229575,-115.8159155,0.238486245,0,0,0,0,9.39E-05,0,0.027827684,0,0.098196596,0,0,0,0,0,0.620900214,0,0.00802102,0.006474361
71031739,51.43830768,-114.965931,0.719490528,0,0,0,0,0.002646868,0,0.194679022,0,0.058492348,0,0,0,0.001678781,0.000997536,0.000276106,0.021665832,7.30E-05,0
71031769,51.44883713,-115.6902507,0.539345622,0.000594537,0,0,0,0.001189074,0,0.086182401,0,0.141395912,0,0,0,9.59E-05,0,0.229566336,0,0.001630182,0
71031785,51.44241443,-115.1600104,0.858948708,0,0,0,0,0,0,0.079142183,0,0.041803293,0,0,0,0,0,0.015490339,0.00237508,0.002240447,0
71031838,51.46184022,-116.0122163,0.222517908,0,0,0,0,0.000221195,0,0.070841953,0,0.151552498,0,0,0,0,0,0.531500101,0,0.021995109,0.001371294
71031849,51.48050484,-115.5440809,0.199877217,0.000279391,0,0,0,0.000191162,0,0.031500496,0,0.093609095,0,0,0,0,0.000911696,0.673557401,0,7.35E-05,0
71031850,51.48873381,-115.9248211,0.269962192,0,0,0,0,0.000484347,0,0.023912903,0,0.070518494,0,0,0,0,0,0.480261892,0,0.040363293,0.114496857
71031855,51.47181347,-115.1750097,0.723624051,0,0,0,0,0,0,0.039845683,0,0.186041221,0,0,0,0,0.002831125,0.030169604,0.017488332,0,0
71031856,51.477935,-115.2671327,0.765399694,0,0,0,0,0,0,0.020665396,0,0.098977417,0,0,0,0,0,0.109577015,0.004392175,0.000915962,7.23E-05
71031863,51.48169957,-114.9417867,0.59294337,0,0,0,0.00015519,0.009563509,0,0.354177624,0,0.024603857,0,0,0,0.004927287,0.001624818,0.000387975,0.011228382,0.000387975,0
71031870,51.49098805,-115.4298648,0.521325707,0.000210939,0,0,0,0,0,0.03710207,0,0.103071436,0,0,0,0.000311387,0.002872877,0.331796587,0.002977516,0.000271208,6.03E-05
71031893,51.48127416,-116.3175536,0.455524683,0,0,0,0,0,0,0.006775104,0,0.02636092,0,0,0,7.64E-05,0,0.394088686,0.007452664,0.009503688,0.100217886
71031911,51.4819098,-115.368828,0.897104204,0,0,0,0,0,0,0.018672545,0,0.03334086,0,0,0,0.000557645,0.001654189,0.0470911,0.000947453,0.000631998,0
71031922,51.50807321,-115.8245005,0.277241737,0,0,0,0,0.00073581,0,0.047291908,0,0.112533279,0,0,0,0,0,0.557046592,0,0.005150667,0
71031931,51.50088933,-114.2285298,0.000148861,0,0,0,6.77E-05,6.77E-05,0,0.0338789,0,0.023993967,0,0,0,0.003031352,0.8795138,0.000235678,0.045624044,0.013438092,0
71031965,51.4852711,-114.6044937,0.216520295,0,0,0,0.001342851,0.034091715,0,0.425835103,0,0.085384704,0,0,0,0.001652497,0.182422698,0.001274985,0.046699826,0.004775334,0
71031968,51.50024931,-115.6266101,0.362217873,0,0,0,0,0.000668185,0,0.058580484,0,0.192995787,0,0,0,0.000126413,9.03E-05,0.372203618,0,0.003196452,0.009920903
71031975,51.53239106,-114.8223851,0.470792502,0,0,0,0,0.03197854,0,0.370702326,0,0.069151983,0,0,0,0.015924159,0.030044617,0.002529499,0.007671768,0.001204551,0
71031986,51.49929164,-115.7308584,0.545613587,0,0,0,0,0.000868192,0,0.080338441,0,0.114805967,0,0,0,0,0,0.257436663,0,0.000930205,6.96E-06
71032024,51.54895643,-114.7545985,0.443532467,0,0,0,0.000580923,0.079749383,0,0.396185428,0,0.016394831,0,0,0,0.02140088,0.019931579,0,0.020538198,0.001686346,0
71032048,51.52477901,-114.9042151,0.48243162,0,0,0,8.13E-05,0.006517594,0,0.48336789,0,0.018238895,0,0,0,0.006652618,0.00157926,0,0.000610176,0.000520585,0
71032073,51.52517174,-116.0151212,0.354734391,0,0,0,0,0,0,0.043536536,0,0.07063441,0,0,0,0,0,0.487208962,0,0.011758183,0.032127488
71032089,51.5287042,-114.5186747,0.001060289,0,0,0,0,0.004161612,0,0.162538901,0,0.111443721,0,0,0,0.001509752,0.673889875,0.000966241,0.041410062,0.003019504,0
71032090,51.5507004,-115.4608175,0.553366244,0,0,0,0,0,0,0.020632233,0,0.076534033,0,0,0,0,0.003194584,0.342406183,0.003619703,0.000247063,0
71032095,51.56107006,-114.4363998,0.004405994,0,0,0,0,0.001378419,0,0.071944997,0,0.026227713,0,0,0,0.003674053,0.84210968,0.000121044,0.044289164,0.005848984,0
71032102,51.53859401,-116.0959128,0.437377602,0,0,0,0,0.000149785,0,0.033497639,0,0.068263613,0,0,0,0,0,0.429661989,0,0.015848396,0.015200961
71032106,51.58081414,-116.03622,0.125586599,0,0,0,0,0,0,0.003940283,0,0.03396339,0,0,0,0.000488198,0,0.58644408,0,0.008438848,0.241138592
71032109,51.56334558,-114.6793909,0.289519399,0,0,0,0.004187885,0.10783378,0,0.395573765,0,0.046414956,0,0,0,0.011373423,0.113018587,0.000101157,0.024761187,0.007215871,0
71032117,51.57337559,-115.7887297,0.33095926,0,0,0,0,0.003762246,0,0.159412399,0,0.191585273,0,0,0,0,0,0.309009075,0.000956197,0.004315517,0
71032185,51.59238669,-116.4137832,0.152439728,0,0,0,0,0,0,0.007639175,0,0.042724799,0,0,0,0,0,0.450598687,0,0.097926497,0.24867107
71032200,51.5785179,-114.2581213,0.000356502,0,0,0,7.75E-05,7.75E-05,0,0.053003959,0,0.050735902,0,0,0,0.002252691,0.789742947,0.000167808,0.047909327,0.055675834,0
71032217,51.59767725,-116.2244049,0.295381576,0,0,0,0,0.000364209,0,0.036335949,0,0.150927469,0,0,0,0,0,0.454344183,0,0.004687217,0.057959378
71032233,51.58162849,-115.8716342,0.272986829,0,0,0,0,0,0,0.026359772,0,0.071031995,0,0,0,0,0,0.624229729,0,0.004185443,0.001206206
71032259,51.59400352,-115.299328,0.694224179,0,0,0,0,0,0,0.029905748,0,0.269645303,0,0,0,0.000408799,0.00012775,0.000664298,0.002750003,0.002273943,0
71032265,51.62423248,-114.9225695,0.564530373,0,0,0,8.81E-05,0.011280531,0,0.367289335,0,0.032161355,0,0,0,0.020471472,0.001226821,0,0,0.002952046,0
71032269,51.61569233,-116.0046986,0.169876426,0,0,0,0,0,0,0.025789013,0,0.070351094,0,0,0,0,0,0.68392086,0,0.024908666,0.025153954
71032287,51.63016267,-115.6791867,0.324571341,0,0,0,0,0,0,0.038781822,0,0.152919576,0,0,0,0,0,0.483511657,0,0.000215649,0
71032292,51.62579152,-116.088587,0.103182144,0,0,0,0,0,0,0.010254256,0,0.069476761,0,0,0,0,0,0.731470108,0,0.004396024,0.081220686
71032377,51.6496102,-114.420382,0.003033402,0,0,0,9.00E-05,0.00189353,0,0.087568574,0,0.019726845,0,0,0,0.001381387,0.829193354,0.004228565,0.043602068,0.009282244,0
71032379,51.63756938,-114.2805515,0.00014502,0,0,0,0,0,0,0.023511337,0,0.027069829,0,0,0,0.00063809,0.891284347,0.001740919,0.04457248,0.011037949,0
71032380,51.65858749,-115.5227124,0.499458492,0,0,0,0,0.00065073,0,0.127456993,0,0.302164465,0,0,0,0,0.000116202,0.069525659,0,0.00062749,0
71032409,51.66166883,-116.1761039,0.221991211,0,0,0,0,0.000232553,0,0.061992165,0,0.113529652,0,0,0,8.21E-05,0,0.582172334,0,0.01351545,0.006484619
71032422,51.67071036,-116.3043232,0.213607669,0,0,0,0,0,0,0.03909865,0,0.106293514,0,0,0,0,0,0.629254103,0.001498653,0.002774432,0.007472941
71032440,51.6657032,-116.4441953,0.326906115,0,0,0,0,0,0,0.024819866,0,0.061498158,0,0,0,0,0,0.443090528,0.006076115,0.04186615,0.095743053
71032455,51.69532565,-115.378993,0.657650769,0,0,0,0,0,0,0.084927097,0,0.226048574,0,0,0,0.000773769,0.000154754,0.02267034,0.007563496,0.000211242,0
71032479,51.67137525,-114.6977175,0.135475606,0,0,0,0.000945679,0.100086555,0,0.398345649,0,0.042256329,0,0,0,0.005448102,0.285309374,0,0.02796017,0.004172492,0
71032486,51.68837012,-114.5720569,0.241915241,0,0,0,0,0.019887852,0,0.346820742,0,0.050916873,0,0,0,0.035727739,0.278809905,0.001634401,0.022292551,0.001994656,0
71032492,51.67389679,-114.7903566,0.366379946,0,0,0,0.001282656,0.163110927,0,0.35516873,0,0.039670117,0,0,0,0.017736433,0.04282026,0.000132038,0.011565846,0.00213308,0
71032531,51.68329374,-115.0492674,0.486599475,0,0,0,0.000208582,0.013342679,0,0.341574669,0,0.09621311,0,0,0,0.022205755,0.024059376,0,0.015398169,0.000398203,0
71032535,51.69955281,-115.2928965,0.448630124,0,0,0,0,0.007292874,0,0.262718022,0,0.250633448,0,0,0,0.002252369,0.002200865,0.016087884,0.009611752,0.000572686,0
71032574,51.69380094,-115.9944854,0.203404635,0,0,0,0,5.10E-05,0,0.035429835,0,0.084270194,0,0,0,0,0,0.663004041,0,0.00760744,0.006232889
71032580,51.72191285,-115.8092228,0.215443224,0,0,0,0,0,0,0.087218694,0,0.147833392,0,0,0,0,0,0.549236476,0,0.000268192,0
71032602,51.7185497,-115.9019076,0.217982978,0,0,0,0,0,0,0.101265989,0,0.237448975,0,0,0,0,0,0.441953391,0,0.001348696,0
71032618,51.75033746,-115.0135828,0.520846605,0,0,0,0,0.005318439,0,0.278574973,0,0.136463404,0,0,0,0.051946808,0.001747991,0.000232452,0.00486934,0,0
71032632,51.72799695,-115.1236001,0.559433043,0,0,0,0.000243328,0.000800954,0,0.218561992,0,0.171834961,0,0,0,0.038143668,0.003501378,0.000536381,0.003071367,0.003872968,0
71032649,51.72671152,-114.4295099,0.00959245,0,0,0,0,0.000777766,0,0.096227966,0,0.013052966,0,0,0,0.00537955,0.815657616,0,0.054753151,0.004558574,0
71032673,51.72168582,-114.7141022,0.101170488,0,0,0,0.000196995,0.03314298,0,0.292074978,0,0.065601625,0,0,0,0.007422122,0.458933175,0,0.041063655,0.000393991,0
71032682,51.76305572,-115.3156646,0.605473638,0,0,0,0.000228036,0.010551713,0,0.181592613,0,0.119354978,0,0,0,0.004912689,0.000781571,0.061258066,0.013648633,0.002198016,0
71032683,51.7526983,-115.7099863,0.252595276,0,0,0,0,0.002591625,0,0.073471256,0,0.281468093,0,0,0,0,0,0.389873743,0,0,0
71032795,51.76915041,-114.9111639,0.245454371,0,0,0,0.001639047,0.07279589,0,0.536690176,0,0.056504555,0,0,0,0.024158744,0.043643627,0,0.016314309,0.002799241,0
71032802,51.77967406,-115.6912134,0.419290274,0,0,0,0,0.000853935,0,0.072276406,0,0.23844412,0,0,0,0,0,0.266910285,0.001484447,0.000686426,5.40E-05
71032804,51.82430369,-114.257242,0.003787381,0,0,0,0.000919104,0.002984317,0,0.063781321,0,0.019247452,0,0,0,0.011203584,0.843902647,0.001308371,0.046118516,0.006747302,0
71032823,51.77531994,-114.7917087,0.203893214,0,0,0,0,0.021191927,0,0.242738217,0,0.163759276,0,0,0,0.035912666,0.284744978,0.011818074,0.030614071,0.005327578,0
71032838,51.79529331,-115.5288567,0.521342278,0,0,0,0,0.000520338,0,0.053320851,0,0.158127978,0,0,0,0.000198953,0,0.2650114,0.001243564,0.000234657,0
71032842,51.84348694,-114.1708961,0.003801816,0,0,0,0.000299507,0.000637188,0,0.041469939,0,0.04849574,0,0,0,0.00980769,0.790328264,0.000971684,0.094308712,0.0098795,0
71032859,51.79126085,-115.138152,0.346082419,0,0,0,0,0.001878409,0,0.292154759,0,0.26405111,0,0,0,0.058352865,0.001114149,0.019846471,0.016519874,0,0
71032896,51.80677116,-114.95489,0.162023872,0,0,0,0.001476751,0.081086613,0,0.573996544,0,0.071744159,0,0,0,0.032961778,0.03078663,0.000767123,0.04302052,0.002136014,0
71032903,51.85043719,-114.5150736,0.060398184,0,0,0,0.00020602,0.003537855,0,0.137418225,0,0.034874905,0,0,0,0.02602892,0.688264549,0.00216712,0.046212815,0.000891388,0
71032914,51.80621073,-115.061323,0.48779723,0,0,0,0.000142731,0.020236161,0,0.300600171,0,0.098254062,0,0,0,0.03848527,0.00090921,0.012697168,0.040878028,0,0
71032972,51.84883296,-114.9711961,0.179020986,0,0,0,0.003902073,0.08367721,0,0.509925604,0,0.1020841,0,0,0,0.050342683,0.035184179,0.001393242,0.034071859,0.000398085,0
71032973,51.83312097,-115.3693538,0.777459979,0,0,0,0,0.001310236,0,0.068116367,0,0.085074052,0,0,0,0.002622833,0.000881561,0.055474382,0.009029419,3.12E-05,0
71033026,51.87025935,-115.1901046,0.417347968,0,0,0,0.000698272,0.019675503,0,0.347127765,0,0.183970556,0,0,0,0.013722671,0.003665259,0.000720093,0.013071901,0,0
71033035,51.86727228,-114.7099177,0.028057488,0,0,0,0.00143125,0.030399187,0,0.372163922,0,0.045918569,0,0,0,0.027784241,0.449471623,0.000118704,0.040548805,0.004106182,0
71033120,51.89579543,-115.220035,0.758324981,0,0,0,0,0.006075068,0,0.124475107,0,0.088125922,0,0,0,0.009751912,0.003658718,0.000273187,0.009234891,8.02E-05,0
71033126,51.87152275,-114.1126143,0.000180623,0,0,0,0.000126436,0.000400142,0,0.012951331,0,0.007665785,0,0,0,0.001571422,0.890839875,0.000361247,0.072120972,0.013782191,0
71033183,51.90896576,-114.0411108,0.000124952,0,0,0,0,0.001149718,0,0.021198558,0,0.03405191,0,0,0,0.003672634,0.78706336,0.000318455,0.088825241,0.063595183,0
71033247,51.90288391,-114.4001763,0.01341459,0,0,0,0.000731715,0.005193503,0,0.110034108,0,0.017076515,0,0,0,0.007959122,0.787496686,0.001223234,0.0546786,0.002191924,0
71033313,51.96248105,-114.3217196,0.006670238,0,0,0,0.000132907,0.004221585,0,0.104368269,0,0.047485169,0,0,0,0.018218614,0.753774345,0.006278316,0.046598423,0.012252108,0
71033318,51.94075582,-113.9699916,0.000529977,0,0,0,0.000144539,0.004964234,0,0.069367073,0,0.036476456,0,0,0,0.002552558,0.83286339,0.001276762,0.045558639,0.006266385,0
71033334,51.95441591,-114.9109475,0.408256561,0,0,0,0.00057772,0.041004248,0,0.28523761,0,0.069160752,0,0,0,0.101447202,0.027592784,0.000467067,0.027372336,0.038883772,0
71033362,51.97653992,-114.584281,0.118401982,0,0,0,0.008768647,0.037832391,0,0.341908842,0,0.018839242,0,0,0,0.072150052,0.363985151,0.002109298,0.032352205,0.003652216,0
71033367,51.96525809,-113.9116205,8.48E-05,0,0,0,0.001771152,0.003210092,0,0.028335575,0,0.030253686,0,0,0,0.004197072,0.882035017,0.000271501,0.038380701,0.011460337,0
71034975,50.56092129,-113.9719258,0.002976889,0,0,0,0,0,0,0.084350087,0,0.230726272,0,0,0,0.000218061,0.568741024,0.006332488,0.078792505,0.027862668,0
71035002,50.5169477,-114.1148712,0.002387099,0,0,0,0,0,0,0.18529506,0,0.403957039,0,0,0,0,0.359523833,0.004788961,0.028962053,0.015085932,0
71035044,50.51465577,-114.183957,0.007145327,0,0,0,0,0,0,0.247231483,0,0.468740374,0,0,0,0.000206552,0.244419456,0.000645476,0.015821436,0.015789878,0
71035105,50.53179894,-114.2983942,0.01856258,0,0,0,0,0,0,0.551502109,0,0.332826406,0,0,0,0.000106395,0.043801621,0.003085459,0.030208871,0.019906566,0
71035129,50.54378383,-114.3705603,0.098679408,0,0,0,0,0,0,0.631504059,0,0.220601246,0,0,0,0,0.004960155,0.002001443,0.015114075,0.02713963,0
71035166,50.50200803,-114.4078507,0.095061891,0,0,0,0,0,0,0.674596786,0,0.19267337,0,0,0,0.001931412,0.003881053,0.001130582,0.016198488,0.014526386,0
71035238,50.95172671,-115.1166303,0.559261858,0,0,0,0,0,0,0.061478339,0,0.105881043,0,0,0,0,0,0.255202144,0.008195532,0.009981065,0
71035289,50.90623634,-115.1340627,0.56114465,0,0,0,0,0,0,0.229200751,0,0.10624449,0,0,0,0,0,0.074201994,0.027438888,0.001769225,0
71035337,50.87354092,-115.158319,0.630319715,0,0,0,0,0,0,0.077321649,0,0.069988512,0,0,0,0,0,0.199902564,0.018585375,0.00388218,0
71035349,50.47250826,-114.1452759,0.006697911,0,0,0,0,0,0,0.106749609,0,0.410406977,0,0,0,0,0.44127357,0.000625918,0.034246046,0,0
71035360,50.85393807,-115.1756505,0.697243392,0,0,0,0,0,0,0.052719701,0,0.126959741,0,0,0,0,0,0.084061176,0.039015945,0,0
71035362,50.41205522,-114.5004261,0.32061547,0,0,0,0.00036989,0.000303499,0,0.46597594,0,0.15907146,0,0,0,0.00045348,0.001234643,0.008268273,0.03582982,0.007877525,0
71035480,50.40024257,-114.6266834,0.499984741,0,0,0,0,0,0,0.097891226,0,0.212681785,0,0,0,0,0,0.174743235,0.014699031,0,0
71035677,50.39742673,-114.7069141,0.724026978,0,0,0,0,0,0,0.086922459,0,0.117233709,0,0,0,0,0,0.062121693,0.009064167,0.000630989,0
71035692,50.76418451,-115.1406077,0.51341027,0,0,0,0,0,0,0.077949718,0,0.13104865,0,0,0,0,0,0.258849889,0.017628971,0.000987055,0.000125396
71035771,50.71878811,-115.1590207,0.631761134,0,0,0,0,0,0,0.066724166,0,0.102710024,0,0,0,0,0,0.157653898,0.018761391,0.022389399,0
71035810,50.44281052,-114.2605298,0.002324911,0,0,0,0,0,0,0.431216568,0,0.419264495,0,0,0,0.00012547,0.12845704,0.000223447,0.01641823,0.001969873,0
71035831,50.88653736,-115.374842,0.118098781,0,0,0,0,0,0,0,0,0.026541606,0,0,0,0,0,0.005015425,0,0.850344181,0
71035895,50.46842014,-114.7532718,0.662788689,0,0,0,0,0,0,0.05759728,0,0.097427316,0,0,0,0.000134952,0,0.175269723,0.006489664,0.000292396,0
71035930,50.41435601,-114.1986791,0.001114771,0,0,0,0,0,0,0.355547726,0,0.345699668,0,0,0,0,0.279265493,9.19E-05,0.013013201,0.005267201,0
71035946,50.65848031,-115.1440531,0.569138527,0,0,0,0,0,0,0.024651112,0,0.069378681,0,0,0,0,0,0.101856992,0.02826586,0.206708819,0
71035979,50.85049702,-115.391254,0.590822756,0,0,0,0,0,0,0.023843195,0,0.061174039,0,0,0,0,0,0.163106129,0.004117283,0.155922562,0.001014053
71036085,50.54656188,-114.4180021,0.140423954,0,0,0,0,0,0,0.773765564,0,0.05671424,0,0,0,0,0.010645803,0,0.015602435,0.002848005,0
71036096,50.86852923,-115.4319138,0.563190818,0,0,0,0,0,0,0.014813365,0,0.159992412,0,0,0,0,0,0.116489232,0,0.145514175,0
71036098,50.32782269,-114.5758746,0.761134803,0,0,0,0,0,0,0.060666099,0,0.071755089,0,0,0,0,0,0.101346947,0.005097101,0,0
71036132,50.28681099,-114.5914106,0.815724969,0,0,0,0,0,0,0.037489083,0,0.098464072,0,0,0,0,0,0,0.048321854,0,0
71036170,50.4978182,-114.8336846,0.693837881,0,0,0,0,0,0,0.059666421,0,0.091076389,0,0,0,0,0,0.147191241,0.006037577,0.002075179,0.000115288
71036194,50.33856773,-114.2184186,0.00026244,0,0,0,0,0,0,0.652635813,0,0.328588247,0,0,0,5.53E-05,0.000560157,0,0.017530581,0.000367416,0
71036211,50.62151541,-115.1595427,0.376540154,0,0,0,0,0,0,0.023975849,0,0.086975671,0,0,0,0,0,0.265471339,0.008392367,0.231536955,0.007107687
71036250,50.36802063,-114.6412825,0.865980566,0,0,0,0,0,0,0.055340759,0,0.049465537,0,0,0,0,0,0,0.02921317,0,0
71036324,50.83247067,-115.4384774,0.827768862,0,0,0,0,0,0,0.024097528,0,0.030618943,0,0,0,0,0,0.116063014,0,0.001451649,0
71036389,50.86259961,-115.5048067,0.4106718,0,0,0,0,0,0,0.031857319,0,0.155223265,0,0,0,0,0,0.386709839,0,0.011283683,0.004254093
71036422,50.5095242,-114.4629424,0.25092715,0,0,0,0,0,0,0.588401496,0,0.112768754,0,0,0,0.000696626,0.032939523,0,0.014266395,0,0
71036466,50.25362116,-114.637318,0.833572388,0,0,0,0,0,0,0.074380286,0,0.08846274,0,0,0,0,0,0.001129591,0.002455046,0,0
71037058,50.21557566,-114.5914272,0.821291924,0,0,0,0,0,0,0.030104905,0,0.126262873,0,0,0,0,0,0.008185902,0.014154367,0,0
71037075,50.20514323,-114.6905701,0.807427049,0,0,0,0,0,0,0.057484355,0,0.062873609,0,0,0,0,0,0.06468302,0.007531881,0,0
71037191,50.24893058,-114.7230147,0.692163646,0,0,0,0,0,0,0.078034624,0,0.072421007,0,0,0,0,0,0.156142652,0,0.001238148,0
71037229,50.27870924,-114.2826565,0.106763959,0,0,0,7.90E-05,0,0,0.748235285,0,0.106634431,0,0,0,0.024964822,0.000289731,0,0.012258611,0.000774139,0
71037254,50.25829281,-114.5430135,0.59495455,0,0,0,0,0,0,0.015309221,0,0.221326187,0,0,0,0,0,0.166485891,0.001924241,0,0
71037321,50.33655639,-114.4619306,0.480184108,0,0,0,0.000718975,0.00011423,0,0.340489596,0,0.145487592,0,0,0,0.001181155,0.000683958,0.026507683,0.002240621,0.002392103,0
71037334,50.30991935,-114.6742282,0.852314174,0,0,0,0,0,0,0.061903346,0,0.032673422,0,0,0,0,0,0.045688827,0.007420185,0,0
71037400,50.32237485,-114.3401493,0.17351006,0,0,0,0.001242101,0.000469702,0,0.522481561,0,0.285901934,0,0,0,0.011139645,0,0,0.001319906,0.00393506,0
71037433,50.33395763,-114.7231286,0.599594653,0,0,0,0,0,0,0.042674378,0,0.10824804,0,0,0,0,0,0.248581305,0.000374369,0.000527282,0
71037546,50.36831697,-114.2757305,0.005952387,0,0,0,0.000171046,0,0,0.48872453,0,0.486570537,0,0,0,0.001240412,0.000273673,0,0.00198118,0.015086222,0
71037612,50.41159506,-114.3724725,0.069694586,0,0,0,0.000280567,0,0,0.625103176,0,0.297044575,0,0,0,0.000448907,0.001374776,6.43E-05,0.001948999,0.004040159,0
71037682,50.40514014,-114.8013865,0.518476665,0,0,0,0,0,0,0.219337314,0,0.097446606,0,0,0,0,0,0.161625385,0,0.003113974,0
71037762,50.4558553,-114.856204,0.688923538,0,0,0,0,0,0,0.075936854,0,0.048330478,0,0,0,0,0,0.185073584,0,0.001735618,0
71037815,50.47363442,-114.3299475,0.00219489,0,0,0,0.000149126,0,0,0.638085067,0,0.316807479,0,0,0,8.13E-05,0.032331098,5.16E-05,0.00553591,0.004763563,0
71037856,50.47214372,-114.5945668,0.416698366,0,0,0,9.78E-05,3.26E-05,0,0.22452797,0,0.131115019,0,0,0,0.000588155,0.000557515,0.222789571,0.003188405,0.000404601,0
71037879,50.50717277,-114.5534324,0.615886807,0,0,0,0,0,0,0.300168216,0,0.082384281,0,0,0,0,0,0.001560695,0,0,0
71037949,50.54868979,-114.4717964,0.584139884,0,0,0,0,0,0,0.364888847,0,0.049502935,0,0,0,0,0.001468316,0,0,0,0
71037968,50.55185315,-114.1024798,0.000228092,0,0,0,0,0,0,0.14025034,0,0.293759912,0,0,0,0,0.515226245,0.000162923,0.046604574,0.003767911,0
71037977,50.54370283,-114.9384401,0.484033585,0,0,0,0,0,0,0.099801369,0,0.134426922,0,0,0,0,0,0.27215305,0.009062802,0.000522249,0
71037990,50.53762083,-114.5681325,0.708909869,0,0,0,0,0,0,0.178565919,0,0.089767165,0,0,0,0,0.00051598,0.014603021,0.007638071,0,0
71038014,50.56068095,-114.8771114,0.568714797,0,0,0,0,0,0,0.061205704,0,0.149175286,0,0,0,0,0,0.218742281,0.001613079,4.00E-06,0.000544844
71038064,50.57653828,-114.411096,0.28726086,0,0,0,0,0,0,0.509549439,0,0.20017615,0,0,0,0.000152828,0.000244526,0,0.001271277,0.00134489,0
71038127,50.57639261,-115.2030294,0.103446387,0,0,0,0,0,0,0.011568049,0,0.075519368,0,0,0,0,0,0.613120079,0,0.033454113,0.162892044
71038233,50.59754044,-115.0811036,0.782675087,0.000193965,0,0,0,0,0,0.031470206,0,0.040914465,0,0,0,0,0,0.133907169,0.008119876,0.002719247,0
71038278,50.64291403,-115.050557,0.564524114,0,0,0,0,0,0,0.05714874,0,0.100124992,0,0,0,0,0,0.260376364,0.016307568,0.001101399,0.000416745
71038383,50.65407259,-115.2548218,0.248362646,0,0,0,0,0,0,0.017189277,0,0.09080337,0,0,0,0,0,0.538386345,0,0.022476191,0.082782179
71038637,50.76415142,-115.4071225,0.468210578,0.001208802,0,0,0,0,0,0.1222592,0,0.099458218,0,0,0,0,0,0.27107662,0,0.014691084,0.023095524
71038722,50.75139123,-115.2609623,0.452246547,3.38E-05,0,0,0,0,0,0.049084395,0,0.075036146,0,0,0,3.38E-05,0,0.390199572,0.006317769,0.008932519,0.018115355
71038826,50.80445064,-115.4978113,0.357873499,0,0,0,0,0,0,0.050973199,0,0.117861331,0,0,0,0,0,0.443281442,0,0.007912448,0.022098079
71038844,50.82771671,-115.3270675,0.513739288,0,0,0,0,0,0,0.059356537,0,0.0773817,0,0,0,0.000666243,0,0.326331556,0.007070438,0.014326735,0.001127488
71038890,50.82079841,-115.1262127,0.400488585,0,0,0,0,0,0,0.043868762,0,0.184918001,0,0,0,0,0,0.36936149,0.001154318,0,0.000208874
71038901,50.84678724,-115.0678051,0.42864272,0,0,0,0,0,0,0.037630782,0,0.103802592,0,0,0,0,0,0.427430063,0.002279182,0.000214654,0
71038946,50.85172861,-115.2307212,0.366987646,0,0,0,0,0,0,0.095207267,0,0.128116846,0,0,0,0.000164259,0,0.39314118,0,0.016082115,0.000300711
71038961,50.86819711,-115.588181,0.301505029,0,0,0,0,0,0,0.020356178,0,0.111251473,0,0,0,0,0,0.348514527,0,0.078746155,0.139626682
71039048,50.91252895,-115.4650436,0.305864453,0,0,0,0,0,0,0.018581526,0,0.168456092,0,0,0,0,0,0.497843713,0,0.004699989,0.004554179
71039109,50.93167152,-115.5545175,0.26317516,0,0,0,0,0,0,0.084291123,0,0.159419537,0,0,0,0.000643047,0,0.488989532,0,0.00262423,0.000857396
71039121,50.91734192,-115.2165672,0.314820707,0.000742882,0,0,0,0,0,0.085995436,0,0.104014315,0,0,0,0,0,0.482973963,0.004573062,0.006516809,0.000362803
71039250,50.95241359,-115.0347456,0.50325352,0,0,0,0,0,0,0.000132995,0,0.095132723,0,0,0,0,0,0.393934995,0.001138362,0.006407387,0
71039266,50.93627307,-115.3234242,0.321028471,4.75E-05,0,0,0,0,0,0.003680115,0,0.091682263,0,0,0,0,0,0.451254517,0.017152175,0.112424053,0.002730891