COMID,min,max,mean,median
71022153,849.900024414062,976.200012207031,893.197143554688,884.584017602339
71022160,859.299987792969,970.799987792969,915.923583984375,915.816054798031
71022164,884.799987792969,936.600036621094,912.301208496094,913.374357850025
71022165,888.799987792969,910.400024414062,899.861145019531,900.674615183187
71022168,889.5,949.200012207031,913.4755859375,910.311954887468
71022170,892.600036621094,951,920.798217773438,921.419944922596
71022198,895.700012207031,996.100036621094,945.832580566406,945.965122240254
71022209,956.700012207031,998.5,970.798217773438,972.594890163311
71022220,957.299987792969,1011.90002441406,980.116760253906,980.341828407842
71022225,964.400024414062,1013.40002441406,984.080749511719,985.172719088469
71022242,966.799987792969,1087.90002441406,1027.83471679688,1026.24142697941
71022248,1015.60003662109,1065,1028.84045410156,1026.30475619876
71022253,1019.40002441406,1090,1046.36596679688,1036.85304623421
71022302,896.299987792969,956.799987792969,931.862365722656,938.318034172057
71022305,914.400024414062,947.200012207031,935.580871582031,938.359091265713
71022365,916.5,980.100036621094,947.38818359375,949.274872479574
71022407,914.299987792969,1044.5,959.585998535156,952.018687702323
71022409,1028,1504.40002441406,1215.08239746094,1223.80683876556
71022426,884.799987792969,971.100036621094,930.422607421875,930.87922827061
71022435,916.5,1059.20007324219,978.95947265625,972.503693040034
71022444,892.900024414062,1031.5,950.590148925781,945.101387801498
71022454,955.600036621094,1039.70007324219,980.837280273438,978.123910848811
71022635,894.799987792969,921,905.872741699219,905.684640150134
71022639,897.799987792969,917.100036621094,904.349670410156,904.259840116737
71022647,900.900024414062,947.400024414062,917.98974609375,914.816987922891
71022661,902.100036621094,924.400024414062,909.429077148438,909.496145238109
71022679,904.5,928.200012207031,911.576232910156,911.255227481621
71022693,908.900024414062,977.200012207031,925.009582519531,918.108155888111
71022754,910.100036621094,998.400024414062,958.137329101562,959.444348244758
71022780,915.600036621094,958.700012207031,931.617980957031,929.330830182841
71022911,917.799987792969,1054.5,960.065185546875,958.875832708588
71022945,927.900024414062,965.299987792969,940.338256835938,938.619405668082
71022992,931.100036621094,1083.20007324219,953.809143066406,948.114048779591
71023020,916.600036621094,1057.70007324219,956.506652832031,954.262565854382
71023103,921.400024414062,985.400024414062,955.515930175781,957.537573494109
71023104,933.400024414062,1010.90002441406,945.11767578125,942.435639886743
71023181,936,958.700012207031,946.534362792969,947.327140590123
71023309,925.400024414062,1015.20001220703,974.126892089844,971.096944669761
71023477,939,1007.29998779297,956.321105957031,953.456468963625
71023591,962.5,994,971.720336914062,969.508524020773
71023606,871.5,985.5,939.791931152344,937.683712346328
71023674,934.400024414062,1015.70001220703,981.685607910156,978.806949531945
71023778,947.100036621094,968,953.865478515625,953.499067101845
71023889,908.799987792969,971.5,928.572998046875,922.361683961795
71023895,935.400024414062,1103,961.606994628906,955.815406480871
71023936,947.100036621094,1052.20007324219,982.092712402344,978.505459542329
71023982,968.100036621094,1023.10003662109,987.232482910156,987.031524100938
71023994,930,1007.60003662109,948.769104003906,941.60260755305
71024080,965.600036621094,1075.59997558594,1000.55352783203,997.752376883606
71024082,921.799987792969,1069.90002441406,978.148315429688,965.984837608684
71024128,925.400024414062,1106.70007324219,988.176879882812,978.098624433351
71024198,897.799987792969,981.600036621094,948.229187011719,950.361263341735
71024229,919.5,988.799987792969,946.968566894531,946.454833913329
71024292,932.700012207031,1047.80004882812,961.226928710938,955.16264442046
71024386,938.900024414062,1023.79998779297,958.567687988281,954.08240584594
71024448,1015.10003662109,1208.20007324219,1128.22387695312,1135.20409475148
71024474,1027,1234,1152.34582519531,1161.17232141172
71024483,957.299987792969,1078.59997558594,1014.37127685547,1006.88013866212
71024488,966.799987792969,1134.90002441406,1061.90576171875,1062.99356882195
71024578,889.900024414062,942.600036621094,920.381530761719,918.378510413564
71024598,950.299987792969,989.100036621094,973.469299316406,974.187462875524
71024619,1018.70001220703,1091.20007324219,1058.150390625,1059.35806504885
71024720,948.900024414062,1003.70001220703,976.725830078125,979.038423065395
71024795,967,1015,991.105407714844,990.295528934747
71024843,904.5,986.600036621094,938.516357421875,942.173876483054
71024862,977.900024414062,1085.5,1025.02758789062,1021.1921689908
71024996,904.600036621094,1004.5,942.382690429688,929.429881376384
71025043,919.5,1005.90002441406,968.361877441406,968.173402346525
71025044,941.900024414062,1011,990.640808105469,995.588708227777
71025052,979.400024414062,1018.10003662109,997.587097167969,998.743829366441
71025086,901.299987792969,1003.90002441406,944.902404785156,937.403687138797
71025125,978.299987792969,1024.5,996.8759765625,996.31996320758
71025142,941.700012207031,1013.90002441406,983.411560058594,982.859250474385
71025201,930,1000,953.103393554688,943.523941584619
71025219,977.799987792969,1015.70001220703,1000.60961914062,1001.36307954118
71025298,912,1007.60003662109,954.74169921875,958.358217722478
71025323,935.700012207031,1001.29998779297,975.228515625,981.970186470047
71025411,916.700012207031,994.900024414062,960.087890625,964.202979870931
71025440,968.700012207031,1023.70001220703,988.641540527344,986.814943065007
71025547,935.799987792969,1114.90002441406,963.736267089844,962.446911689546
71025568,939.799987792969,1074,986.384704589844,981.049187441611
71025583,931.900024414062,1080,986.257873535156,987.45597092901
71025693,928.900024414062,1069.90002441406,976.34130859375,967.381307043664
71025799,940.700012207031,1101.80004882812,1037.44982910156,1046.38723119153
71025839,944.900024414062,1089.30004882812,1019.52453613281,1022.10353921404
71025869,931.100036621094,1084.40002441406,975.265075683594,967.445225816471
71025911,944.900024414062,1106.30004882812,1007.94744873047,1003.89976058121
71026015,981.799987792969,1125.09997558594,1051.61120605469,1053.1575665498
71026036,947.299987792969,1112.20007324219,1025.61730957031,1028.23248076625
71026037,982.700012207031,1128.30004882812,1058.44409179688,1062.07395488228
71026134,941.5,1083.09997558594,986.272338867188,988.082591019536
71026193,940.700012207031,1021.70001220703,979.201110839844,981.214500031876
71026196,947,1136.5,1012.07415771484,1007.43131098149
71026344,947.100036621094,1136,1001.82397460938,985.728267716702
71026572,947.100036621094,1097.59997558594,990.867919921875,993.039565451637
71026700,964.799987792969,1069,1005.86975097656,1006.39182351415
71026853,965,1050.59997558594,1007.60711669922,1007.54136036367
71027942,1036.59997558594,1318.09997558594,1159.89196777344,1154.58831912414
71027957,1087.30004882812,1351.30004882812,1204.34362792969,1199.27032159799
71027962,1118.40002441406,1196.70007324219,1143.35778808594,1137.41903994339
71027963,1123.59997558594,1285.20007324219,1185.27783203125,1181.6102957319
71027969,1126.5,1360.59997558594,1236.83642578125,1234.62221483844
71027979,1137.70007324219,1354.30004882812,1210.75964355469,1205.65693853788
71027981,1145.40002441406,1359.40002441406,1224.66882324219,1202.67959317633
71027992,1153.09997558594,1360.20007324219,1251.822265625,1256.02533025629
71028007,1177.30004882812,1551.5,1294.23522949219,1282.01916613227
71028014,1189.70007324219,1394.59997558594,1260.9208984375,1255.1876202327
71028023,1194.09997558594,1487.5,1289.5673828125,1276.80229509381
71028027,1207.40002441406,1469.80004882812,1281.97412109375,1281.0756050938
71028039,1222.09997558594,2091.90014648438,1347.12866210938,1317.59021455304
71028054,1275.09997558594,2606.69995117188,1628.22412109375,1560.2803801837
71028062,1123.59997558594,1344.40002441406,1226.13061523438,1220.31967270047
71028073,1291.90002441406,2684,1729.2607421875,1669.78372640605
71028095,1293.30004882812,2958.30004882812,1713.90747070312,1610.9207552601
71028097,1192.09997558594,1334,1252.41613769531,1251.76134828945
71028132,1236.90002441406,1376,1286.51721191406,1286.6429240114
71028140,1304.59997558594,2978.80004882812,1699.36499023438,1529.7165923452
71028159,1329.5,2928.19995117188,1793.34838867188,1711.65745740831
71028189,1338,2922.40014648438,1542.95373535156,1393.82807091823
71028215,1280.90002441406,2405.80004882812,1492.68701171875,1444.12228887606
71028221,1360.70007324219,2950.60009765625,1847.58850097656,1739.79666611998
71028249,1275,1995.30004882812,1388.85290527344,1340.12677234223
71028304,1329.59997558594,2310.40014648438,1623.84289550781,1567.43092944293
71028311,1465.70007324219,3086.60009765625,2028.33605957031,2004.51273448536
71028377,1402.30004882812,2475.69995117188,1725.93371582031,1715.47715657385
71028380,1401.30004882812,2226,1732.60510253906,1702.17225048539
71028490,975.299987792969,1066.40002441406,1013.16345214844,1008.28635203768
71028494,998.299987792969,1138.40002441406,1063.7158203125,1067.54620223037
71028498,1024.70007324219,1210.70007324219,1098.30834960938,1084.16194526896
71028505,1050,1214.30004882812,1128.09899902344,1128.73733006167
71028510,1091.70007324219,1192.5,1131.41467285156,1129.67927688191
71028524,943.400024414062,987.900024414062,959.388793945312,955.734559555685
71028526,1106.59997558594,1302.5,1169.39892578125,1166.70229229577
71028531,949.700012207031,1004.20001220703,967.169799804688,962.239324396307
71028546,959.400024414062,1079.30004882812,1004.84796142578,994.287844519536
71028558,1173.90002441406,1452,1310.57568359375,1307.49323745869
71028580,978.299987792969,1163.70007324219,1051.34826660156,1047.99748861412
71028585,1360.70007324219,2256.90014648438,1540.53430175781,1428.63520482869
71028597,1380.20007324219,2508.90014648438,1606.42224121094,1472.1107291648
71028598,1252.70007324219,1689.30004882812,1411.45361328125,1398.21796963526
71028609,1380.30004882812,2757.90014648438,1851.7880859375,1856.58921691928
71028657,1334.5,1978.30004882812,1553.43395996094,1547.72578361308
71028663,1414.90002441406,1737.40002441406,1499.02526855469,1505.97769624893
71028675,1007.90002441406,1097.59997558594,1048.29296875,1051.8611561502
71028676,1380.5,2955.80004882812,1887.36267089844,1853.65979142071
71028681,1106.5,1124.30004882812,1111.91577148438,1111.49999999999
71028685,1426.20007324219,1772.20007324219,1520.55676269531,1504.09440358867
71028699,1457.20007324219,1683.59997558594,1518.42224121094,1506.53874328476
71028700,1408.30004882812,2755.10009765625,1655.12658691406,1511.32829118952
71028722,1007.90002441406,1193.09997558594,1102.31909179688,1097.20969329484
71028727,1025,1232.40002441406,1118.90185546875,1115.63625802682
71028734,1110.30004882812,1224.30004882812,1155.66735839844,1152.59668606332
71028740,1415.80004882812,2854.90014648438,1918.70886230469,1916.32947914161
71028757,1189.5,1387.20007324219,1268.83703613281,1266.1582521685
71028795,1015.20001220703,1139.40002441406,1059.26416015625,1057.22901059244
71028833,1216.30004882812,1617.90002441406,1381.46923828125,1372.02493326526
71028835,1033.20007324219,1101.90002441406,1057.419921875,1056.0663215872
71028847,1470.20007324219,2508.5,1775.72058105469,1732.63266024927
71028852,1430.5,2988.40014648438,1858.00366210938,1729.82381284373
71028865,1554.70007324219,2457.30004882812,1817.56420898438,1744.4476405713
71028867,1075.40002441406,1286.20007324219,1167.39636230469,1162.90571575281
71028893,1041.20007324219,1132.09997558594,1081.08898925781,1081.73916266946
71028904,1486.59997558594,2816.19995117188,1826.9384765625,1720.91311805586
71028945,1053.09997558594,1123.59997558594,1083.1044921875,1086.91871383218
71028957,1498.80004882812,3097.10009765625,1798.77172851562,1709.03759755203
71028961,1560.40002441406,2953.30004882812,1910.76525878906,1830.7066715894
71028963,1123.80004882812,1290.20007324219,1200.37634277344,1206.50348303506
71028968,1264.59997558594,1701,1416.38720703125,1399.20522031321
71028974,1513.09997558594,2649,1885.56188964844,1795.00634306366
71028975,1060.09997558594,1120.70007324219,1085.61352539062,1084.07862773356
71029016,1520.59997558594,2374.19995117188,1663.63671875,1614.43838751281
71029022,1536.09997558594,1595.09997558594,1542.31921386719,1537.96100952149
71029028,1147.90002441406,1245.59997558594,1189.88171386719,1190.31617943865
71029042,1348.90002441406,1482.30004882812,1408.54016113281,1395.05975552266
71029057,1104.59997558594,1497.5,1230.19287109375,1223.62938212115
71029064,1455.59997558594,2164.40014648438,1713.36706542969,1721.16712564261
71029071,1537.80004882812,1769.5,1618.19006347656,1610.57995559922
71029118,1339.09997558594,2996.10009765625,1786.61096191406,1597.9582092662
71029134,1159.09997558594,1387.90002441406,1263.32983398438,1263.94408469754
71029150,1226.59997558594,1485,1320.59289550781,1311.41154109441
71029158,1549.70007324219,2457.19995117188,1815.140625,1792.85423352406
71029189,1586.5,2494.80004882812,1895.81188964844,1869.30731600467
71029203,1605,2982.19995117188,2077.2958984375,2080.6233386694
71029212,1142.80004882812,1482.30004882812,1279.10791015625,1278.87015023237
71029225,1258.09997558594,1533.70007324219,1349.7490234375,1334.92405956253
71029334,1066.30004882812,1149,1094.544921875,1092.14039138569
71029335,1685.40002441406,2720.69995117188,1943.31628417969,1835.71267039506
71029380,1091.70007324219,1194.80004882812,1123.42321777344,1121.7491058544
71029391,1265.59997558594,1767.59997558594,1488.31433105469,1483.88073010552
71029414,1334.30004882812,1884.90002441406,1559.46716308594,1556.24305498177
71029434,1185.09997558594,1453.09997558594,1322.123046875,1321.47568384012
71029448,1470.59997558594,2976.19995117188,2077.1201171875,2062.32831609877
71029450,1637.70007324219,1640.40002441406,1639.05004882812,1640.20007324219
71029451,1275,1578.59997558594,1373.81982421875,1353.8859411043
71029490,1609,2953.30004882812,2018.74011230469,1959.91447070499
71029520,1727.30004882812,2955.90014648438,2159.94604492188,2177.96130222399
71029528,1557.80004882812,3294.40014648438,1948.75964355469,1817.55581381624
71029602,1257.80004882812,1383.5,1281.20812988281,1266.89197268902
71029639,1390.59997558594,1654,1488.29895019531,1487.50160281501
71029646,1766.5,3123.40014648438,2233.38061523438,2230.57094900771
71029715,1265.09997558594,1445.5,1314.82629394531,1301.06257870325
71029721,1443.5,1937.30004882812,1631.19445800781,1630.36180621949
71029759,1074.5,1254.40002441406,1151.55834960938,1148.9269221812
71029766,1809.40002441406,2921.90014648438,2024.23352050781,1927.44795919253
71029770,1243.80004882812,1467.09997558594,1355.81481933594,1359.35353159351
71029778,1745.40002441406,3087.80004882812,2173.41064453125,2086.93272447811
71029798,1380.5,2475.40014648438,1651.90197753906,1565.08059275336
71029800,1639.40002441406,2911.80004882812,2063.74829101562,2048.68178025484
71029803,1241,1595.40002441406,1373.34936523438,1367.36675259172
71029857,1380.20007324219,2959.5,1706.83374023438,1646.66151404758
71029863,1273.59997558594,1479,1337.48388671875,1329.23178984746
71029879,1236.90002441406,1358.90002441406,1287.68347167969,1287.0567677465
71029924,1468.40002441406,1872,1665.255859375,1665.55583643914
71029930,1309.09997558594,1443.20007324219,1354.59313964844,1343.61513963388
71029963,1471.90002441406,2681.40014648438,1930.96203613281,1878.41010844889
71029992,1536.90002441406,3077.10009765625,2073.30834960938,2053.31337597077
71030026,1789.09997558594,1868.09997558594,1809.32678222656,1801.16153658354
71030034,1854.30004882812,3089.90014648438,2257.123046875,2250.47920006268
71030035,1737.90002441406,2952.60009765625,2152.46533203125,2124.76756867749
71030057,1874.59997558594,1938.20007324219,1901.64672851562,1898.70001220703
71030071,1574.90002441406,2723.5,1970.07202148438,1888.48967096695
71030100,1412.09997558594,2955.80004882812,2038.39660644531,2040.3521603891
71030156,1275,1325.80004882812,1291.33422851562,1288.2229282924
71030177,1734.20007324219,2883.10009765625,2060.86108398438,1973.38750405791
71030189,1124.80004882812,1354.80004882812,1267.83959960938,1282.47104688703
71030191,1829.70007324219,1967.59997558594,1856.07397460938,1839.61229529748
71030202,1119.90002441406,1293.30004882812,1185.63256835938,1181.35113647191
71030231,1605.20007324219,2733.5,2029.00439453125,2039.07617688267
71030243,1639.09997558594,2269,1812.99682617188,1766.65411571341
71030265,1169.59997558594,1265.5,1188.21716308594,1180.85280467478
71030270,1795,3105,2220.19140625,2205.19687365254
71030287,1486.59997558594,2852.60009765625,2025.60815429688,1974.15106556749
71030292,1317.09997558594,1888.5,1515.36157226562,1503.41101575167
71030302,1641.59997558594,2767.90014648438,2098.53247070312,2116.50409267569
71030308,1390.59997558594,3130.5,1994.841796875,1995.21358151557
71030313,1198.80004882812,1293.70007324219,1249.98913574219,1247.92868126278
71030314,1133.59997558594,1356.59997558594,1261.89221191406,1262.54907287498
71030390,1894.40002441406,3204.30004882812,2190.22485351562,2072.42705473083
71030418,1637.70007324219,3004.30004882812,2218.73876953125,2241.74988174349
71030428,1283.80004882812,1685.59997558594,1400.28308105469,1372.91986957244
71030431,1300.09997558594,3073.40014648438,1961.94750976562,1943.73524029802
71030460,1329.59997558594,2310.90014648438,1691.78723144531,1686.82161303504
71030474,1457.90002441406,2978.80004882812,1982.19567871094,1945.8768948469
71030527,1633.5,3014.30004882812,2251.64038085938,2241.95284793702
71030563,1565.59997558594,2895.10009765625,2209.296875,2248.27783561997
71030588,1288.80004882812,1700.5,1424.21813964844,1421.57271368235
71030626,1302.5,2742.40014648438,1934.48950195312,1917.20353019747
71030660,1189.70007324219,1834.30004882812,1417.62121582031,1392.02918070476
71030690,1471.90002441406,2900.10009765625,2162.76440429688,2210.4819220421
71030703,1287.09997558594,1543.90002441406,1383.27661132812,1379.20888765776
71030716,1192.09997558594,1436.90002441406,1298.19580078125,1296.36076552011
71030717,1304.59997558594,2791.5,1974.51135253906,2044.53602061558
71030749,1087.30004882812,1274.40002441406,1189.248046875,1189.3129718415
71030774,1380.20007324219,2842,1954.20715332031,1898.35415063374
71030784,1735.40002441406,2880.40014648438,2190.63403320312,2181.75317321511
71030831,1207.30004882812,1717.40002441406,1426.34350585938,1387.11211598322
71030835,1233,2607.90014648438,1779.82641601562,1734.00436185907
71030838,1735.09997558594,3275.80004882812,2256.60888671875,2200.72854383028
71030896,1641.59997558594,2955.80004882812,2289.01611328125,2310.45042545922
71030906,1201.40002441406,1643.20007324219,1390.59094238281,1377.76409532702
71030944,1432.90002441406,2828.30004882812,2028.53344726562,2050.23391476019
71030950,1329.40002441406,2936.30004882812,1950.75830078125,1976.06962415646
71031068,1155.70007324219,1566.59997558594,1331.52478027344,1336.77754921201
71031077,1430.90002441406,2390.10009765625,1614.65344238281,1576.60837838685
71031094,1582.40002441406,2978.5,2223.4140625,2196.24379149061
71031120,1430.5,3122.40014648438,2056.42236328125,2041.53665527824
71031130,1222,1504.70007324219,1357.90161132812,1359.33111697602
71031155,1201.90002441406,1352.09997558594,1307.947265625,1308.53354253354
71031177,1470.59997558594,3148,1901.775390625,1887.16877865775
71031181,1154,1641.40002441406,1353.96643066406,1348.84292413725
71031215,1267.90002441406,1350.30004882812,1301.49621582031,1301.39898964272
71031267,1201.20007324219,1332.5,1281.84936523438,1280.92887263449
71031276,1205.09997558594,1300.70007324219,1260.92797851562,1261.86942931582
71031279,1349.90002441406,2197.19995117188,1592.45202636719,1579.52973301914
71031296,1568,2975.19995117188,2203.375,2212.94103442029
71031303,1266.5,1384.30004882812,1317.22229003906,1318.32529146594
71031359,1498.80004882812,3527.5,2279.955078125,2237.67894284864
71031397,1638.5,2975.19995117188,2180.71362304688,2138.05589964253
71031414,1133.70007324219,1368.09997558594,1254.17956542969,1248.63282086695
71031429,1848,3089.69995117188,2355.89111328125,2354.60915371601
71031431,1140.59997558594,1568.20007324219,1334.28991699219,1326.05615634821
71031478,1446.90002441406,2392.90014648438,1625.69982910156,1605.81251109968
71031489,1558.5,2764.40014648438,1859.64453125,1781.85033582772
71031502,1717.70007324219,3054.30004882812,2356.85180664062,2349.93499893333
71031503,1520.59997558594,3527.5,2314.30346679688,2257.40255130685
71031506,1416.70007324219,3082.10009765625,2249.58129882812,2255.65048737584
71031524,1273.30004882812,1656.5,1429.52258300781,1412.10728879787
71031528,1066.20007324219,1641.40002441406,1267.17785644531,1251.59253041001
71031529,1846.59997558594,3023.19995117188,2330.275390625,2314.16361177287
71031561,1831.5,3222.69995117188,2375.75805664062,2395.52477337299
71031569,1825,3034.90014648438,2269.6611328125,2250.04463515799
71031594,1557.90002441406,2916.10009765625,2072.50561523438,2079.60258363586
71031611,1279.20007324219,1688.30004882812,1477.5947265625,1477.65556043968
71031640,1133.59997558594,1284.20007324219,1218.80029296875,1217.5965832786
71031642,1716.09997558594,3125.80004882812,2346.85766601562,2353.15166710023
71031643,1536.09997558594,3424.19995117188,2289.58325195312,2248.97056243533
71031654,1514.80004882812,3051.19995117188,2210.85766601562,2274.39753872322
71031687,1768,3038.90014648438,2453.431640625,2528.79425305341
71031719,1831.90002441406,3222.69995117188,2375.38061523438,2377.12706325534
71031739,1279.20007324219,1900.09997558594,1512.77856445312,1505.25534470389
71031769,1735.40002441406,2918.60009765625,2231.13598632812,2208.13862896479
71031785,1506.59997558594,2386.60009765625,1709.03540039062,1681.06175378347
71031838,1764.70007324219,3112.69995117188,2369.0224609375,2362.92324565881
71031849,1805.90002441406,3007,2300.95068359375,2302.30265380923
71031850,1889.90002441406,3302.40014648438,2425.44653320312,2425.27483561718
71031855,1511.09997558594,2437.40014648438,1712.50134277344,1688.35825904797
71031856,1463.70007324219,2902,1828.71337890625,1756.34150069876
71031863,1323.5,1775.40002441406,1474.80395507812,1464.59651887435
71031870,1629.09997558594,2968,2099.09057617188,2076.6210241328
71031893,1554.09997558594,3123.69995117188,2115.14819335938,2102.15454339782
71031911,1629.09997558594,2749.10009765625,1952.90563964844,1941.10672956834
71031922,1885.09997558594,3063.5,2377.79809570312,2373.07222763644
71031931,1075.40002441406,1212,1136.7373046875,1132.99031217812
71031965,1147.90002441406,1378.70007324219,1286.87463378906,1281.1018985945
71031968,1801.5,3125.80004882812,2310.1865234375,2279.2381030713
71031975,1308.80004882812,1495.09997558594,1430.52783203125,1434.03554841205
71031986,1874.59997558594,3008.30004882812,2264.52709960938,2238.22510562794
71032024,1185.09997558594,1477,1342.93566894531,1338.6280029297
71032048,1322.59997558594,1699.30004882812,1430.19226074219,1426.67417556942
71032073,1952.59997558594,3302.40014648438,2341.48291015625,2282.62080915441
71032089,1123.80004882812,1284.70007324219,1215.52661132812,1218.12198681269
71032090,1550.09997558594,2776.40014648438,2050.00048828125,2025.65367088593
71032095,1058.30004882812,1250.90002441406,1150.54284667969,1147.22224320382
71032102,1795,3105.90014648438,2301.712890625,2273.80992527541
71032106,1952.59997558594,3150.10009765625,2551.55322265625,2611.00081545956
71032109,1163.5,1407.20007324219,1286.85974121094,1282.54794708927
71032117,1885.09997558594,2923.69995117188,2329.7841796875,2301.65488002775
71032185,1745.40002441406,3243.5,2341.05493164062,2395.88322349935
71032200,1053.09997558594,1133.20007324219,1089.17126464844,1088.06313338865
71032217,1789.09997558594,3294.40014648438,2360.5859375,2351.59111440353
71032233,1811.5,3089.90014648438,2387.96728515625,2392.26913490292
71032259,1429.5,1908,1670.74560546875,1670.7926179856
71032265,1316.20007324219,1537.30004882812,1384.33959960938,1371.50717433434
71032269,1854.30004882812,3150.10009765625,2438.2578125,2419.21247490753
71032287,1737.90002441406,2941.40014648438,2295.20458984375,2261.56526989982
71032292,1867.40002441406,3313.60009765625,2506.07543945312,2512.32785296247
71032377,1041.20007324219,1183.90002441406,1111.68859863281,1111.92880286059
71032379,1033.5,1102.70007324219,1069.05810546875,1068.67536949881
71032380,1589.20007324219,2812.10009765625,2024.13269042969,2015.02795963374
71032409,1871.09997558594,3313.60009765625,2392.701171875,2388.51424438774
71032422,1819.5,3101.19995117188,2376.79541015625,2375.15286050819
71032440,1822.09997558594,3081.80004882812,2310.70532226562,2298.91286583969
71032455,1470.20007324219,2284.19995117188,1740.064453125,1728.07575098787
71032479,1142.80004882812,1346.59997558594,1221.24340820312,1216.909154057
71032486,1075.40002441406,1238.40002441406,1183.05847167969,1186.06815733818
71032492,1175.30004882812,1435.40002441406,1291.15979003906,1279.83234804823
71032531,1265.09997558594,1638,1390.89953613281,1389.56881891076
71032535,1415.80004882812,1969.59997558594,1665.82446289062,1672.58801403467
71032574,1769.20007324219,3140.40014648438,2415.99145507812,2435.84922419348
71032580,1685.80004882812,3008.90014648438,2325.90698242188,2331.20019873414
71032602,1726.5,3011.60009765625,2355.48120117188,2361.12542194024
71032618,1280.59997558594,1469.30004882812,1389.86633300781,1386.06804455642
71032632,1279.70007324219,1978.30004882812,1481.56408691406,1449.20356768074
71032649,1015.20001220703,1153.59997558594,1092.3623046875,1091.37348315558
71032673,1112.09997558594,1315.30004882812,1175.29431152344,1167.77016058469
71032682,1330.80004882812,2484.10009765625,1624.78503417969,1603.84529627205
71032683,1606.09997558594,3008.90014648438,2245.00512695312,2234.10116383887
71032795,1170.40002441406,1466.80004882812,1299.09045410156,1271.17700078689
71032802,1562.80004882812,2992.80004882812,2186.19653320312,2176.05229152246
71032804,959.400024414062,1083.5,1031.16870117188,1030.61169567258
71032823,1119.90002441406,1277.80004882812,1176.44213867188,1164.48428587926
71032838,1554.80004882812,2544.19995117188,2035.56726074219,2049.7488945547
71032842,948.400024414062,1058.59997558594,1013.90399169922,1019.44366118581
71032859,1278.59997558594,1662.20007324219,1410.06884765625,1400.50006210629
71032896,1170.40002441406,1480.59997558594,1284.61560058594,1251.77981355189
71032903,975.299987792969,1187.59997558594,1079.33679199219,1080.67751959997
71032914,1276.09997558594,1533.70007324219,1397.53857421875,1393.54494941588
71032972,1170,1497.5,1262.45764160156,1244.97513039375
71032973,1331,2542.80004882812,1664.36791992188,1652.36236113139
71033026,1258.09997558594,1795,1418.01477050781,1403.51301712064
71033035,1050,1240.70007324219,1161.81848144531,1165.74184440345
71033120,1226.59997558594,2008.90002441406,1518.0458984375,1492.8264485503
71033126,954.700012207031,1058.59997558594,1020.03387451172,1025.45158181004
71033183,954.700012207031,1031.5,995.597229003906,994.914820206577
71033247,980.299987792969,1129.80004882812,1049.70788574219,1046.45553812752
71033313,942.600036621094,1030,979.706726074219,980.505112003548
71033318,929,1016.29998779297,971.372619628906,969.703613277576
71033334,1105.80004882812,1365.40002441406,1233.83251953125,1228.67071849711
71033362,1000.40002441406,1158.59997558594,1091.20263671875,1093.54214576074
71033367,929,1010.29998779297,965.799560546875,966.240827927899
71034975,1030.5,1163.40002441406,1091.88671875,1096.43288871803
71035002,1095.90002441406,1391.30004882812,1177.3623046875,1166.43321844793
71035044,1132.80004882812,1408.5,1221.57568359375,1216.03086954531
71035105,1175.80004882812,1512.09997558594,1303.45715332031,1304.86765162325
71035129,1248.30004882812,1561.5,1337.25561523438,1334.03298045192
71035166,1283.20007324219,1583.59997558594,1377.61401367188,1365.1836461377
71035238,1397.90002441406,2743.60009765625,1913.24890136719,1916.8378226371
71035289,1437,2935.90014648438,1684.833984375,1560.0075240502
71035337,1477.20007324219,2940.10009765625,1798.9306640625,1655.56188387784
71035349,1140.59997558594,1277.70007324219,1189.88330078125,1187.08996903782
71035360,1523.30004882812,2171.80004882812,1661.74304199219,1591.52925710478
71035362,1335.80004882812,2198.90014648438,1570.43249511719,1511.10315524869
71035480,1454.30004882812,2733.19995117188,1826.10046386719,1759.14935420024
71035677,1498.90002441406,2761.80004882812,1840.15771484375,1815.75380827539
71035692,1535.09997558594,3040.30004882812,1979.58923339844,1920.46852941234
71035771,1612.5,2974.30004882812,2056.82934570312,2064.40525447103
71035810,1162.90002441406,1496.40002441406,1289.54455566406,1284.73203525254
71035831,1695.70007324219,1719,1698.15002441406,1695.86846585561
71035895,1588.90002441406,2767.90014648438,1989.59729003906,1957.55665698734
71035930,1163.70007324219,1456.59997558594,1249.98486328125,1240.25031711281
71035946,1667.20007324219,2683.60009765625,1863.81958007812,1727.07785225476
71035979,1695.80004882812,2854.10009765625,1934.14282226562,1844.48833638476
71036085,1287.70007324219,1609.59997558594,1423.18188476562,1417.53637665899
71036096,1696.40002441406,2682.69995117188,1827.92370605469,1767.20021480395
71036098,1455.20007324219,2486.10009765625,1796.92858886719,1764.23941406251
71036132,1649.30004882812,1971.20007324219,1770.35192871094,1755.1564891525
71036170,1665.30004882812,2813.69995117188,2059.23583984375,2053.63796811641
71036194,1228.09997558594,1472.5,1304.09802246094,1289.5866055974
71036211,1667.40002441406,3110.69995117188,2025.33605957031,1981.94850531497
71036250,1498.90002441406,1906.59997558594,1641.47680664062,1619.25709496476
71036324,1705.5,2743.40014648438,2006.3828125,1951.70600085767
71036389,1704.70007324219,2922.19995117188,2156.33056640625,2156.80424408361
71036422,1323.20007324219,1670.59997558594,1436.3017578125,1429.70568411692
71036466,1660.09997558594,2386.40014648438,1914.75219726562,1900.43260283329
71037058,1658.09997558594,2525.40014648438,2047.58422851562,2048.0509240859
71037075,1739.20007324219,2827.60009765625,2037.26818847656,2020.00960410789
71037191,1737,2856.69995117188,2061.3447265625,2026.02571863897
71037229,1253.80004882812,1742.70007324219,1412.36254882812,1400.51058407411
71037254,1650.30004882812,2507,2045.75805664062,2025.73010893457
71037321,1308.20007324219,2507,1676.70764160156,1620.24244969302
71037334,1557,2965.80004882812,1917.17199707031,1894.69589954506
71037400,1253.80004882812,1817.90002441406,1430.82836914062,1399.93888761284
71037433,1557,2965.80004882812,2045.04248046875,1947.67426777236
71037546,1227.20007324219,1481.09997558594,1312.17041015625,1302.32660484315
71037612,1308.20007324219,1653.70007324219,1405.78796386719,1380.71656033852
71037682,1588.5,2859.19995117188,1966.6044921875,1905.26944475401
71037762,1660.90002441406,2816.90014648438,2064.75537109375,2029.12080886553
71037815,1175.80004882812,1599.70007324219,1351.95751953125,1345.84879815503
71037856,1335.80004882812,2759.5,1862.3818359375,1842.96717924772
71037879,1407.70007324219,2149.30004882812,1646.17236328125,1591.37258723668
71037949,1323.20007324219,1911.70007324219,1517.96142578125,1508.20308512501
71037968,1097.90002441406,1380.09997558594,1189.88488769531,1177.98580906963
71037977,1745.59997558594,3111.80004882812,2234.63500976562,2211.50372603568
71037990,1409.70007324219,2399.40014648438,1701.91650390625,1648.14395715112
71038014,1745.59997558594,3100.60009765625,2211.35498046875,2179.60346943275
71038064,1250,1689.90002441406,1420.17260742188,1401.8685013489
71038127,1698,3399,2482.4521484375,2523.77763965548
71038233,1667.40002441406,2939.30004882812,2033.47912597656,1954.40841475604
71038278,1609.5,3000.80004882812,2135.18139648438,2134.10362607577
71038383,1698,3173.5,2323.51611328125,2338.91742801394
71038637,1755.70007324219,3372.80004882812,2173.69262695312,2137.3784055741
71038722,1667.20007324219,3286.40014648438,2224.55297851562,2200.20823934994
71038826,1755.70007324219,2953,2232.68676757812,2252.10204285464
71038844,1695.70007324219,3120.30004882812,2200.19848632812,2162.47515870565
71038890,1538.30004882812,2948.40014648438,2142.06884765625,2137.30478980675
71038901,1476.59997558594,3025.69995117188,2184.2861328125,2202.98796668919
71038946,1523.30004882812,3117.19995117188,2200.40771484375,2181.42815132963
71038961,1767.09997558594,3604.40014648438,2248.50927734375,2213.87313672533
71039048,1696.40002441406,2961.60009765625,2255.6630859375,2248.97314141675
71039109,1768.90002441406,3005,2300.85888671875,2301.15115681049
71039121,1437,3117.19995117188,2161.26342773438,2181.50331302478
71039250,1395,2539.40014648438,1912.74743652344,1912.55263272008
71039266,1695.70007324219,3117.19995117188,2121.2294921875,2102.45339098375
